:020000040000FA
:200000006023FE1F2D2A000015290000292A0000292A0000292A0000292A0000292A00000C
:20002000000000000000000000000000292A0000292A000000000000292A0000292A000074
:20004000FFFFFFFFFFFFFFFFFFFFFFFFFFFFFFFFFFFFFFFFFFFFFFFFFFFFFFFFFFFFFFFFC0
:20006000FFFFFFFFFFFFFFFFFFFFFFFFFFFFFFFFFFFFFFFFFFFFFFFFFFFFFFFFFFFFFFFFA0
:20008000FFFFFFFFFFFFFFFFFFFFFFFFFFFFFFFFFFFFFFFFFFFFFFFFFFFFFFFFFFFFFFFF80
:2000A000FFFFFFFFFFFFFFFFFFFFFFFFFFFFFFFFFFFFFFFFFFFFFFFFFFFFFFFFFFFFFFFF60
:2000C000FFFFFFFFFFFFFFFFFFFFFFFFFFFFFFFFFFFFFFFFFFFFFFFFFFFFFFFFFFFFFFFF40
:2000E000FFFFFFFFFFFFFFFFFFFFFFFFFFFFFFFFFFFFFFFFFFFFFFFFFFFFFFFFFFFFFFFF20
:20010000FFFFFFFFFFFFFFFFFFFFFFFFFFFFFFFFFFFFFFFFFFFFFFFFFFFFFFFFFFFFFFFFFF
:20012000FFFFFFFFFFFFFFFFFFFFFFFFFFFFFFFFFFFFFFFFFFFFFFFFFFFFFFFFFFFFFFFFDF
:20014000FFFFFFFFFFFFFFFFFFFFFFFFFFFFFFFFFFFFFFFFFFFFFFFFFFFFFFFFFFFFFFFFBF
:20016000FFFFFFFFFFFFFFFFFFFFFFFFFFFFFFFFFFFFFFFFFFFFFFFFFFFFFFFFFFFFFFFF9F
:20018000FFFFFFFFFFFFFFFFFFFFFFFFFFFFFFFFFFFFFFFFFFFFFFFFFFFFFFFFFFFFFFFF7F
:2001A000FFFFFFFFFFFFFFFFFFFFFFFFFFFFFFFFFFFFFFFFFFFFFFFFFFFFFFFFFFFFFFFF5F
:2001C000FFFFFFFFFFFFFFFFFFFFFFFFFFFFFFFFFFFFFFFFFFFFFFFFFFFFFFFFFFFFFFFF3F
:2001E000FFFFFFFFFFFFFFFFFFFFFFFFFFFFFFFFFFFFFFFFFFFFFFFFFFFFFFFFFFFFFFFF1F
:20020000FFFFFFFFFFFFFFFFFFFFFFFFFFFFFFFFFFFFFFFFFFFFFFFFFFFFFFFFFFFFFFFFFE
:20022000FFFFFFFFFFFFFFFFFFFFFFFFFFFFFFFFFFFFFFFFFFFFFFFFFFFFFFFFFFFFFFFFDE
:20024000FFFFFFFFFFFFFFFFFFFFFFFFFFFFFFFFFFFFFFFFFFFFFFFFFFFFFFFFFFFFFFFFBE
:20026000FFFFFFFFFFFFFFFFFFFFFFFFFFFFFFFFFFFFFFFFFFFFFFFFFFFFFFFFFFFFFFFF9E
:20028000FFFFFFFFFFFFFFFFFFFFFFFFFFFFFFFFFFFFFFFFFFFFFFFFFFFFFFFFFFFFFFFF7E
:2002A000FFFFFFFFFFFFFFFFFFFFFFFFFFFFFFFFFFFFFFFFFFFFFFFFFFFFFFFFFFFFFFFF5E
:2002C000FFFFFFFFFFFFFFFFFFFFFFFFFFFFFFFFFFFFFFFFFFFFFFFFFFFFFFFFFFFFFFFF3E
:2002E000FFFFFFFFFFFFFFFFFFFFFFFFFFFFFFFFFFFFFFFFFFFFFFFFFFFFFFFFFFFFFFFF1E
:20030000FFFFFFFFFFFFFFFFFFFFFFFFFFFFFFFFFFFFFFFFFFFFFFFFFFFFFFFFFFFFFFFFFD
:20032000FFFFFFFFFFFFFFFFFFFFFFFFFFFFFFFFFFFFFFFFFFFFFFFFFFFFFFFFFFFFFFFFDD
:20034000FFFFFFFFFFFFFFFFFFFFFFFFFFFFFFFFFFFFFFFFFFFFFFFFFFFFFFFFFFFFFFFFBD
:20036000FFFFFFFFFFFFFFFFFFFFFFFFFFFFFFFFFFFFFFFFFFFFFFFFFFFFFFFFFFFFFFFF9D
:20038000FFFFFFFFFFFFFFFFFFFFFFFFFFFFFFFFFFFFFFFFFFFFFFFFFFFFFFFFFFFFFFFF7D
:2003A000FFFFFFFFFFFFFFFFFFFFFFFFFFFFFFFFFFFFFFFFFFFFFFFFFFFFFFFFFFFFFFFF5D
:2003C000FFFFFFFFFFFFFFFFFFFFFFFFFFFFFFFFFFFFFFFFFFFFFFFFFFFFFFFFFFFFFFFF3D
:2003E000FFFFFFFFFFFFFFFFFFFFFFFFFFFFFFFFFFFFFFFFFFFFFFFFFFFFFFFFFFFFFFFF1D
:20040000FFFFFFFFFFFDFFFFFCFFFFFFFFFFFFFFFCFFFFFFFFFFFFFFFCFFFF00FFFFFF0005
:20042000FCFF0F20FFFF0F20FCFF7F40FFFF7F40FCFF0D40FFFF0D40FFFFFFFF0348044BC5
:20044000834202D0034B03B118477047F006FE1FF006FE1F000000000548064B1B1AD90F0C
:2004600001EBA301491002D0034B03B118477047F006FE1FF006FE1F0000000010B5064C6C
:20048000237843B9FFF7DAFF044B13B10448AFF300800123237010BD0807FE1F00000000C5
:2004A000102E000008B5054B1BB105490548AFF30080BDE80840FFF7CFBF00BF0000000038
:2004C0000C07FE1F102E000000B585B0002368468DF8003000F068FD48B901A800F044FC0F
:2004E00058B901A800F086FF05B05DF804FB064B064A0748142102F0DDF9064B034A0448ED
:20050000282102F0D7F900BFB82B0000042C0000DC2B0000F02B0000FFF7D6BF704700BFDB
:2005200008B5FFF7F9FF002008BD00BF02F0E2BA00F000B88068903820F07F00A0F5807072
:20054000704700BF38B583680C46A3F1900121F07F0101232246054600F0A2FE00280BDBD0
:2005600064B1284600F028FF2378834208BF032305D12370002038BD012038BD2378012B39
:2005800018BF0223F5E700BF30B5836887B00D4602AAA3F110011023044600F081FE002805
:2005A0004FDB204600F008FF02AB06A901E08B424AD013F8012B9042F9D02D4B029A9A42CE
:2005C00044D002232B70A168903921F07F0101230DF10702A1F58071204600F061FE002855
:2005E0002FDB9DF8073003F00F021B092B7120466A7000F0E1FE9DF80730834234D1012299
:2006000000236A702B71A268903A22F07F010123AA1C8039204600F043FE002811DB204627
:2006200000F0CAFEAB78984208BF032302D0012B18BF0223AB70E91C2046FFF783FF07B069
:2006400030BD012007B030BD0323BBE7094B039A9A42B6D1084B049A9A42B2D1074B059A8B
:200660009A42AED10123ADE76B78042BCBD9C6E780002DE15D29410B8D77679C110F1F8AD4
:2006800030B587B004A9012000F0D2FD10B1FF2007B030BD049802A9FFF776FF0446049895
:2006A00000F0FCFD002CF2D101A9022000F0C0FD002846D003208DF813009DF80840284BA0
:2006C0009DF80BE0B4F1010C18BF4FF0010C03F112011A78042A06D0052A18D0121BB2FA38
:2006E00082F252096AB15A78042A05D0052A23D1421E18BF012222B19A78042A09D072451B
:2007000007D006338B42E4D1012007B030BD6246E8E7DA78042A03D09DF813509542F0D128
:200720001A79042A03D09DF80A509542E9D15879831E022BACD9AAE7121AB2FA82F2520949
:20074000D9E704A90198FFF71FFF0446019800F0A5FD012CAED0002C99D19DF81000ACE791
:20076000342C00002DE9F04FDFF850B1B1B014A83C9F3A9C3B9EDDF8F8901D46DBF8003082
:200780000293904600F01AFC002114A800F01AFC17B13D9B002B69DCB8F80A20B8F8083033
:2007A0001344D8F80C2013EB020A23D00027CDF80C8003E000F066FCBA4519D9AAEB0703AC
:2007C000B34228BF334639462246284698461F4400F066FD84464246214614A8BCF1000FAA
:2007E000E8D0DBF800300293029831B0BDE8F08FDDF80C800CA914A800F094FCB9F1000FFF
:2008000012D00CAC0FCCC9F80000C9F80410C9F80820C9F80C300FCCC9F81000C9F8141056
:20082000C9F81820C9F81C300023009341464FF6FF732A4606A800F00BFB04460028D0D197
:2008400028460B9EFFF774FE864205D9C9E713D1BDF81230102B15D00DF1120304AA05A959
:2008600006A800F041FB0028F1DABAE739461A4614A800F007FC8FE7002CB2D0029831B0DD
:20088000BDE8F08FBDF81040202CAAD10599234614AA284600F004FD0028A2D1224614A984
:2008A0000CA8FFF743FE0290034B1B6883424FF00104D1D095E700BF6807FE1FD406FE1F82
:2008C000F0B5074683B000200E4600F06BFD01A9C0B200F0ADFC98B90546019800F06CFDE4
:2008E0000446019800F0DAFC2C2303FB06714B1E033101E08B4205D013F8012FA242F9D083
:200900004FF0FF35284603B0F0BD00BF30B5042583B0426A019504460DEB0501012000F0FB
:2009200025FD98B9019B226DA3620DEB05010220019500F01BFD054660B9019B206A636504
:2009400000F00CFDE065284603B030BD0125284603B030BD0925284603B030BD2DE9F84F7E
:20096000DDE90AB626B3144F884691469A46002404E000F09FFCC0B9A64219D9351BB5F550
:20098000806F28BF4FF4806504EB0A012B463A46404600F085FC844604EB0B012B463A46C1
:2009A00048462C44BCF1000FE3D00120BDE8F88F0020BDE8F88F00BFAC08FE1F2DE9F04754
:2009C0000446AB4AAB4B4262884600218CB00846236500F0E7FC04F12001C0B200F028FCCE
:2009E000002840F09281012100F0DCFC04F14C01C0B200F01DFC002840F087812046FFF729
:200A000085FF20B10123984284F8583016D0002322461946204600F0B5F9054658B904F15A
:200A20002C0903464A460121204600F0ABF9204600F0C6F978BB012384F8583001220023D6
:200A40008DF8272007938C4B22689A420BD08B4B1D68E06C00F022FC206A00F01FFC284660
:200A60000CB0BDE8F087079B01330793079B012B00D0FEE70023CDE90833CDE90A33226A18
:200A80007F49537888F8043053680D68C8F80830C8F80040DDE77B4B099301272846CDE975
:200AA0000A550897FFF7ECFD831E022B064640F28A80C3B2042B84F858308DF8273078D82F
:200AC000012B6BD906A9012000F0B2FB002840F0238107A9022000F0ABFB0646002840F031
:200AE0002281A76A002F00F0FB800546636A069803EBC5033146D3F804A0524600F0F6FBDD
:200B0000002840F0FB800135AF425644EED10023CDE90036DDE906212046FFF71FFF0028E4
:200B20004AD1236D01465A68079800F0DFFB002840F00781D4E91432013A196853F832007C
:200B400003EBC203411A5A68079800F0CFFB0546002840F0EF80069800F0A0FB079800F0A2
:200B60009DFB94F85830FF2B1CD0012B07953FF46AAF08AB22460021204600F003F90028E9
:200B80007FF465AF08AB4A460121204600F0FAF8394B22689A423FF466AF58E72BD0FF2393
:200BA00084F85830384B394A394840F65A0101F081FE052BF3D17AE0364B374A344840F2AB
:200BC0000C6101F077FE2D4B284639461D6800F0E9FB07A9C0B200F02BFB78B1284F3B6809
:200BE000AB4267D02D4B1B68AB425BD1012384F858308DF827300023079324E7394620460C
:200C0000FFF75EFE002866D0E36BDB0663D494F84020237D9A420BD852D394F84120637D81
:200C20009A4205D84CD3B4F84220E38A9A4247D31B4B009300214FF480730193CDE90311BD
:200C4000079B02914A460846FFF78CFD05460A4BE26A07989A4245D08268094F002100F033
:200C600045FB0E4B07981D6800F018FBB7E700BF8C08FE1F6C08FE1F3DB8F396D406FE1FA0
:200C80006807FE1F01010001842C0000AC2C0000502C0000482C0000982C0000D006FE1F96
:200CA0006C07FE1F052384F858308DF82730002307935EE7F3B284F858308DF8273001E72D
:200CC00000212046FFF7FCFD0028B1D007980021826800F00BFB1E4B07981D681D4FC3E7B2
:200CE0003E4614E7A16BA38E82681A4F5B18B5D29342B3D23B68AB42B6D0AFE7164B174A23
:200D0000174840F2554101F0D5FD134B154A144840F2F17101F0CEFD0F4B104A104840F242
:200D20004B4101F0C7FD0C4B0C4A0D4840F24F4101F0C0FD084B094A094840F2B24101F0F3
:200D4000B9FD054B054A064840F2AA4101F0B2FDD006FE1F6807FE1F482C0000882C00008C
:200D6000502C0000AC2C0000054B10B5602204460021184601F0CEFE2146FFF71FFE10BDBB
:200D8000AC0CFE1F10B5002082B0144600F00AFB01A9C0B200F04CFA10B1012002B010BD65
:200DA000224601462023019800F07AFA0446019800F074FA201E18BF012002B010BD00BF8F
:200DC000F0B5866A042E2CD8476D042F29D84FF0000E72467346F4467146B34201D3BA42EC
:200DE0002ED2614510D01ED2446A04EBC304BEF1020F646803F10103214412D0B3424FF01A
:200E0000010EECD26145EED1456A046D05EBC30504EBC2046D6864682944A44401330132B6
:200E2000DBE70020F0BD046D04EBC204BEF1010F646802F10102A444F3D04FF0020ECCE7CF
:200E4000B342EED1D01BB0FA80F04009F0BD00BF2DE9F04782B09DF828A0002840D00D46BD
:200E600000293DD01746002A3AD00E899946CB681E44042304460DEB03023146384600F04D
:200E80000FFA804660BBBDF804306A8946F608118B4217D022BB46F60712934220D16B8997
:200EA000BDF80620676033441A440436C4E90462A4F80890256084F80AA0E360404602B014
:200EC000BDE8F087BDF80610914209D101AA31440423384600F0E4F910B9BDF80430DAE779
:200EE0004FF0FF38EAE700BF002859D02DE9F0431F46036883B00446002B39D04068002801
:200F000036D09046D4E90452AA4245D989464FF6FF761EE0042321690DEB030200F0C0F9FA
:200F200030BBA37A226913B1E368934234D92389BDF80610B34201F104051ED0BDF804C05F
:200F40009C451AD0636915449D42256124D2D4E900305B89002BDDD0E368AB42DAD1291D74
:200F6000042321610DEB030200F09AF90028D8D04FF0FF3003B0BDE8F08317B1BDF804308E
:200F80003B800432C9F800202369A8F800102B44236103B0BDE8F083012003B0BDE8F08399
:200FA0004FF0FF30704700BF08B501F0F9F9002814BF6FF06F00002008BD00BF702200218D
:200FC00001F0A8BD01293BD810B41F4C1F4A0029034618BF22461E4C1E489A601E4A996604
:200FE00018BF22461D4C1E491A6108BF01461D48D9601D491D4A18BF2146A4F1215418BFCF
:201000000246A4F56D341A485961A4F28F2419499A6118BF0146184A196218BF2246174CEF
:20102000DA614FF001014FF00000154A83F86C1018BF224618605DF8044B58605A62704719
:201040006FF07300704700BFC1059ED86A09E6673070DD17BB67AE853C6EF372F70E5939BD
:20106000367CD507FFC00B31A54FF53A510E527F64F98FA71F83D9AB9B05688CBEFA4FA49C
:201080005BE0CD19002A4AD02DE9F843036803F03F079B1803604FF0020305460E461446A3
:2010A00080F86C3002D34368013343606FB1C7F1400844451BD205F12800224631463844B6
:2010C00001F030FD0020BDE8F8833F2CF3D924F03F073A463146284600F074F80028F2D175
:2010E00004F03F043E44002CECD00027E3E705F128094246314609EB070001F013FD4946AD
:201100004022284600F05EF80028DCD12744A7F140043F2C4644DAD8002CD3D0E5E700203B
:20112000704700BF026802F03F028318013270B5382A0D4600F128064FF08001044683F850
:20114000281006EB02002AD8C2F13802002101F0E1FCD4E900305A0FDB0042EAC0021BBA92
:2011600012BA636603232266314684F86C304022204600F027F888B9A3682B60E3686B60D9
:201180002369AB606369EB60A3692B61E3696B61236AAB61A36E0BB9636AEB6170BDC2F18A
:2011A0004002002101F0B6FC40223146204600F009F80028F2D101463822304601F0AAFC60
:2011C000C7E700BFF0B591B008AC1546064620220F462046002101F09DFCEB1C02219B08EC
:2011E00004910021029103930194CDE9063106F1080596F86C3005933A46009506AB05A954
:2012000004A801F0E9F880B9A4460446BCE80F00B060F16032617361BCE80F00B061F16152
:2012200032627362204611B0F0BD6FF06F04F9E770B5124D2B7804460E465BB1012C13D0DE
:20124000022C15D0002131600D4B0E4A0E48D42101F030FB0D4A0E4B1168186801F07EF9A1
:2012600040B901232B70E9E70A4B3360002070BD094BFAE74FF0FF3070BD00BF0C0DFE1FEC
:20128000BC2C0000202D0000CC2C0000182C00001C2C0000302D00003C2D0000704700BF59
:2012A00010B50446104664681A46214401F03AFC002010BD38B54568EFF310844FF0010EC6
:2012C0008EF3108840787F2803D0002084F3108838BD05488C460068114605EB0C0201F0D2
:2012E000B1F984F3108838BD1C2C000090F801C04368BCF17F0F01D00620704710B5104600
:20130000194472B1B1F5803F4FF0000334BF4FF4005C4FF4004C1A466344984202F10102AE
:20132000FAD8EFF31084012383F31088074B186801F09EF984F3108800B910BD044B054AA6
:20134000054840F2BD1101F0B5FA00BF1C2C0000F82C00000C2D0000CC2C00004078A0F1FB
:201360007F00B0FA80F04009C00170470138012802D900235B78FFDE10B44FF480341461D3
:201380004FF4C0344FF40043002094610424106053609360D3605361D3610C605DF8044B12
:2013A000704700BF29B101290CBF02204FF0FF3070470120704700BFFF20704710B5074C1C
:2013C00023780BB9002010BD054B186801F00EF808B92070F6E74FF0FF3010BD0C0DFE1F5B
:2013E0001C2C000081F30888BFF34F8FBFF36F8F004700BF02688368128970B5D418D6582C
:201400006568FFF7DBFF054A054B94600022314628469A80BDE87040FFF7E4BF00ED00E0C0
:20142000000D004010B5074C0749C4F8381100224FF08053C4F8F020636100F0D5FFC4F8AE
:201440000C0110BD00000C406A8097F5054B0648C3F8380100214FF00112C3F8F010C3F875
:201460000C21704700000C406A8097F538B50C4C0546FFF7EBFF0123A362284600F0B4FF1C
:20148000002343F2080143F21802E06361616261C4F8D031C4F8D0312368002BFCDB38BDD8
:2014A00000000C4038B50D4C0546FFF7CFFF0123C4F88030284600F097FF002343F20801A6
:2014C00043F21802C4F88C0061616261C4F8D031C4F8D0312368002BFCDB38BD00000C40A8
:2014E00038B50D4600F080FF054C6061284600F07BFF00236061C4F8D031C4F8D03138BD00
:2015000000000C402DE9F041124D1E46124BC5F8C43088461746D5F80441002CFBDA00F039
:2015200063FFC5F80001404600F05EFFC5F80001384600F059FFC5F80001304600F054FFBD
:20154000044AC5F80001D2F8C830DB03FBD4BDE8F08100BF00000C408D3A0F002DE9F041D2
:20156000124D1E46124BC5F8C43088461746D5F80441002CFBDA00F037FFC5F800014046F2
:2015800000F032FFC5F80001384600F02DFFC5F80001304600F028FF044AC5F80001D2F8B1
:2015A000C8309B03FBD4BDE8F08100BF00000C408D3A0E002DE9F0410F4D1E460F4BC5F8B2
:2015C000C43088461746D5F80441002CFBDA00F00BFFC5F80001404600F006FFC5F80001E8
:2015E000384600F001FFC5F80001304600F0FCFEC5F80001BDE8F08100000C408D3A0D006B
:2016000038B52B4C2B4B40F25222C4F80421C4F8C430D4F80431002BFBDA002000F0E4FEC6
:20162000234D254BC4F80001C4F8C430D5F80431002BFBDA002000F0D7FE1D4C1E4BC5F8E7
:201640000001C5F8C430D4F80431002BFBDA002000F0CAFE1949164AC4F8000142F2132316
:20166000C4F8C410236013689901FCD4144B104C4FF4C0505221D061C2F80411C2F8C43043
:20168000D4F80431002BFBDA002000F0ADFE0D49074AC4F8000142F21323C4F8C4102360AD
:2016A00013689B01FCD44FF4C053D36138BD00BF00000C4074370001F437000105080600CE
:2016C0004436070105080B00054B0022C3F83821C3F8D021C3F8D021C3F8D021704700BF70
:2016E00000000C402DE9F0475E4C00F065FC5E48C4F838010021012340F20172C4F8F01015
:201700006360C4F80C21D4F8BC7117F01F0740F0A480C4F88030A362E367636E1905C3F343
:20172000C026FAD40822514B6266C4F884304FF47063C4F83C3140F2523948F20403C4F8FE
:2017400088304B48C4F8049100F04EFE0546494800F04AFE8046484800F046FE82464748BC
:2017600000F042FE5246034641462846FFF7F6FE3C4D434BC4F88860C4F80491C4F8C430BD
:20178000D5F80431002BFBDA3E493F4BC5F800113E4AC5F800313E4BC5F800213D48C5F849
:2017A000003100F021FE04463B4800F01DFE06463A4800F019FE8046394800F015FE42466A
:2017C000034631462046FFF7C9FE364800F00CFE0446354800F008FE0646344800F004FE37
:2017E0008046334800F000FE4246034631462046FFF788FE41F2010200236A60C5F8D031AF
:20180000AB699A0406D42B4F2023C5F8BC313846BDE8F08740F20123C5F83C31264800F05D
:20182000E3FD0446254800F0DFFD0646244800F0DBFD8046234800F0D7FD42460346314688
:201840002046FFF7B7FE4023064AC5F8BC319369DB04FCD43846BDE8F0874FF00117384600
:20186000BDE8F08700000C406A8097F501010100A0C59B7193A8EF07CA9A5A9D3B930FD8D5
:201880000D3A0F00631780F5D14A0FE5EC31943EE35DB5CF167D8ED83BF69DAB9C85DBCD06
:2018A000939B2BB01B910579AF38C951EF1EC013E35F8708020001002CB55B803A3E3B339E
:2018C000ADFE00617AA85DAE70B5B34DD5F8BC6116F01F0640F02C82B04B40F201215222F4
:2018E000C5F88410C5F80861C5F80421C5F8C430D5F80431002BFBDAA948A74C00F074FD97
:20190000A84BC5F800015222C5F80421C5F8C430D4F80431002BFBDA002000F065FDA24BAF
:20192000C4F800010321C4F8EC30A04AC4F8EC1040F621038021C4F8EC209D48C4F8EC30CC
:201940009C4A9D4BC4F8EC109C49FFF7DBFD002347F601414FF4C002C4F8EC10E261C4F8F0
:20196000D031E369B3F1807F80F0BA818A494B6E1805FCD40823884A4B66536E1905FCD4F6
:2019800042F20803844953664B6E1A05FCD449F21C0048668A4B8B4A8B498C48FFF7DEFDB2
:2019A0007D4C00F081FC8A4A8A4842F62041C4F8EC10C4F8EC204FF40052C4F8EC20802332
:2019C0004FF41812C4F8E030E26102F5D112E261814AC4F8EC2000254FF42602C4F8EC5053
:2019E0007E49C4F8E0307E4BE2617E4AFFF78AFD4FF48003E361C4F8D051E3695B0200F182
:201A0000BB81636E1805FCD4774B634D1C2152226166C4F80421C4F8C430D5F80431002B24
:201A2000FBDA002000F0E0FC704AC5F8000148F21323C5F8E020584A2B6013689901FCD42E
:201A40006B494FF4C050D06142F21343C2F8C410514913600B689A01FCD44FF4C0534E4A5D
:201A6000CB61536EC3F3C0211B05FAD461484A4C516648F21323C2F8E000136023689D0158
:201A8000FCD44FF4C0515C4B5C4AE1615C485D49414DFFF737FD5C4B5222C4F80421C4F8D9
:201AA000C430D5F80431002BFBDA002000F09CFC394C564BC5F8000140F25232C5F804210C
:201AC000C5F8C430D4F80431002BFBDA002000F08BFCC4F80001002000F086FCC4F80001B1
:201AE000002000F081FCC4F80001012000F07CFC474B484A4849C4F800014848FFF702FD1C
:201B00004749484A4FF48073C4F8D030C4F8C41042F623032049C4F8E02023600B689C010B
:201B2000FCD4414A4FF4C050C86142F21323C1F8C420194A0B6013689801FCD43349164D36
:201B40004FF4C05042F21323D061C2F8C41013602B689901FCD44FF4C051344B344A3548CB
:201B6000E96135490C4CFFF7CDFCFFF749FD334B334A34493448FFF7C5FC344B5222C5F8EF
:201B80000421C5F8C430D4F80431002BFBDA002000F02AFC2E4B5DE000000C408C3B090066
:201BA00056BAC7260408070020A80030200001003DA22FD17019C4F275BAFA2C6AF6386D84
:201BC000B4CC975C852AC6A39D56552865FA15E240880038BA8CC26C60880038EE861FFB92
:201BE000E682D6CB68AFCB82C40C000100000480DD1E00418000048070E35E68A4C48A05D3
:201C0000060943AE49D0979004080B00050807002A5B50AD663B76499E23A4B4B9120D2A5C
:201C2000F7B700010000088105080B0032FE82A6050E30A71E8CD92FEBD3218C1525017A40
:201C40005DB92BDCE059DABAF17857CE040C0D0122D3869A4F4A5049C4F800014F48504DB6
:201C6000FFF750FCFFF7CCFC4E4B4F4A4F495048FFF748FC4F4B5222C4F80421C4F8C43029
:201C8000D5F80431002BFBDA002000F0ADFB444CC5F8000140F213236B6063685A00FCD513
:201CA000454AD4F800111164D4F800115164D4F800119164D4F80011404840F20223C4F867
:201CC0003C31D1643E4B3F4A3F49FFF773FC4023334AC4F8BC319369DB04FCD4304670BD8C
:201CE000E36903F07F43B3F1807F25D0E36903F07F43B3F1007F7FF453AE29494B6E18056B
:201D0000FCD40823264A4B66536E1905FCD442F20803234953664B6E1A05FCD449F21D0094
:201D200048662A4B2A4A2B492B48FFF717FC37E64FF00116304670BD19494B6E1B05FCD4FB
:201D40000823174A4B66536E1D05FCD442F20803134953664B6E1C05FCD449F21E0048668E
:201D600000F1C04000F53B101C4B1D4A1D4900F65D50FFF7F3FB13E61B4B1C4A1C491D48E8
:201D8000FFF718FC4023C4F8BC31A369DD04FCD4194EA3E7831A1C9501AFF2F79AF4C16EDB
:201DA00000000C406B8600B8BA47A1B2D3202FEF9D75423A840C0001100DFE1F4F97B14396
:201DC000AD520188AA64D9BB88D775EDC775F409F0408A34C76F3B3DA0D6F2DE416DE981E5
:201DE000C2FE47D4FB3BDB0F034C728A3C828FCAC1EF66DF84694479040001002DE9F84391
:201E0000634CD4F8BC6116F01F0640F0BC801D4647F20123C4F8843080465E4B5E48C4F892
:201E20000861894617465D495D4AFFF76BFB1123E36740F26473C4F8043104236367D4F82F
:201E40000431002BFBDAD8F80030C4F80031D8F80430C4F80031D8F80830C4F80031D8F8AA
:201E60000C30C4F80031D8F81030C4F80031D8F81430C4F80031D8F81830C4F80031D8F866
:201E80001C30C4F80031B422464BC4F804216367002F3BD03E4849460024D0F80431002B5C
:201EA000FBDA0B68C0F800314B68C0F800318B68C0F80031CB68C0F800310B69C0F8003100
:201EC0004B69C0F800318B69C0F80031CB69C0F800310B6AC0F800314B6AC0F800318B6A7A
:201EE000C0F80031CB6AC0F800310B6BC0F800314B6BC0F800318B6BC0F800311034CB6B84
:201F0000C0F80031A74201F14001C6D8204B5A6F5003C2F38041FAD44FF4B05259671C4CE6
:201F2000C3F80411DA61082140F2225259675A6063685A00FCD5D4F800312B60D4F80031D2
:201F40006B60D4F80031AB60D4F80031EB60D4F800312B61D4F800316B61D4F80031AB610B
:201F6000D4F80021104BEA611049114A1148FFF721FB4023064AC4F8BC319369DB04FCD4A8
:201F80003046BDE8F8834FF001163046BDE8F88300000C40243031D33FB39E88E36F8ABC6B
:201FA0009860463B0200000857AB448768FC59FB52700AB4CE2A18CF2DE9F041A44CA54995
:201FC000A54AC4F838114FF00110C4F80C0101212261A24BE16748F20702A26743F2080091
:201FE000C4F8343100F000FA054643F2180000F0FBF901462846FFF773FA2368002BFCDBB5
:202000004FF0011000F0F0F9FFF70CFA904A536E1805FCD408205066914B40F2174100F1DE
:202020008050916600F54050D36600F0DDF904468C4800F0D9F901462046FFF751FA844CB7
:202040002368002BFCDB012000F0CEF9FFF7EAF9854D8649824A012348F2BB00A362E5636F
:20206000E164C4F8803040F21F11C4F88C00C4F89420774AE367A167536E1905FCD40821AA
:20208000172351667A48936600F0AEF90446794800F0AAF901462046FFF722FA6C4A13686F
:2020A000002BFCDBDFF8F881734F694C0626012000F09AF9FFF7B6F9404600F095F9054693
:2020C000384600F091F901462846FFF709FA2368002BFCDB013EEAD15D4CDFF8C481664F59
:2020E0000626012000F080F9FFF79CF90123A362C4F88030E367636E1A05FCD4082363660C
:20210000404600F071F90546384600F06DF901462846FFF7E5F92368002BFCDB013EE0D1BA
:202120004B4CDFF88081554F0326012000F05CF9FFF778F948F68B0501235149DFF828C14A
:20214000A3624FF400420720C4F83CC0C4F88030C4F8B010C4F8D010C4F8A420C4F8C42072
:20216000C4F88C50E367A067636E1B05FCD40822172362664046A36600F036F90546384612
:2021800000F032F901462846FFF7AAF92368002BFCDB013EC9D1FFF759F90122394BA2627D
:2021A00043F20800E36300F01FF9044643F2180000F01AF901462046FFF792F9244A1368E3
:2021C000002BFCDB2F4D0624284600F00DF9FFF74DF9013CF8D12C4D0324284600F004F9B6
:2021E000FFF744F9013CF8D1284D0324284600F0FBF8FFF73BF9013CF8D1254D0324284682
:2022000000F0F2F8FFF732F9013CF8D12148214D00F0EAF8FFF746F90624284600F0E4F87B
:20222000FFF740F9013CF8D11B4D0324284600F0DBF8FFF737F9013CF8D1184D0324284683
:2022400000F0D2F8FFF72EF9013CF8D1BDE8F08100000C406A8097F56745230110325476ED
:2022600001EFCDAB1830001073010100896745230710F0721710F0721730F0721730F07A75
:2022800010000040730181007F1980007B01FE001F09AF00BB800300BB910100B7850100C8
:2022A0000730F0720730F07A354B3649364AF0B44FF435604BF2E044C3F8EC40C3F8EC00FA
:2022C00040F6420440F6C600C3F8EC40C3F8EC004BF280440420C3F8EC40C3F8EC004BF208
:2022E000A0440220C3F8EC40C3F8EC0040F66300C3F8EC00C3F8C4101A605A6E1505FCD44F
:202300004FF490521E49DA610B685C00C3F38070FAD401231A4A0B60C1F8C400536E190564
:20232000FCD44FF40061194C54661948C2F8EC1048F243431249C2F8E00013600B689B01BC
:20234000FCD44FF4C0520E4B124F134E134DCA614FF4115410224FF4335042F28541013ADD
:20236000C3F8EC70C3F8EC60C3F8EC50C3F8EC40C3F8EC00C3F8EC10F1D1F0BC704700BF1F
:2023800000000C405E1E00410124008008B010000000908004380001E02800346650001078
:2023A00008B50B4BD3F804216FF3DF72C3F80421FFF78AF9FFF796F900B108BD054B4FF67E
:2023C000FF72C3F8D421BDE80840FFF77DBA00BF006F044000000C4018461146019B026849
:2023E0000098FFF70BBD00BF00BA704710B400234268036092F91130002B0EDB5A09144CC0
:202400000121203203F01F0301FA03F344F82230BFF34F8FBFF36F8F42680E4B00211976C1
:2024200092F913308B420DDB5A0909480121203203F01F0301FA03F340F82230BFF34F8FD1
:20244000BFF36F8F034B5DF8044B00201875704700E100E000E07F40374A384B014630B4E7
:202460000020012481F8340082F81644156A146A1B68C4F30264C5F3026203FA02F2A34009
:20248000C5F30275E3402E4CEA40A2424FD92D4C03F5742302F5742203F23F2302F23F22F9
:2024A000A4FB0353A4FB0242920C274C02F5F052A4F8E4209B0C254A43F6B85403FB04F409
:2024C000A2FB0454A4088C6040F6D86403FB04F4A2FB0454A408CC605C00A2FB0454A4083D
:2024E0000C61542403FB04F4A2FB0454A4084C61174C03FB04F4A2FB0454A4088C6144F296
:20250000506403FB04F4A2FB0454A4084C62114C03FB04F4A2FB0454A4080C620E4C04FB07
:2025200003F3A2FB03239B0830BCCB6170474FF4FB7030BC704700BF00E00140580FFE1FBB
:20254000FF083D0083DE1B4300E07F40ABAAAAAA38AF040080DE0F00A0F703000B782DE9A5
:20256000F0410446416053B9314A137613752046FFF772FF08B92F4B2360BDE8F0814A6854
:20258000CB68DFF8ACE08263036400260120E6638EF8180091F911300A7CDFF8A4C0264F2A
:2025A0000CEB03051201D2B285F80023234D47F8234003F1C00255F8228066F3104845F840
:2025C000228055F82220BFF35F8F5A09920002F1604202F5614203F01F0300FA03F3C2F847
:2025E0008031136098238EF8143091F913208B7C94441B01DBB28CF8003302F1C00347F841
:20260000224055F8231066F3104145F8231055F82330BFF35F8F53099B0003F1604302F0FE
:202620001F0203F561439040C3F8800118609EE700E07F404E45504FD00DFE1F0060004069
:2026400000E100E010B4094C5B080363A2424FF00003C0E90A1280F8343003D918465DF881
:20266000044B70475DF8044B00F0A2BAFFFF0F400A4B4FF0000C994280F834C00CD8B1F5A6
:20268000803F35BF21F4FF5121F4FF4121F01F0121F07F0100F088BA16207047FFFF0F409F
:2026A000064B074993F826001A6A51F820300549C2F30262D3400B60704700BF00E001402F
:2026C000F006FE1F580FFE1F704700BF434B4449444A4AF2035070B5A3F8FE03424C434ED5
:2026E0000020A1F80001424993F826006160414922604FF40042C4E902213F4922616161F5
:20270000196A54F82020C1F30261CA4032602021092283F8131483F8A22093F880241AB9AA
:2027200093F88134980754D02C4D95F88034002B44D02A4B002283F8812483F88024274A56
:202740000621002382F8A51082F8323092F83C301907FBD54FF41C510023118582F82A3001
:202760001E4A92F83C309B06FBD51D49022381F81C31224B1362052382F8263092F826307F
:2027800054F82300146AC4F30264E0403060012340244FF4254082F8303082F8523082F8FF
:2027A0002440A2F8FE03A1F80431B1F804319BB2002BFAD10123A1F8003170BD012185F871
:2027C0008014C82000F07EF895F88034012BFBD1AFE74FF47A70FFF777FFB0E700E00140F7
:2027E00000C00140002D3101F006FE1F580FFE1F00127A00001BB700001C4E0E21120121B7
:2028000038B5294C002584F828500121C82000F059F884F8245094F82430002BFBD194F89F
:202820002430214943F0020384F8243091F82430C3F340009B07F9D41B4A81F8220092F806
:20284000223003F0FF00002BF9D192F84030164960F3C71382F8403091F84030DB09FBD126
:2028600091F84200104A63F3C71081F8420092F84230DB09FBD192F844000B4963F3C71050
:2028800082F8440091F84430C3F3C014DB09F9D1012000F09FF8054B012083F8BB44BDE80D
:2028A000384000F067B800BF0040044000E00140704700BF00BEFEE7A0F101000028FBD18E
:2028C000704700BF30B400FB01F1104D104A2868B2FBF0F24FF47A73A1FB03C43CB9BCFB9C
:2028E000F2FC4FEA9C0070B130BCFFF7E5BF9200B1FBF2F1A1FB03134FF0FF30002BF3D13E
:2029000008460028F0D130BC704700BF580FFE1F00CA9A3B0B4B70B5B3F840510A4E0024C8
:20292000ADB225FA04F3DB0704D556F82430E0B203B198470134102CF3D1024BA3F8305102
:2029400070BD00BF00600040900DFE1F10B4074A074C002303F1C001013332F8020F44F846
:202960002100602BF6D15DF8044B7047462D000000600040EFF31081012383F31088124B74
:2029800033F8102092B22AB133F81020013A92B223F8102033F810309BB293B90B4A10B47B
:2029A000B2F8FE330A4C9BB234F8100043F4254323EA0003A2F8FE3381F310885DF8044B33
:2029C000704781F310887047500FFE1F00E00140082E000030B4EFF31081012383F3108821
:2029E0000E4A32F810309BB26BB90D4C0D4DB4F8FE3335F810C09BB243EA0C0343F42543EF
:202A00009BB2A4F8FE3332F8103001339BB222F8103081F3108830BC704700BF500FFE1F6D
:202A200000E00140082E000000BE704708B500F003F8FDF775FDFEE7234B70B54FF470028F
:202A4000224DC3F8882000209D60FDF767FDFFF73DFE0120FDF762FD1D4B29681D481E4DC1
:202A600000244FF425429C801A80A1F580529A601A4AD9604FF480560121A5F82061121A4E
:202A80009980214600F046F81548164A1649174D121A00F047F8164B5B1BA34206DD9E1060
:202AA00055F8043B01349847A642F9DCFFF7F8FDFFF7A6FE0220FDF731FDFFF747FFBDE80F
:202AC00070400020FFF7F4BE00ED00E000000000000D00400807FE1F006000405C0FFE1F10
:202AE0000000FE1FF006FE1F8C2E0000E806FE1FEC06FE1F10B501390244904201D10020C9
:202B000005E0037811F8014FA34201D0181B10BD0130F2E702440346934200D1704703F855
:202B2000011BF9E70A44914200F1FF3300D1704710B511F8014B03F8014F9142F9D110BDFE
:202B40004275696C7420776974682052656E6573617320416476616E63656420466C6578C3
:202B600069626C6520536F667477617265205061636B6167652076657273696F6E20342EDA
:202B8000362E3000342E362E3000000000000604F8B500BFF8BC08BC9E467047F8B500BFB6
:202BA000F8BC08BC9E4670475FF800F05105FE1F5FF800F00D05FE1F30203D3D206D6265B4
:202BC00064746C735F706C6174666F726D5F73657475702826637478290000002E2E2F7326
:202BE00072632F68616C5F656E7472792E63000030203D3D20626F6F745F676F2826727374
:202C0000702900FF6D6375626F6F745F717569636B5F736574757000202C00002407FE1F83
:202C200000000000000000000000000000000000FFDFFFDF040104030402040104010403B5
:202C4000010303040104FFFF7263203D3D2030002E2E2F72612F6D63752D746F6F6C732F48
:202C60004D4355626F6F742F626F6F742F626F6F747574696C2F7372632F6C6F616465721A
:202C80002E6300003000FFFF626F6F745F636F70795F696D61676500626F6F745F706572EB
:202CA000666F726D5F75706461746500636F6E746578745F626F6F745F676F004E554C4CF6
:202CC00020213D202A617265610000002E2E2F72612F6673702F7372632F726D5F6D637594
:202CE000626F6F745F706F72742F666C6173685F6D61702E6300FFFF4653505F535543431D
:202D0000455353203D3D2065727200FF666C6173685F617265615F657261736500FFFFFF54
:202D2000666C6173685F617265615F6F70656E00017F00000080010000000200027F0000F8
:202D40000080030000000200000000000000000000000000000000000000000000000000EE
:202D6000000000000000000000000000000000000000000000000000000000000000000053
:202D8000000000000000000000000000000000000000000000000000000000000000000033
:202DA000000000000000000000000000000000000000000000000000000000000000000013
:202DC0000000000000000000000000000000000000000000000000000000000000000000F3
:202DE0000000000000000000000000000000000000000000000000000000000000000000D3
:202E0000000000000000000001000200080010001000000000000000017A5200027C0E012D
:202E20001B0C0D001000000018000000000000001000000000000000100000000000000016
:202E4000017A5200027C0E011B0C0D003800000018000000000000009E00000000510E1087
:202E600084048503860287015BC7C6C5C40E004C0A420B0A420B0E1084048503860287017B
:202E800051C7C6C5C40E00000000000014494FF42A43B1F884C0A1F88430B1F8840080B217
:202EA0001FFA8CFC60B14FF496420020B1F88430002A9BB208BF4FF4FA70013A002BF5D1B1
:202EC000BCF1010F00D07047064AA2F804C1B2F804319BB2002BFAD10123A2F80031704737
:202EE00000E07F4000C00140114B124A82B0B3214FF4964001901970D2F8803019040DD4C9
:202F000006E0019B013B0193D2F880301B0405D4019B002BF5D1142002B07047054B1B7CDC
:202F200013F0100F40F2F51008BF002002B0704700007E4000E07F40114B124A82B0502130
:202F40004FF4964001901970D2F8803019040DD406E0019B013B0193D2F880301B0405D402
:202F6000019B002BF5D1142002B07047054B1B7C13F0100F40F2F51008BF002002B0704797
:202F800000007E4000E07F4070B543681A7882B00446F2B193F9113049485909012220311F
:202FA00003F01F0302FA03F340F82130BFF34F8FBFF36F8F636893F91330590903F01F0330
:202FC0009A4001F1200340F82320BFF34F8FBFF36F8F3C4BB3F884309BB2D3B1FFF784FF17
:202FE0000546FFF7A9FF06463DB1FFF74FFF0023284684F8343002B070BDFFF747FF002EB0
:2030000014BF354605460023284684F8343002B070BD626811784FF496400190B1B9294AED
:203020004AF68023A2F88430B2F884309BB2802B08D1D3E7019B013B0193B2F884309BB25F
:20304000802BCBD0019B002BF4D1C7E792F911201D4902F1C00051F8205063F3104541F87E
:20306000205051F82000BFF35F8F02F01F055209920002F1604202F56142012000FA05F590
:20308000C2F880511560626892F9132002F1C00551F8256063F3104641F8256051F825301A
:2030A000BFF35F8F53099B0003F1604303F5614302F01F0200FA02F2C3F880211A60AEE7DA
:2030C00000E100E000E07F400060004030B4124C836A2363114D0B44016B4FF0200C85F83A
:2030E00000C001394FF0D00C85F800C083620163104622B1D4F880301A0403D5002030BC8E
:20310000704730B1D4F880301B0400F1FF30F8D5F4E7142030BC704700E07F4000007E4080
:20312000F0B54E0883B0C1F34701002A4CD14368344F93F911305C092034012503F01F032F
:2031400005FA03F347F82430BFF34F8FBFF36F8F2D4CC56A2D4B2563E8241C701970002EB0
:203160004DD0D0F810E0856A284F274C4FF0000C2B88CDF804E03B8004E0019B591E0191B6
:20318000002B39D0D4F880305B05F6D4C36A0233C362036B0CF1010C0235013BB445856203
:2031A0000363E5D3194BD0211970C2B9436893F9113014495809012203F01F0302FA03F338
:2031C00041F82030002018E00F4CC56A0F4B2563E8241C701970002EC3D1D02119700A4932
:2031E000D1F880301804EDD4D1F880301B0402F1FF32E7D4002AF7D1142003B0F0BDD0228A
:203200001A70D3E700E100E000E07F4000007E4010B5134B1C7CE40607D4D3F880301942F6
:203220000FD1B0B90024204610BDD3F88040640403D5002493F810C01C74D3F8803019423E
:2032400009D030B9002AEDD01446FFF74DFE204610BD0446F9E70028FBD140F2F514F4E7C3
:2032600000E07F4030B4164A8569164C164B82B04020019511630822207003F110012270CD
:2032800033F8022F22808B42FAD1D0230C4A2370D2F8803019040ED406E0019B013B0193F1
:2032A000D2F880301B0406D4019B002BF5D1142002B030BC7047002002B030BC704700BF51
:2032C00000E07F4000007E40D606FE1F084B42EAC0326FEA41514FF0FF3042F4F0426FEA0D
:2032E0005151C3E902001860DA809980704700BFD806FE1F10B4436824491A7883B04FF43E
:2033000096444FF0000C0194A1F800C1EAB193F911301F4C59090122203103F01F0302FADF
:2033200003F344F82130BFF34F8FBFF36F8F436893F913305909203103F01F039A4044F872
:203340002120BFF34F8FBFF36F8F124A4AF60123A2F88430B2F884309BB2012B08D110E03E
:20336000019B013B0193B2F884309BB2012B08D0019B002BF4D14FF4FA7003B05DF8044BA2
:203380007047002003B05DF8044B704700C0014000E100E000E07F4038B50546FFF7AAFF10
:2033A000A0B92B6B0BB916E088B9AA6880212846FFF7B6FE18224FF4A041FFF729FF2B6B46
:2033C0000446002BF0D1FFF761FD14B938BDFFF75DFD204638BDBDE8384057E5F8B581620D
:2033E00002630446FFF786FF10BB154A236B0121A2F8E0100BB3D4E9076700E0C8B9A36AE8
:20340000B3F5803F324632BF4FF400513A464FF400412046FFF75AFE19224FF4C041FFF71B
:20342000F7FE236B0546002BE8D1FFF72FFD15B9F8BDFFF72BFD2846F8BDBDE8F84025E50D
:2034400000E07F402DE9F041114B0546D3F8DC600F469046FFF74EFF0446A8B9F60F4FEA81
:203460005832790B3046FFF731FF4AF260112846FFF7F8FE21461822FFF7CAFE0446FFF7FC
:2034800005FD002C08BF04462046BDE8F08100BF00E07F40F8B507460D461646FFF72AFF4B
:2034A000044620BB134B36B145F4CC41A3F8E810BDE8F840EAE4D3F8DC10D3F8DC20ED4370
:2034C000C2F30A42C1F30A0105F00100FFF7FEFE4AF260113846FFF7C5FE21461822FFF7C9
:2034E00097FE0446FFF7D2FC002C08BF04462046F8BD00BF00E07F40F8B507460C461646CB
:20350000FFF7F8FE20BB144D21462B4604F11000BEB10A6843F8042B04318142F8D19EB943
:203520004AF250113846FFF79DFE18220021FFF76FFE0546FFF7AAFC002D08BF054628468D
:20354000F8BD4FF0FF32E5E7EB891E43EE81E7E705462846F8BD00BFD806FE1F010000003F
:1C356000FFFFFFFFFFFF0000000000000000000000000000A50400007D0400002B
:020000040001F9
:208000003DB8F39600000000000200001CC6010000000000000200000000000000000000FB
:20802000FFFFFFFFFFFFFFFFFFFFFFFFFFFFFFFFFFFFFFFFFFFFFFFFFFFFFFFFFFFFFFFF60
:20804000FFFFFFFFFFFFFFFFFFFFFFFFFFFFFFFFFFFFFFFFFFFFFFFFFFFFFFFFFFFFFFFF40
:20806000FFFFFFFFFFFFFFFFFFFFFFFFFFFFFFFFFFFFFFFFFFFFFFFFFFFFFFFFFFFFFFFF20
:20808000FFFFFFFFFFFFFFFFFFFFFFFFFFFFFFFFFFFFFFFFFFFFFFFFFFFFFFFFFFFFFFFF00
:2080A000FFFFFFFFFFFFFFFFFFFFFFFFFFFFFFFFFFFFFFFFFFFFFFFFFFFFFFFFFFFFFFFFE0
:2080C000FFFFFFFFFFFFFFFFFFFFFFFFFFFFFFFFFFFFFFFFFFFFFFFFFFFFFFFFFFFFFFFFC0
:2080E000FFFFFFFFFFFFFFFFFFFFFFFFFFFFFFFFFFFFFFFFFFFFFFFFFFFFFFFFFFFFFFFFA0
:20810000FFFFFFFFFFFFFFFFFFFFFFFFFFFFFFFFFFFFFFFFFFFFFFFFFFFFFFFFFFFFFFFF7F
:20812000FFFFFFFFFFFFFFFFFFFFFFFFFFFFFFFFFFFFFFFFFFFFFFFFFFFFFFFFFFFFFFFF5F
:20814000FFFFFFFFFFFFFFFFFFFFFFFFFFFFFFFFFFFFFFFFFFFFFFFFFFFFFFFFFFFFFFFF3F
:20816000FFFFFFFFFFFFFFFFFFFFFFFFFFFFFFFFFFFFFFFFFFFFFFFFFFFFFFFFFFFFFFFF1F
:20818000FFFFFFFFFFFFFFFFFFFFFFFFFFFFFFFFFFFFFFFFFFFFFFFFFFFFFFFFFFFFFFFFFF
:2081A000FFFFFFFFFFFFFFFFFFFFFFFFFFFFFFFFFFFFFFFFFFFFFFFFFFFFFFFFFFFFFFFFDF
:2081C000FFFFFFFFFFFFFFFFFFFFFFFFFFFFFFFFFFFFFFFFFFFFFFFFFFFFFFFFFFFFFFFFBF
:2081E000FFFFFFFFFFFFFFFFFFFFFFFFFFFFFFFFFFFFFFFFFFFFFFFFFFFFFFFFFFFFFFFF9F
:20820000486CFF1F218F0200F58C0200318F0200318F0200318F0200318F0200318F02008D
:2082200000000000000000000000000071370200318F020000000000AD3702000D380200A5
:20824000214C0200974A0200774D0200CF4D02006767020067670200575502008B550200B8
:20826000538802005388020067670200214C0200974A0200774D0200CF4D0200B17102001A
:2082800015710200214C0200974A0200774D0200CF4D020000000000000000000000000020
:2082A0000000000000000000000000000000000000000000000000000000000000000000BE
:2082C00000000000000000000000000000000000000000000000000000000000000000009E
:2082E00000000000000000000000000000000000000000000000000000000000000000007E
:2083000000000000000000000000000000000000000000000000000000000000000000005D
:2083200000000000000000000000000000000000000000000000000000000000000000003D
:2083400000000000000000000000000000000000000000000000000000000000000000001D
:208360000000000000000000000000000000000000000000000000000000000000000000FD
:208380000000000000000000000000000000000000000000000000000000000000000000DD
:2083A0000000000000000000000000000000000000000000000000000000000000000000BD
:2083C000FFFFFFFFFFFFFFFFFFFFFFFFFFFFFFFFFFFFFFFFFFFFFFFFFFFFFFFFFFFFFFFFBD
:2083E000FFFFFFFFFFFFFFFFFFFFFFFFFFFFFFFFFFFFFFFFFFFFFFFFFFFFFFFFFFFFFFFF9D
:20840000FFFFFFFFFFFFFFFFFFFFFFFFFFFFFFFFFFFFFFFFFFFFFFFFFFFFFFFFFFFFFFFF7C
:20842000FFFFFFFFFFFFFFFFFFFFFFFFFFFFFFFFFFFFFFFFFFFFFFFFFFFFFFFFFFFFFFFF5C
:20844000FFFFFFFFFFFFFFFFFFFFFFFFFFFFFFFFFFFFFFFFFFFFFFFFFFFFFFFFFFFFFFFF3C
:20846000FFFFFFFFFFFFFFFFFFFFFFFFFFFFFFFFFFFFFFFFFFFFFFFFFFFFFFFFFFFFFFFF1C
:20848000FFFFFFFFFFFFFFFFFFFFFFFFFFFFFFFFFFFFFFFFFFFFFFFFFFFFFFFFFFFFFFFFFC
:2084A000FFFFFFFFFFFFFFFFFFFFFFFFFFFFFFFFFFFFFFFFFFFFFFFFFFFFFFFFFFFFFFFFDC
:2084C000FFFFFFFFFFFFFFFFFFFFFFFFFFFFFFFFFFFFFFFFFFFFFFFFFFFFFFFFFFFFFFFFBC
:2084E000FFFFFFFFFFFFFFFFFFFFFFFFFFFFFFFFFFFFFFFFFFFFFFFFFFFFFFFFFFFFFFFF9C
:20850000FFFFFFFFFFFFFFFFFFFFFFFFFFFFFFFFFFFFFFFFFFFFFFFFFFFFFFFFFFFFFFFF7B
:20852000FFFFFFFFFFFFFFFFFFFFFFFFFFFFFFFFFFFFFFFFFFFFFFFFFFFFFFFFFFFFFFFF5B
:20854000FFFFFFFFFFFFFFFFFFFFFFFFFFFFFFFFFFFFFFFFFFFFFFFFFFFFFFFFFFFFFFFF3B
:20856000FFFFFFFFFFFFFFFFFFFFFFFFFFFFFFFFFFFFFFFFFFFFFFFFFFFFFFFFFFFFFFFF1B
:20858000FFFFFFFFFFFFFFFFFFFFFFFFFFFFFFFFFFFFFFFFFFFFFFFFFFFFFFFFFFFFFFFFFB
:2085A000FFFFFFFFFFFFFFFFFFFFFFFFFFFFFFFFFFFFFFFFFFFFFFFFFFFFFFFFFFFFFFFFDB
:2085C000FFFFFFFFFFFFFFFFFFFFFFFFFFFFFFFFFFFFFFFFFFFFFFFFFFFFFFFFFFFFFFFFBB
:2085E000FFFFFFFFFFFFFFFFFFFFFFFFFFFFFFFFFFFFFFFFFFFFFFFFFFFFFFFFFFFFFFFF9B
:20860000FFFFFFFFFFFFFFFFFFFFFFFFFFFFFFFFFFFFFFFFFFFFFFFFFFFFFFFFFFFFFFFF7A
:20862000FFFFFFFFFFFFFFFFFFFFFFFFFFFFFFFFFFFFFFFFFFFFFFFFFFFFFFFFFFFFFFFF5A
:20864000FFFFFFFFFFFFFFFFFFFFFFFFFFFFFFFFFFFFFFFFFFFFFFFFFFFFFFFFFFFFFFFF3A
:20866000FFFFFFFFFFFFFFFFFFFFFFFFFFFFFFFFFFFFFFFFFFFFFFFFFFFFFFFFFFFFFFFF1A
:20868000FFFFFFFFFFFFFFFFFFFFFFFFFFFFFFFFFFFFFFFFFFFFFFFFFFFFFFFFFFFFFFFFFA
:2086A000FFFFFFFFFFFFFFFFFFFFFFFFFFFFFFFFFFFFFFFFFFFFFFFFFFFFFFFFFFFFFFFFDA
:2086C000FFFFFFFFFFFFFFFFFFFFFFFFFFFFFFFFFFFFFFFFFFFFFFFFFFFFFFFFFFFFFFFFBA
:2086E000FFFFFFFFFFFFFFFFFFFFFFFFFFFFFFFFFFFFFFFFFFFFFFFFFFFFFFFFFFFFFFFF9A
:208700000348044B834202D0034B03B118477047040CFE1F040CFE1F000000000548064B18
:208720001B1AD90F01EBA301491002D0034B03B118477047040CFE1F040CFE1F00000000EF
:2087400010B5064C237843B9FFF7DAFF044B13B10448AFF300800123237010BD200CFE1F4E
:2087600000000000143D030008B5054B1BB105490548AFF30080BDE80840FFF7CFBF00BFDF
:2087800000000000240CFE1F143D030080B584B000AF78607B68FB6007F10B03184605F0B1
:2087A0002FF90346002B12D10A2011F045FE0E4B93F8CB3DDBB20133DAB20B4B83F8CB2DCA
:2087C000FB680A3BFB60FB68002BE5DC00E000BFFB68002B02DC4FF0FF3300E0FB7A184618
:2087E0001037BD4680BD00BF201AFF1F80B582B000AF0346FB71FB79184605F085F800BF0D
:208800000837BD4680BD80B584B000AFF860B9601346FB71FB791A46B968F86804F0F8F951
:20882000034618461037BD4680BD80B500AF05F00DF900BF80BD80B485B000AF78603960A6
:208840000023FB6022E07B685A1C7A6093F900301B02FA685340FB600823FB72FB6803F44A
:208860000043002B07D0FB685B0083F4815383F00103FB6002E0FB685B00FB60FB7A013B2C
:20888000DBB2FB7297F90B30002BE7D13B68013B3B603B68002BD6DAFB6818461437BD4629
:2088A0005DF8047B704780B588B000AFF860B9607A60FB68002B18D07968B868FFF7BBFF9F
:2088C00003463B837B68BA6813441B781B029BB27A680132B9680A4412781344FB823A8B91
:2088E000FB8A9A421DD101231CE00023FB760023FB6109E0FB69BA6813441A78FB7E1344CE
:20890000FB76FB690133FB61FA697B689A42F1DB7B68BA6813441B78FA7E9A4201D10123CB
:2089200000E0002318462037BD4680BD80B500AFFFF77BFF00BF80BD90B5ADF23C4D00AFD3
:2089400007F58763A3F2344318600023C7F82C34432387F82B34012387F82A340023C7F844
:2089600020341923C7F81834FFF75FFF0023C7F81C347BE097F82B34002B04D097F92B349F
:208980001846FFF733FF4FF47A70FFF7FFFEC7F81404D7F81434002B63DBD7F81434013B87
:2089A000172B5BD801A252F823F000BF0D8A0100158A01005D8A01001F8A01005D8A0100D1
:2089C0005D8A01005D8A01005D8A01005D8A01005D8A01005D8A01005D8A01005D8A010057
:2089E0005D8A01005D8A01005D8A01005D8A01005D8A01005D8A01005D8A01005D8A010037
:208A00005D8A01005D8A0100398A01008023C7F8303446E04FF48063C7F8303441E0FFF776
:208A200085FF0620FFF7E2FE002200210020FFF7EAFED7F8203407E14FF47A70FFF7A6FEA3
:208A4000C7F81404D7F81434182B09D1FFF76EFF0620FFF7CBFE4FF0FF33F5E000BF00E0DE
:208A600000BFD7F81C340133C7F81C34D7F81C340F2B7FF77FAF97F82B34432B03D1152370
:208A800087F82B34DFE0FFF751FF1820FFF7AEFE1820FFF7ABFE1820FFF7A8FE6FF001030B
:208AA000D2E097F82B34432B02D10123C7F82C34002387F82B3407F10803C7F83434D7F898
:208AC00034345A1CC7F83424D7F81424D2B21A700023C7F8243415E04FF47A70FFF756FEE6
:208AE0000346DBB2C7F81434D7F834345A1CC7F83424D7F81424D2B21A70D7F82434013365
:208B0000C7F82434D7F82C34002B14BF01230023DBB21A46D7F8303413440233D7F8242407
:208B20009A42D9DD07F58763A3F586635A7807F58763A3F586639B78DB43DBB29A427CD11C
:208B400007F58763A3F586635B7897F82A249A420AD007F58763A3F586635B781A4697F81F
:208B60002A34013B9A4268D107F108030333D7F830241946D7F82C04FFF795FE0346002B8F
:208B80005BD007F58763A3F586635B7897F82A249A4237D107F58763A3F234431A68D7F86C
:208BA0002034D41AD7F830349C4201DDD7F83044002C1FDD214607F10803033301221846F8
:208BC000FFF721FE0346C7F81034D7F81034A3420BD01820FFF70AFE1820FFF707FE1820C0
:208BE000FFF704FE6FF002032EE0D7F820342344C7F8203497F82A34013387F82A341A2333
:208C0000C7F81834D7F81834013BC7F81834D7F81834002B0DDCFFF789FE1820FFF7E6FD2A
:208C20001820FFF7E3FD1820FFF7E0FD6FF003030AE00620FFF7DAFD05E000BFFFF776FECB
:208C40001520FFF7D3FD91E6184607F23C47BD4690BD00BF80B582B000AF0649042004F03C
:208C6000C3FC0548FFF768FE78607B6818460837BD4680BD080C0300404B4C0080B485B09D
:208C800000AF786039607B68002B02D03B68002B01D101235EE07A683B689A420DD1002370
:208CA00058E07B681B78002B01D1002352E07B6801337B603B6801333B607B681B78FB736C
:208CC000FB7B0133264A134493F90030DBB203F00303012B03D1FB7B03F1200200E0FA7B00
:208CE0003B681B78BB73BB7B01331D490B4493F90030DBB203F00303012B02D1BB7B203327
:208D000000E0BB7B9A42CCD07B681B787B737B7B0133134A134493F90030DBB203F0030341
:208D2000012B03D17B7B03F1200200E07A7B3B681B783B733B7B013309490B4493F9003027
:208D4000DBB203F00303012B02D13B7B203300E03B7BD31A18461437BD465DF8047B7047CB
:208D60004838030080B584B000AF786039600023FB600023BB607B68002B01D1002315E033
:208D8000786815F0DBFC03460133FB603B681B68F8689847B860BB68002B01D1002305E09A
:208DA000FA687968B86815F0BBFCBB6818461037BD4680BD80B483B000AF78607B68002B90
:208DC00009D11A4B1A4A1A60184B1A4A5A60174B194A9A6025E0154B154A1A607B681B6892
:208DE000002B03D07B681B68104A13600F4B114A5A607B685B68002B03D07B685B680B4A34
:208E000053600A4B00229A60084B1B68084A934207D1064B5B68074A934202D1034B064AAE
:208E20009A600C37BD465DF8047B70477009FE1FF5C9020005CA020071CB020080B584B099
:208E400000AF78607B681B6828209847F860FB68002B04D028220021F86814F0B7FDFB685E
:208E600018461037BD4680BD80B584B000AF78600023FB6037E07B681B68FB607B68DB68A1
:208E800003F48073002B08D17B689B68002B04D07B689B681846FFF7E7FF7B68DB6803F4C2
:208EA0008073002B09D17B681B69002B05D0124B5B687A681269104698477B68DB6803F484
:208EC0000073002B09D17B681B6A002B05D00A4B5B687A68126A10469847074B5B68786812
:208EE0009847FB687B607B68002BC4D100BF00BF1037BD4680BD00BF7009FE1F80B400AF75
:208F00002E231846BD465DF8047B7047FFFFFFFF80B598B000AF786039604FF000024FF0FB
:208F20000003C7E914230023BB64FFF7E7FF034687F84F300023FB653B68002B03D03B681B
:208F40001B68002B01D10023A0E00023FB653DE03B681A683B689968FB6D0B4413441B78E4
:208F6000452B17DC2B2B40DB2B3B01229A404C4B1340002B14BF01230023DBB2002B0BD1F7
:208F800002F00803002B14BF01230023DBB2002B11D12AE0652B28D13B681A683B68996899
:208FA000FB6D0B441344197807F10802FB6D13440A461A7007E007F10802FB6D134497F840
:208FC0004F201A7000BFFB6D0133FB65FB6D3E2B0DD83B68002B0AD03B689A68FB6D1A4414
:208FE0003B685B689A42B3D301E000BF00E000BF07F10802FB6D134400221A7007F14802BB
:2090000007F108031146184614F00AFC87ED140BBA6C07F108039A4201D1002336E079680A
:20902000D7E91423C1E906231BA3D3E90023D7E9140113F08DFA0346002B04D07B686FF0E0
:2090400000425A6115E04FF00002164BD7E9140113F074FA0346002B04D07B684FF000428A
:209060005A6106E0D7E9140113F09CFA02467B685A617B680822DA603B689B68B96C07F1F1
:2090800008028A1A1A443B689A60012318466037BD4680BDAFF300800000C0FFFFFFDF41CF
:2090A000E57F00040000E0C180B584B000AF786039600023FB600023BB607B68002B03D081
:2090C0007B681B68002B01D1002383E07B685B68002B07D07B689A687B685B689A4201D3C4
:2090E000002377E03B68002B01DA002372E07B689A683B68134401333B607B685B683A68E2
:209100009A4205D87B681A687B689B68134461E07B681B69002B01D000235BE03B68B3F1AB
:20912000804F08D33B68002B03DB6FF00043BB6004E000234EE03B685B00BB607B681B6A66
:20914000002B18D07B681B6A7A681268B96810469847F860FB68002B32D17B68DB697A68F0
:209160001268104698477B6800225A607B6800221A6000232EE07B689B69B8689847F86093
:20918000FB68002B0DD17B68DB697A681268104698477B6800225A607B6800221A6000234A
:2091A00018E07B6819687B689B6801331A46F86815F0B6FA7B68DB697A681268104698470C
:2091C0007B68BA685A607B68FA681A607B689B68FA68134418461037BD4680BD90B585B013
:2091E00000AF78600023FB607B68002B13D07B681B68002B0FD07B681A687B689B68134467
:20920000FB607B689C68F86815F098FA0346E2187B689A6000E000BF1437BD4690BDFFFFBD
:209220002DE9F04387B000AF87ED020B87ED001BB868FE6826F000413A687E6826F0004331
:2092400013F090F90346002B04D0BC68FB6823F0004503E03C687B6823F00045C7E90445A0
:20926000D7E90023D7E9020112F034FD02460B46904623F000494FF000020C4BD7E90401ED
:2092800012F0E0FE02460B4601210C464046494613F054F90346002B01D100231C46E3B21C
:2092A00018461C37BD46BDE8F08300BF0000B03CF0B593B000AF786039600023FB637B68CB
:2092C000D3E90623C7E90C2300237B6400233B6400237B6107F1180300221A605A609A60A4
:2092E000DA601A619A82FFF709FE034687F82F304FF000024FF00003C7E902233B68002B53
:2093000001D10023B4E0D7E90C23D7E90C0113F033F90346002B21D13C6B7B6B23F000458E
:2093200001231E464FF0FF32534B2046294613F023F90346002B0BD14FF0FF324E4B2046E4
:20934000294613F0FBF80346002B01D100231E46F3B283F00103DBB2002B07D007F1140321
:209360004649184614F09CFA78643FE07B685B69184612F0FDFD02460B46D7E90C0113F001
:20938000C9F80346002B09D07B685A6907F114033B49184614F084FA786427E007F11400B7
:2093A000D7E90C23374914F07BFA786407F1080207F114033449184614F092FA0346012BF8
:2093C0000CD197ED027B97ED0C1BB0EE470AF0EE670AFFF725FF0346002B07D107F1140054
:2093E000D7E90C23294914F05BFA78647B6C002B02DB7B6C192B01DD002339E07B6C013388
:2094000019463868FFF750FEF863FB6B002B01D100232DE000233B641AE007F114023B6CAA
:2094200013441B7897F82F209A4205D1FA6B3B6C13442E221A7008E0FA6B3B6C134407F132
:2094400014013A6C0A4412781A703B6C01333B647B6C3A6C9A42E0D3FA6B3B6C13440022D4
:209460001A703B689A687B6C1A443B689A60012318464C37BD46F0BDFFFFEF7F3C0C03006F
:20948000440C0300480C0300500C0300540C030080B485B000AF78600023FB600023BB60B4
:2094A0000023BB604CE07A68BB6813441B782F2B0FD97A68BB6813441B78392B09D87A68FB
:2094C000BB6813441B781A46FB681344303BFB602DE07A68BB6813441B78402B0FD97A686E
:2094E000BB6813441B78462B09D87A68BB6813441B781A46FB681344373BFB6017E07A685E
:20950000BB6813441B78602B0FD97A68BB6813441B78662B09D87A68BB6813441B781A461B
:20952000FB681344573BFB6001E000230CE0BB68022B02D8FB681B01FB60BB680133BB601E
:20954000BB68032BAFD9FB6818461437BD465DF8047B704780B58AB000AFF860B9607A602F
:2095600000237B620023FB61FB68BB61002387F82330002387F82230002387F821300023EE
:2095800087F82030BA68BB69D31A052B40F3B780BB6902331846FFF77BFFF861FB69B3F5A3
:2095A0005C4F04D3FB69B3F5604FC0F0AA80FB69B3F5584F37D3FB69B3F55C4F33D2BB69F7
:2095C00006337B6100233B610C2387F82130BA687B69D31A052B40F396807B691B785C2B4E
:2095E00040F093807B6901331B78752B40F08D807B6902331846FFF74BFF38613B69B3F504
:209600005C4FC0F084803B69B3F5604F7FD2FB699A02434B13403A69C2F30902134303F50D
:2096200080337B6204E0062387F82130FB697B627B6A7F2B03D8012387F823301FE07B6A38
:20964000B3F5006F06D2022387F82330C02387F8203014E07B6AB3F5803F06D2032387F8B5
:209660002330E02387F8203009E07B6AB3F5881F4FD2042387F82330F02387F8203097F81D
:209680002330013B87F8223015E07B6ADBB203F03F03DAB27B68196897F822300B4462F05C
:2096A0007F02D2B21A707B6A9B097B6297F82230013B87F8223097F82230002BE5D197F876
:2096C0002330012B09D97B6AD9B27B681B6897F820200A43D2B21A7007E07B6ADAB27B68EE
:2096E0001B6802F07F02D2B21A707B681A6897F823301A447B681A6097F821300BE000BFDA
:2097000008E000BF06E000BF04E000BF02E000BF00E000BF002318462837BD4680BD00BF3B
:2097200000FC0F0080B58AB000AF786039603B681A683B689B68013313447B623B681A6837
:209740003B689B68013313443B620023FB600023FB613B681A683B689B6813441B78222B3C
:2097600040F0038100233B610023BB6117E03B6A1B785C2B10D13B6A5A1C3B681B68D31A72
:209780001A463B685B689A4280F0F180BB690133BB613B6A01333B623B6A01333B623B6843
:2097A0001B683A6AD31A1A463B685B689A4203D23B6A1B78222BDAD13B681B683A6AD31A37
:2097C0001A463B685B689A4280F0D3803B6A1B78222B40F0CE803B681A683B689B681344FF
:2097E0003A6AD31A1A46BB69D31A3B613B681B693A69013210469847F861FB69002B00F0C1
:20980000BA80FB69FB6094E07B6A1B785C2B08D07A6A531C7B62FB68591CF96012781A708F
:2098200087E00223FB753A6A7B6AD31A002B40F3A4807B6A01331B78752B00F3A0805C2B4E
:2098400004DA222B5CD02F2B5AD098E05C3B192B00F2958001A252F823F000BF0199010079
:209860007F9901007F9901007F9901007F9901007F990100C59801007F9901007F990100DB
:209880007F990100D19801007F9901007F9901007F9901007F9901007F9901007F990100AF
:2098A0007F990100DD9801007F9901007F9901007F990100E99801007F990100F5980100A5
:2098C00011990100FB685A1CFA6008221A702CE0FB685A1CFA600C221A7026E0FB685A1C20
:2098E000FA600A221A7020E0FB685A1CFA600D221A701AE0FB685A1CFA6009221A7014E096
:209900007B6A5A1CFB68591CF96012781A700CE007F10C031A46396A786AFFF71BFE034677
:20992000FB75FB7D002B2CD000BFFB7D7A6A13447B627A6A3B6A9A42FFF466AFFB680022D7
:209940001A707B681022DA607B68FA691A613B681B683A6AD31A1A463B689A603B689B6813
:209960005A1C3B689A6001231EE000BF0AE000BF08E000BF06E000BF04E000BF02E000BFBA
:2099800000E000BFFB69002B03D03B685B69F86998477B6A002B06D03B681B687A6AD31A42
:2099A0001A463B689A60002318462837BD4680BD80B588B000AF786039600023FB6100235B
:2099C0003B610023BB610023FB6000237B613B68002B01D1002310E17B68002B11D1032167
:2099E0003868FFF761FB38613B69002B01D1002303E13B69834A1188927819809A70012359
:209A0000FBE07B68FB6124E0FB691B78222B0FDC082B13DB083B7C4A22FA03F303F00103C6
:209A2000002B14BF01230023DBB2002B02D105E05C2B03D17B6901337B6107E0FB691B7844
:209A40001F2B02D87B6905337B6100BFFB690133FB61FB691B78002BD6D1FA697B68D31A3B
:209A60001A467B691344FB60FB68033319463868FFF71AFB38613B69002B01D10023BCE054
:209A80007B69002B17D13B6922221A703B690133FA687968184614F043FEFB6801333A6965
:209AA000134422221A70FB6802333A69134400221A700123A1E03B6922221A703B69013354
:209AC000BB617B68FB6186E0FB691B781F2B0CD9FB691B78222B08D0FB691B785C2B04D031
:209AE000FB691A78BB691A706FE0BB695A1CBA615C221A70FB691B78222B3DDC082B59DBF2
:209B0000083B1A2B56D801A252F823F08D9B0100AD9B01009D9B0100B59B0100959B010062
:209B2000A59B0100B59B0100B59B0100B59B0100B59B0100B59B0100B59B0100B59B0100AD
:209B4000B59B0100B59B0100B59B0100B59B0100B59B0100B59B0100B59B0100B59B01007D
:209B6000B59B0100B59B0100B59B0100B59B0100B59B0100859B01005C2B1BD1BB695C221A
:209B80001A7022E0BB6922221A701EE0BB6962221A701AE0BB6966221A7016E0BB696E223D
:209BA0001A7012E0BB6972221A700EE0BB6974221A700AE0FB691B781A461449B86913F0F3
:209BC0006FFEBB690433BB6100BFFB690133FB61BB690133BB61FB691B78002B7FF474AFC2
:209BE000FB6801333A69134422221A70FB6802333A69134400221A70012318462037BD46EC
:209C000080BD00BF5C0C030037000004600C030080B582B000AF786039607B681B693968A4
:209C20001846FFF7C5FE034618460837BD4680BD80B483B000AF78607B68002B03D07B6835
:209C40001B68002B01D100232CE07B68002B05D07B689A687B685B689A4206D37B6821E04E
:209C60007B689B685A1C7B689A607B68002B0DD07B689A687B685B689A4207D27B681A681B
:209C80007B689B6813441B78202BE9D97B689A687B685B689A4204D17B689B685A1E7B686A
:209CA0009A607B6818460C37BD465DF8047B704780B582B000AF78607B68002B07D07B68E2
:209CC0001B68002B03D07B689B68002B01D000231CE07B68002B18D07B689B681A1D7B680C
:209CE0005B689A4211D27B681A687B689B68134403220849184613F080FE0346002B04D1A2
:209D00007B689B68DA1C7B689A607B6818460837BD4680BD680C030080B586B000AFF860E1
:209D2000B9607A60FB68002B01D100230CE0F86814F004FD034601337B617B68BA6879691C
:209D4000F86800F005F8034618461837BD4680BD80B58EB000AFF860B9607A603B6007F180
:209D6000180300221A605A609A60DA601A615A619A6100237B63414B00221A603F4B002238
:209D80005A60FB68002B42D0BB68002B3FD0FB68BB61BB68FB6100233B62394A07F12803A8
:209DA00007CA83E807003648FFF748F878637B6B002B2ED007F118031846FFF779FF03469A
:209DC0001846FFF735FF03461946786B00F0FCF80346002B1FD03B68002B0ED007F118036A
:209DE0001846FFF725FF3A6AFB699A4215D2BA693B6A13441B78002B0FD17B68002B04D081
:209E0000BA693B6A1A447B681A607B6B31E000BF04E000BF02E000BF00E000BF7B6B002B15
:209E200002D0786BFFF720F8FB68002B20D0FB683B6100237B613A6AFB699A4202D23B6A86
:209E40007B6105E0FB69002B02D0FB69013B7B617B68002B04D03A697B691A447B681A6040
:209E6000064B1A4607F1100393E8030082E80300002318463837BD4680BD00BF3C0CFE1FE7
:209E80007009FE1F80B582B000AF7860002200217868FFF741FF034618460837BD4680BDBF
:209EA00080B58EB000AFF860B9607A6000237B6307F1100324220021184613F087FD7B68FA
:209EC0001B68384A12681046984703463B61354B1B687B61BB687B627A6807F1280307CA34
:209EE00083E807003B69002B40D007F110031946F86800F055F90346002B39D007F1100381
:209F00001846FFF76BF97B689B68002B0DD07B689B683869BA6901321146984778637B6BC7
:209F2000002B27D000233B611EE07B681B68BA6901321046984778637B6B002B1CD03969D7
:209F4000BB695A1C7B69934228BF13461A46786B14F0E6FBBB697A6B134400221A707B6857
:209F60005B683A69104698477B6B16E000BF04E000BF02E000BF00E000BF3B69002B04D025
:209F80007B685B683A69104698477B6B002B03D07B685B68786B9847002318463837BD4604
:209FA00080BD00BF7C0C030080B582B000AF7860044A00217868FFF773FF0346184608378F
:209FC000BD4680BD7009FE1F80B582B000AF786039603B68002B03D03B681B68002B01D160
:209FE0000023D2E03B68002B1DD03B689B681A1D3B685B689A4216D83B681A683B689B68F9
:20A00000134404226349184613F0F7FC0346002B09D17B680422DA603B689B681A1D3B68B2
:20A020009A600123B1E03B68002B1DD03B689B685A1D3B685B689A4216D83B681A683B68A1
:20A040009B68134405225449184613F0D6FC0346002B09D17B680122DA603B689B685A1D04
:20A060003B689A60012390E03B68002B20D03B689B681A1D3B685B689A4219D83B681A68BC
:20A080003B689B68134404224449184613F0B5FC0346002B0CD17B680222DA607B68012266
:20A0A0005A613B689B681A1D3B689A6001236CE03B68002B13D03B689A683B685B689A4263
:20A0C0000DD23B681A683B689B6813441B78222B05D139687868FFF725FB034655E03B6811
:20A0E000002B23D03B689A683B685B689A421DD23B681A683B689B6813441B782D2B0FD080
:20A100003B681A683B689B6813441B782F2B0DD93B681A683B689B6813441B78392B05D854
:20A1200039687868FEF7F4FE03462EE03B68002B13D03B689A683B685B689A420DD23B6846
:20A140001A683B689B6813441B785B2B05D13968786800F009F9034617E03B68002B13D02D
:20A160003B689A683B685B689A420DD23B681A683B689B6813441B787B2B05D13968786867
:20A1800000F03CFA034600E0002318460837BD4680BD00BF3C0C03006C0C0300740C030068
:20A1A00080B584B000AF786039600023FB607B68002B02D03B68002B01D10023C9E07B6869
:20A1C000DB68DBB2802B00F08E80802B00F3C080202B49DC002B40F3BB80013B1F2B00F2A7
:20A1E000B78001A252F823F093A20100B7A2010051A301006FA2010051A3010051A30100A7
:20A2000051A30100DBA2010051A3010051A3010051A3010051A3010051A3010051A301000D
:20A2200051A301002DA3010051A3010051A3010051A3010051A3010051A3010051A301009A
:20A2400051A3010051A3010051A3010051A3010051A3010051A3010051A3010051A3010056
:20A2600051A3010039A30100402B6BD070E005213868FEF719FFF860FB68002B01D1002368
:20A2800067E0FB68354A1068186012791A7101235FE006213868FEF707FFF860FB68002B84
:20A2A00001D1002355E0FB682D4A1068186092889A8001234DE005213868FEF7F5FEF8601F
:20A2C000FB68002B01D1002343E0FB68254A1068186012791A7101233BE039687868FEF74B
:20A2E000E7FF034635E00023BB607B681B69002B01D100232DE07B681B69184614F01EFA67
:20A3000003460133BB60B9683868FEF7CDFEF860FB68002B01D100231BE07B681B69BA68C5
:20A320001946F86814F0FCF9012312E039687868FFF76EFC03460CE03968786800F0D8F8F8
:20A34000034606E03968786800F057FA034600E0002318461037BD4680BD00BF3C0C0300D1
:20A360006C0C0300740C030080B586B000AF7860396000237B6100233B613B68DB68B3F508
:20A380007A7F01D30023AFE03B68DB685A1C3B68DA603B681A683B689B6813441B785B2BCA
:20A3A00040F094803B689B685A1C3B689A603868FFF73EFC3B68002B0DD03B689A683B68DD
:20A3C0005B689A4207D23B681A683B689B6813441B785D2B61D03B68002B05D03B689A684F
:20A3E0003B685B689A4205D33B689B685A1E3B689A6072E03B689B685A1E3B689A603B68D8
:20A4000010331846FEF71AFDF860FB68002B5FD07B69002B04D1FB687B617B693B6107E0F0
:20A420003B69FA681A60FB683A695A60FB683B613B689B685A1C3B689A603868FFF7F8FB9B
:20A4400039683869FFF7C0FD0346002B42D03868FFF7EEFB3B68002B0DD03B689A683B680F
:20A460005B689A4207D23B681A683B689B6813441B782C2BC3D03B68002B2DD03B689A6855
:20A480003B685B689A4227D23B681A683B689B6813441B785D2B1FD100E000BF3B68DB68CF
:20A4A0005A1E3B68DA607B69002B02D07B693A695A607B682022DA607B687A699A603B6863
:20A4C0009B685A1C3B689A6001230DE000BF04E000BF02E000BF00E000BF7B69002B02D0D2
:20A4E0007869FEF7C1FC002318461837BD4680BD80B586B000AF7860396000237B6100230C
:20A50000FB607B689B683B613B68002B01D1002370E001213868FEF7C7FD78617B69002BE8
:20A5200001D1002366E07B695B221A703B689B685A1C3B689A603B68DB685A1C3B68DA6003
:20A540003DE039683869FFF72BFE0346002B01D100234FE03868FEF741FE3B691B68002BBF
:20A560002AD03B685B69002B01D0022300E00123FB60FB68013319463868FEF795FD786104
:20A580007B69002B01D1002334E07B695A1C7A612C221A703B685B69002B04D07B695A1CD6
:20A5A0007A6120221A707B6900221A703B689A68FB681A443B689A603B691B683B613B69FA
:20A5C000002BBED102213868FEF76EFD78617B69002B01D100230DE07B695A1C7A615D2220
:20A5E0001A707B6900221A703B68DB685A1E3B68DA60012318461837BD4680BD80B586B08A
:20A6000000AF7860396000237B6100233B613B68DB68B3F57A7F01D30023EAE03B68DB682E
:20A620005A1C3B68DA603B68002B00F0D0803B689A683B685B689A4280F0C9803B681A68F4
:20A640003B689B6813441B787B2B40F0C0803B689B685A1C3B689A603868FFF7E9FA3B687F
:20A66000002B0ED03B689A683B685B689A4208D23B681A683B689B6813441B787D2B00F0C3
:20A680008D803B68002B05D03B689A683B685B689A4205D33B689B685A1E3B689A60A1E00F
:20A6A0003B689B685A1E3B689A603B6810331846FEF7C4FBF860FB68002B00F08A807B6923
:20A6C000002B04D1FB687B617B693B6107E03B69FA681A60FB683A695A60FB683B613B68F2
:20A6E0009B685A1C3B689A603868FFF7A1FA39683869FFF717F80346002B6CD03868FFF786
:20A7000097FA3B691A693B691A623B6900221A613B68002B61D03B689A683B685B689A423A
:20A720005BD23B681A683B689B6813441B783A2B53D13B689B685A1C3B689A603868FFF75F
:20A7400077FA39683869FFF73FFC0346002B46D03868FFF76DFA3B68002B0DD03B689A683E
:20A760003B685B689A4207D23B681A683B689B6813441B782C2B98D03B68002B31D03B68D8
:20A780009A683B685B689A422BD23B681A683B689B6813441B787D2B23D100E000BF3B68E5
:20A7A000DB685A1E3B68DA607B69002B02D07B693A695A607B684022DA607B687A699A60A0
:20A7C0003B689B685A1C3B689A60012311E000BF08E000BF06E000BF04E000BF02E000BF5C
:20A7E00000E000BF7B69002B02D07869FEF73CFB002318461837BD4680BD80B588B000AFA0
:20A80000786039600023FB610023FB607B689B68BB613B68002B01D1002308E13B685B69B5
:20A82000002B01D0022300E00123FB60FB68013319463868FEF738FCF861FB69002B01D11F
:20A840000023F4E0FB695A1CFA617B221A703B68DB685A1C3B68DA603B685B69002B04D006
:20A86000FB695A1CFA610A221A703B689A68FB681A443B689A60A0E03B685B69002B22D0E6
:20A880003B68DB6819463868FEF70EFCF861FB69002B01D10023CAE000237B6107E0FB6903
:20A8A0005A1CFA6109221A707B6901337B613B68DB687A699A42F2D33B689A683B68DB6829
:20A8C0001A443B689A60BB691B6A39681846FFF76FF80346002B01D10023A8E03868FEF7F2
:20A8E0007DFC3B685B69002B01D0022300E00123FB60F9683868FEF7D7FBF861FB69002B48
:20A9000001D1002393E0FB695A1CFA613A221A703B685B69002B04D0FB695A1CFA610922EE
:20A920001A703B689A68FB681A443B689A603968B869FFF735FC0346002B01D1002376E0E2
:20A940003868FEF74BFC3B685B69002B01D0012200E00022BB691B68002B01D0012300E0EC
:20A9600000231344FB60FB68013319463868FEF79BFBF861FB69002B01D1002357E0BB69A9
:20A980001B68002B04D0FB695A1CFA612C221A703B685B69002B04D0FB695A1CFA610A2261
:20A9A0001A70FB6900221A703B689A68FB681A443B689A60BB691B68BB61BB69002B7FF475
:20A9C0005BAF3B685B69002B03D03B68DB68013300E0022319463868FEF766FBF861FB69D7
:20A9E000002B01D1002322E03B685B69002B10D000233B6107E0FB695A1CFA6109221A7033
:20AA00003B6901333B613B68DB68013B3A699A42F1D3FB695A1CFA617D221A70FB69002279
:20AA20001A703B68DB685A1E3B68DA60012318462037BD4680BD80B586B000AFF860B960AD
:20AA40007A6000237B61FB68002B02D0BB68002B01D1002333E0FB689B687B617B68002B17
:20AA600017D002E07B691B687B617B69002B1CD07B691B6A002B18D07B691B6A1946B8686B
:20AA800013F03CFE0346002BECD10EE07B691B687B617B69002B08D07B691B6A1946B86848
:20AAA000FEF7ECF80346002BF0D17B69002B03D07B691B6A002B01D1002300E07B691846FB
:20AAC0001837BD4680BD80B582B000AF78603960002239687868FFF7AEFF03461846083734
:20AAE000BD4680BD80B483B000AF786039607B683A681A603B687A685A6000BF0C37BD464C
:20AB00005DF8047B704780B584B000AF786039600023FB603B68002B06D07B68002B03D01E
:20AB20007A683B689A4201D100231EE07B689B68FB60FB68002B09D17B683A689A603B68F6
:20AB40003A685A603B6800221A600DE0FB685B68002B09D0FB685B6839681846FFF7C2FF67
:20AB60007B689B683A685A60012318461037BD4680BD80B483B000AF78607B6818460C3718
:20AB8000BD465DF8047B704780B586B000AFF860B9607A603B6000237B6100233B61FB6806
:20ABA000002B09D0BB68002B06D07B68002B03D0FA687B689A4201D1002336E03B6A002B90
:20ABC00009D0B868FFF7D5FF78617B68DB6843F400733B610EE03968B868FEF7C3F8786135
:20ABE0007B69002B01D100231FE07B68DB6823F400733B617B68DB6803F40073002B09D171
:20AC00007B681B6A002B05D03B685B687A68126A104698477B687A691A627B683A69DA60D1
:20AC20007968F868FFF76FFF034618461837BD4680BDFFFF80B588B002AFF860B96087ED38
:20AC4000000B97ED000B00F03BF8786100230093094B7A69B968F868FFF796FF0346002BF1
:20AC600001D07B6903E07869FEF7FEF8002318461837BD4680BD00BF7009FE1F80B588B09E
:20AC800002AFF860B9607A60786800F061F8786100230093094B7A69B968F868FFF774FFDF
:20ACA0000346002B01D07B6903E07869FEF7DCF8002318461837BD4680BD00BF7009FE1F79
:20ACC00080B584B000AF87ED000B1F48FEF7B6F8F860FB68002B2CD0FB680822DA60F968C9
:20ACE000D7E90023C1E9062315A3D3E90023D7E9000111F02DFC0346002B04D0FB686FF012
:20AD000000425A6115E04FF00002104BD7E9000111F014FC0346002B04D0FB684FF00042A7
:20AD20005A6106E0D7E9000111F03CFC0246FB685A61FB6818461037BD4680BDAFF30080A8
:20AD40000000C0FFFFFFDF417009FE1F0000E0C180B584B000AF78600F48FEF76FF8F860E4
:20AD6000FB68002B12D0FB681022DA600A497868FDF7F8FF0246FB681A61FB681B69002B3E
:20AD800004D1F868FEF770F8002300E0FB6818461037BD4680BD00BF7009FE1F80B582B01A
:20ADA00000AF0748FEF74AF878607B68002B02D07B684022DA607B6818460837BD4680BD67
:20ADC0007009FE1F80B582B000AF7860034B5B687868984700BF0837BD4680BD7009FE1F4B
:20ADE00080B485B000AF78607B68B3F804311A467B689B5CFB737B68B3F8043101339AB2B5
:20AE00007B68A3F80421FB7B18461437BD465DF8047B704780B483B000AF78600B46FB7038
:20AE20007B68B3F8043119467B68FA785A547B68B3F8043101339AB27B68A3F8042100BF48
:20AE40000C37BD465DF8047B704780B483B000AF78607B68B3F8043101339AB27B68A3F872
:20AE6000042100BF0C37BD465DF8047B704780B485B000AF78607B68B3F804311A467B6827
:20AE80009B5C1B021AB27B68B3F8043101337968CB5C1BB213431BB2FB817B68B3F80431A4
:20AEA00002339AB27B68A3F80421FB8918461437BD465DF8047B704780B483B000AF7860C5
:20AEC0000B467B807B881B0A99B27B68B3F804311A46C9B27B6899547B68B3F8043101334E
:20AEE0007A88D1B27A68D1547B68B3F8043102339AB27B68A3F8042100BF0C37BD465DF885
:20AF0000047B704780B483B000AF78607B680022A3F8042100BF0C37BD465DF8047B7047B8
:20AF200080B582B000AF78607868FFF7EBFF7B68002283F806217B68002283F807217B6831
:20AF40000022A3F808217B68002283F80A217B68002283F80B2100BF0837BD4680BD90B531
:20AF600083B000AF78600B46FB707B68B3F85A314FF6FF72934204D17B680122A3F85A21C6
:20AF800007E07B68B3F85A3101339AB27B68A3F85A217B68D3F84C4178687B68D3F85431EA
:20AFA00000224FF48271A0477868FFF7B9FF7B6893F859217B6883F806217B68FA7883F887
:20AFC00007217B68B3F85A217B68A3F808217B6893F80631002B08D17B6893F84831012BDD
:20AFE00003D17B68012283F80A2100BF0C37BD4690BD90B583B000AF786039607B68002BD9
:20B0000002D14FF0FF3334E04FF4AE720021786812F0DCFC7B684FF0FF32C3F840217B6848
:20B020004FF0FF32C3F844213B68002B02D14FF0FF331EE03B681B78012B06D03B681B7802
:20B04000022B02D04FF0FF3313E03B685B68002B03D03B689B68002B02D14FF0FF3308E02C
:20B060007B683A6803F5A47413460FCB84E80F00002318460C37BD4690BD80B483B000AF63
:20B08000786039607B683A68C3F8442100BF0C37BD465DF8047B704780B483B000AF78601C
:20B0A00039607B683A68C3F8402100BF0C37BD465DF8047B704780B483B000AF78600B4687
:20B0C000FB707B68FA7883F8592100BF0C37BD465DF8047B704780B487B000AF78603960A0
:20B0E0004FF6FF73FB8200233B6126E07A683B6913441B781A46FB8A5340FB820823FB606C
:20B1000015E0FB8A03F00103002B0AD0FB8A5B08FB82FB8A83F4BF4383F07E03DB43FB82C7
:20B1200002E0FB8A5B08FB82FB68013BFB60FB68002BE6D13B6901333B613A693B689A42F3
:20B14000D4D3FB8A5BBA9BB218461C37BD465DF8047B704790B585B000AF78600B467B80D5
:20B160007B68D3F84C417B687A68B2F8042198187B68D3F840217B68D3F854317988A04726
:20B18000F8607B88FA689A4201D100230EE07B88FA689A4208DAFB68002B02DA6FF0030341
:20B1A00004E06FF0020301E06FF0030318461437BD4690BD90B585B000AF78600B467B80BB
:20B1C0007B68D3F8504178687B68D3F840217B68D3F854317988A047F8607B88FA689A428D
:20B1E00001D100230EE07B88FA689A4208DAFB68002B02DA6FF0030304E06FF0020301E051
:20B200006FF0030318461437BD4690BD80B584B000AF78607B6893F84831012B22D17A68F8
:20B220007B68B3F8043119461046FFF754FF0346FB8102217868FFF78DFF03467B7397F93C
:20B240000D30002B02D097F90D300CE07868FFF70EFE03467B817A89FB899A4202D06FF040
:20B26000040300E0002318461037BD4680BD80B586B000AF786039607B68D3F840317B6159
:20B280007B68D3F844217B68C3F840217868FFF747FE3B6800221A707B6893F84831012B1F
:20B2A00031D101217868FFF755FF03467B737B687A69C3F8402197F90D30002B02D097F9CD
:20B2C0000D307BE03B6801221A707868FFF788FD03461A467B6883F8062101217868FFF705
:20B2E00039FF03467B7397F90D30002B02D097F90D3063E07868FFF773FD03461A467B6833
:20B3000083F8072159E07B6893F84831022B54D101217868FFF71EFF0346FB747B687A6985
:20B32000C3F8402197F91330002B02D097F9133044E03B6801221A707868FFF786FD072159
:20B340007868FFF707FF0346FB7497F91330002B02D097F9133031E07868FFF7D3FD78681F
:20B36000FFF785FD03461A467B68A3F808217868FFF77DFD03463B827868FFF778FD03461B
:20B38000FB817868FFF72CFD03461A467B6883F806217868FFF724FD03461A467B6883F806
:20B3A00007213B8A002B02D06FF0050306E0FB89FF2B02D96FF0050300E0002318461837B6
:20B3C000BD4680BD80B582B000AF78600B467B807868FFF797FD7B6893F84831012B07D19E
:20B3E0007B6893F8063119467868FFF713FD1DE07B6893F84831022B18D17B68B3F80831A2
:20B4000019467868FFF758FD00217868FFF754FD7B8802339BB219467868FFF74DFD7B6873
:20B4200093F8063119467868FFF7F4FC7B6893F8073119467868FFF7EDFC00BF0837BD4660
:20B4400080BD80B584B000AF78607B6893F84831012B0ED17A687B68B3F804311946104673
:20B46000FFF739FE0346FB81FB8919467868FFF723FD7B68B3F8043119467868FFF79AFE71
:20B4800003467B7397F90D3018461037BD4680BD80B584B000AF78607B68B3F80831FB8190
:20B4A0007B6893F806317B737B6893F807313B7300237B7207F1090319467868FFF7D7FE87
:20B4C0000346FB7297F90B30002B02D097F90B3057E07B6893F84831022B08D17B68B3F871
:20B4E0000831FA899A4202D06FF0050349E07B6893F84831012B08D17B6893F806317A7BCC
:20B500009A4202D06FF006033BE07B6893F807313A7B9A4234D07B6893F80731A3F1800203
:20B520003B7B9A4229D101217868FFF713FE0346FB7297F90B30002B02D097F90B3020E02D
:20B540007868FFF74DFC0346BB727868FFF75EFE0346FB7297F90B30002B02D097F90B30DB
:20B560000FE0BB7A002B02D0BB7A042B02D96FF0010306E097F90A3003E06FF0010300E032
:20B58000002318461037BD4680BD80B582B000AF78600B467B807B8819467868FFF712FF20
:20B5A00000BF0837BD4680BD80B586B000AFF8600B467A607B81F868FFF76AFF0346FB743D
:20B5C00097F91330002B02D097F9133056E00121F868FFF7BFFD0346FB7497F91330002BA8
:20B5E00002D097F9133049E0F868FFF7F9FB0346BB74BB7CFA2B02D96FF001033EE0BB7CCC
:20B600009BB21946F868FFF7A5FD0346FB7497F91330002B02D097F913302FE000237B611D
:20B6200010E0F868FFF723FC03463B827B68002B05D07B695B007A6813443A8A1A807B6902
:20B6400001337B61BB7C5B08DBB21A467B699342E7DBF868FFF7DAFD0346FB7497F9133020
:20B66000002B02D097F9133008E0BA7C7B895B009A4202D06FF0010300E0002318461837BC
:20B68000BD4680BD80B582B000AF7860396039687868FFF7AEFC034618460837BD4680BD9C
:20B6A00080B586B000AFF860084611461A460346FB720B463B811346FB80FB88002B02D0FC
:20B6C000FB887D2B02D94FF0FF332EE03A89FB881344B3F5803F02D94FF0FF3325E0FB7A1B
:20B6E0001946F868FFF73BFC0421F868FFF74DFF3B891946F868FFF7DFFBFB881946F86802
:20B70000FFF7DAFBF868FFF79CFE0346FB7597F91730002B02D097F9173006E0FB883A6AFD
:20B720001946F868FFF740FF034618461837BD4680BD80B586B002AFF8607B600B467B8143
:20B7400013463B8139897A897B6800930B460321F868FFF7A5FF034618461037BD4680BDFC
:20B7600080B483B000AF78607B68DA687B681B699A4205D17B6800221A617B680022DA60DE
:20B780007B68002B05D07B68DA687B681B69D31A00E0002318460C37BD465DF8047B70471B
:20B7A00080B582B000AF78607B68002B07D07868FFF7D6FF02467B689B689A4201D101230B
:20B7C00000E0002303F00103DBB218460837BD4680BD80B582B000AF78607B68002B05D034
:20B7E0007868FFF7BDFF0346002B01D1012300E0002303F00103DBB218460837BD4680BDE9
:20B8000080B584B000AF78600023FB607868FFF7E0FF034683F00103DBB2002B15D07B68C5
:20B8200019687B681B697A689268B3FBF2F000FB02F29B1A7A68526802FB03F30B44FB60D7
:20B840007B681B695A1C7B681A61FB6818461037BD4680BD80B584B000AF786039600023B9
:20B86000FB730023BB607B68002B2AD03B68002B27D07868FFF794FF034683F00103DBB299
:20B88000002B1ED07B6819687B68DB687A689268B3FBF2F000FB02F29B1A7A68526802FB5C
:20B8A00003F30B44BB607B685B681A463968B86812F036FF7B68DB685A1C7B68DA6001234D
:20B8C000FB73FB7B18461037BD4680BD80B485B000AFF860B9607A603B60FB68002B0FD034
:20B8E000FB6800221A61FB680022DA60FB68BA681A60FB687A685A60FB683A689A6000BFCD
:20B9000000BF1437BD465DF8047B704780B500AF01F056F800F0C2FD01F0B4FD184B40F286
:20B92000BF121A6001F03AFE01F096FF02F050F901F068F800F012FD00F070FD00F09AF8A3
:20B940000346052B0BD10F49042001F04DFE0E4A92F8C83D6FF3410382F8C83D0AE06FF085
:20B960000D0000F0D1F8084A92F8C83D43F0020382F8C83D00F09EFB01F012FA00BF80BDE7
:20B98000480CFE1F980C0300201AFF1F80B400AF044B1B680133034A136000BFBD465DF877
:20B9A000047B7047440CFE1F80B485B000AF786039604FF6FF73FB8111E07B685A1C7A6004
:20B9C0001A78FB89DBB253407B73FB891B0AFB817B7B094A32F81320FB895340FB813B6842
:20B9E0005A1E3A60002BE8D1FB8918461437BD465DF8047B704700BFB80C030080B483B0A9
:20BA000000AF786039603A687B689A4203D23A687B68D31A02E03A687B68D31A18460C3769
:20BA2000BD465DF8047B704780B582B000AF7860054B1B6819467868FFF7E0FF03461846FC
:20BA40000837BD4680BD00BF440CFE1F80B483B000AF78607B681B78FF2B05D07B681B7862
:20BA60000133DAB27B681A7000BF0C37BD465DF8047B704780B582B000AF0523FB71214BF3
:20BA80001B78002B02D00423FB712DE0512000F0E5FF0346002B22D17B1D184600F064F987
:20BAA0000346052B1DD07B7903F00103002B02D00423FB7118E04823BB71BB791946002063
:20BAC00001F066F80346002B0DD17B7943F00103DBB2184600F062F90423FB7104E000BF2E
:20BAE00002E000BF00E000BFFB79042B0CBF01230023DAB2034B1A70FB7918460837BD46D9
:20BB000080BD00BF4C0CFE1F80B584B000AF0346FB710023FB60512000F0A0FF0346002BF5
:20BB200001D005230FE002233B73FB797B7307F10C030221184600F0DBFF0346002B01D051
:20BB4000052300E0042318461037BD4680BD80B584B000AF0346FB710B46BB7113467B7142
:20BB60000023FB60512000F079FF0346002B01D005231FE004233B737B79184600F036F9BC
:20BB800003467B73BB79184600F030F90346BB73FB79184600F02AF90346FB7307F10C03A9
:20BBA0000421184600F0A4FF0346002B01D0052300E0042318461037BD4680BD80B584B0AD
:20BBC00000AF0346FB800B467B7113463B710023BB6000233B73512000F040FF0346002B8D
:20BBE00001D005232FE0FB8879793A79184600F03BF90346FB7307233B723B79184600F003
:20BC0000F5F803467B72FB7B184600F0EFF80346BB727B79184600F0E9F80346FB72FB8884
:20BC2000A3F2B273184600F0E1F803463B7307F108030521184600F05BFF0346002B01D016
:20BC4000052300E0042318461037BD4680BDFFFF80B586B000AF786000233B6107F1140312
:20BC600000210A461A800A469A700023BB813D4B1B7883F00103DBB2002B01D005236DE070
:20BC8000512000F0EBFE0346002B01D0052365E004233B7307F10C030121184600F028FF35
:20BCA0000346002B01D0052358E007F110030721184600F03BFF0346002B01D005234DE08A
:20BCC0003B7C03F07F03DBB2184600F0B5F80346DAB27B68DA717B7C03F07F03DBB2184656
:20BCE00000F0AAF80346DAB27B689A71BB7C03F03F03DBB2184600F09FF80346DAB27B6859
:20BD00005A71FB7C03F03F03DBB2184600F094F80346DAB27B68DA703B7D03F00703DBB201
:20BD2000184600F089F80346DAB27B681A717B7D03F01F03DBB2184600F07EF80346DAB2BE
:20BD40007B689A70BB7D184600F076F80346DBB203F2B2739AB27B681A8004231846183775
:20BD6000BD4680BD4C0CFE1F80B582B000AF7860512000F073FE0346002B01D0052309E0F8
:20BD80007968032000F01EFF0346002B01D0052300E0042318460837BD4680BD80B582B0DA
:20BDA00000AF0346FB71104B1B7883F00103DBB2002B01D0052312E0512000F04FFE034620
:20BDC000002B01D005230AE0FB791946032000F0DFFE0346002B01D0052300E004231846C0
:20BDE0000837BD4680BD00BF4C0CFE1F80B483B000AF78607B680F4A82FB03129210DB1740
:20BE0000D31ADBB21B01D8B27A680A4B83FB02139910D317C91A0B469B000B445B00D11A41
:20BE2000CBB20344DBB218460C37BD465DF8047B704700BF6766666680B483B000AF0346CB
:20BE4000FB71FB791B09DBB21A4613469B0013445B001A46FB7903F00F03134418460C377A
:20BE6000BD465DF8047B704780B489B000AFF860B9607A60BB68022B05DCBB680C33BB601F
:20BE8000FB68013BFB60FB682A4A82FB03125111DA178A1A642101FB02F29B1AFB61FB685F
:20BEA000244A82FB03125211DB17D31ABB61BB685A1C13465B0013449B0013441E4A82FBA9
:20BEC00003125210DB17D21A7B681A44FB691A44FB69002B00DA03339B101A44BB69002B13
:20BEE00000DA03339B101A44BB695B00D21A134B83FB021313449910D317C91A0B46DB00D4
:20BF00005B1AD31A7B617B69DBB20633DAB20C4BA3FB0213D11A49080B4499080B46DB004B
:20BF20005B1AD31ADBB218462437BD465DF8047B704700BF1F85EB51676666669324499201
:20BF40002549922480B586B000AF03463960FB7100233B6100233B730123FB8100233B8146
:20BF6000FB793B73FB7903F00F03012B02D10123FB8209E0FB7903F00C03002B02D1022304
:20BF8000FB8201E005233FE0FA8907F10C031146184600F0ADFD38613B69002B01D00523C2
:20BFA00032E0FA8A07F108031146184600F0BEFD38613B69002B01D0052325E0FB7903F0BB
:20BFC0000F03012B04D13B7A1AB23B681A801AE0FB7903F00C03002B13D13B7A1B021AB273
:20BFE0007B7A1BB213431AB23B681A803B68B3F90030002B07DA3B68B3F900203B681A80E9
:20C0000001E0052300E0042318461837BD4680BD80B584B000AF786007F10E0319460020AB
:20C02000FFF790FF0346052B04D17B68104A1A60052318E0B7F90E30DB111BB2FB81B7F983
:20C040000E3018460FF094FF4FF00002094B0FF0F9FF02460B461046194610F0CBFA0246CB
:20C060007B681A60042318461037BD4680BD00BF008088430000E03F80B582B000AF786040
:20C08000482000F0EBFC7868FFF7C2FF034618460837BD4680BD80B582B000AF786049204D
:20C0A00000F0DCFC7868FFF7B3FF034618460837BD4680BD80B582B000AF00237B60124A9A
:20C0C00013696FF3410313611049114807F06EFD78607B68002B05D00E4B0F4A26210F48AB
:20C0E0000CF02EFD0A4807F0AFFD78607B68002B05D0084B084A292108480CF021FD00BF51
:20C100000837BD4680BD00BF00B0014034280300242DFF1FB80E0300E40E0300CC0E030087
:20C1200080B582B000AF00237B60084807F08CFD78607B68002B05D0054B064A332106481E
:20C140000CF0FEFC00BF0837BD4680BD242DFF1FB80E0300F80E0300CC0E030080B483B026
:20C1600000AF78600B467B807B681B8807EE903AB8EEE77A7B681B8807EE903AF8EEE76A24
:20C18000B2EE046AC6EE867A77EE677AFCEEE77A17EE903A9AB27B681A807B8807EE903AF2
:20C1A000B8EEE77AF2EE046AC7EE267AFCEEE77A17EE903A7B807B681A887B8813449AB295
:20C1C0007B681A8000BF0C37BD465DF8047B70472DE9B04300AF504BB3F8BC3D9BB21846B0
:20C1E0000FF0C6FE44A3D3E900230FF02BFF02460B4614461D46484BB3F8BC3D9BB2184655
:20C200000FF0B6FE02460B46204629460FF01AFF02460B4614461D463F4BB3F8BC3D9BB214
:20C2200018460FF0A5FE02460B46204629460FF009FF02460B4614461D46374BB3F8BC3D0D
:20C240009BB218460FF094FE2DA3D3E900230FF0F9FE02460B46904699462F4BB3F8BC3D91
:20C260009BB218460FF084FE02460B46404649460FF0E8FE02460B46204629460FF02AFD6B
:20C2800002460B4614461D46234BB3F8BC3D9BB218460FF06DFE1CA3D3E900230FF0D2FEB4
:20C2A00002460B46204629460FF016FD02460B461046194616A3D3E900230FF00BFD0246C9
:20C2C0000B461046194610F06DF903461A461349082001F089F9124B1A68124B1B68D31AA6
:20C2E0001A461149082001F07FF90D4B1B680D4A136000BFBDE8B083956479E17FFDB5BD76
:20C300008DEDB5A0F7C6B03E46B6F3FDD4F80840C3F5285C8FD25D40201AFF1F740F03008B
:20C32000540CFE1F500CFE1F800F030080B584B000AF786007F10E031A46102105480BF0A3
:20C34000C3FDFB8919460448FFF708FF00BF1037BD4680BD482CFF1FDC27FF1F80B582B091
:20C3600000AF00237B60184918480BF0ADFC78607B68002B05D01649082001F035F97B6867
:20C380001EE0144911480BF02FFD78607B68002B05D01149082001F027F97B6810E00F4949
:20C3A000082001F021F901F09FF878607B68002B05D00B49082001F017F97B6800E07B68E4
:20C3C00018460837BD4680BDEC260300482CFF1F8C0F030004270300AC0F0300D00F03006D
:20C3E000E80F030080B582B000AF00237B6009480BF030FD78607B68002B05D00649082084
:20C4000001F0F2F87B6800E07B6818460837BD4680BD00BF482CFF1F0410030080B500AF72
:20C420000549064800F094FF00220121034800F0D9FF00BF80BD00BF78270300AC2CFF1F33
:20C4400080B500AF024800F0B5FF00BF80BD00BFAC2CFF1F80B500AF024800F093FF00BFEA
:20C4600080BD00BFAC2CFF1F80B582B000AF0346FB71FB79642B01D96423FB71FB79C3F107
:20C480006403DBB21A460121034800F0ABFF00BF0837BD4680BD00BFAC2CFF1F80B582B0E7
:20C4A00000AF00237B60154B1B78002B01D07B6820E0134913480AF0EFFA78607B68002B7D
:20C4C00005D01149042001F08FF87B6812E0012202210C480AF022FC78607B68002B05D04F
:20C4E0000A49042001F080F87B6803E0034B01221A707B6818460837BD4680BD608CFE1FD2
:20C5000030260300AC2BFF1F3C1003005810030080B483B000AF78607B681A78174B1A70C4
:20C520007B681B78032B03D1154B01221A701EE07B681B78022B03D1124B01221A7016E001
:20C540007B681B78002B03D10F4B01221A700EE07B681B78012B03D10C4B01221A7006E011
:20C560007B681B78062B02D1094B01221A7000BF0C37BD465DF8047B704700BF5D0CFE1F6B
:20C58000580CFE1F590CFE1F5A0CFE1F5B0CFE1F5C0CFE1F80B588B002AF78603960012359
:20C5A0007B613B68002B01D100236EE07A683B6813443B617B68374A934205D93B68013B20
:20C5C0009B0901337B612EE07B68B3F5803F0BD33B69B3F5002F01D9002356E03B68013BE4
:20C5E000DB0B01337B611EE07B68002B1BD13B69B3F5002F01D9002347E03B69B3F5803FA3
:20C600000CD33B68A3F580333B603B68013BDB0B01337B617B6908337B6104E03B68013B1F
:20C620005B0B01337B617A6979681B480AF0E6FAF860FB68002B06D0FA681849042000F0F0
:20C64000D3FF002321E07B68124A93420CD87B6900933B687A681249042000F0C5FF642039
:20C660000DF0EAFE012310E00E4B1B78002B0BD000BF0D4B1B78DBB283F00103DBB2002B69
:20C68000F7D1094B00221A70012318461837BD4680BD00BFFFFF0F40AC2BFF1FC0100300ED
:20C6A000D4100300302603005A0CFE1F80B586B000AFF860B9607A607B68FA68B968144890
:20C6C0000AF05CFA78617B69002B06D07A691149042000F089FF002316E0FB68B3F5002F20
:20C6E00001D2012310E00C4B1B78002B0BD000BF0A4B1B78DBB283F00103DBB2002BF7D138
:20C70000064B00221A70012318461837BD4680BDAC2BFF1F00110300302603005B0CFE1F25
:20C7200080B58AB000AFF860B9607A604FF40043BB61BA690021434811F048F9FB687B629D
:20C74000FA687B6813447B61BB68FB617B68002B02D07B6A002B6CD100236FE07B6A3A4ADA
:20C76000934202D94023BB610DE07B6AB3F5803F03D34FF40043BB6105E07B6A002B02D111
:20C780004FF40053BB617A697B6AD31A3B627B6ABA69B3FBF2F2B96901FB02F29B1A3B6198
:20C7A000BA693B69D31A3A6A9A4203D3BA693B69D31A3B627A6A3B69D31A7B627B6ABA69C4
:20C7C0001946204811F0ACFF3B691E4A1344F9693A6A184611F0A4FF7B6ABA6919491846B3
:20C7E00011F0E4F80346002B19D0B969786AFFF7D1FE034683F00103DBB2002B01D00023CA
:20C800001CE0104BBA691946786AFFF74FFF034683F00103DBB2002B01D000230EE03A6A1B
:20C820003B6913447A6A13447B62FA693B6A1344FB617A6A7B699A4290D301231846283742
:20C84000BD4680BD600CFE1FFFFF0F4080B586B000AFF860B9607A60FA687B6813447B61E5
:20C860007B68002B03D07B69B3F5002F01D900230BE07B68FA680749042000F0B5FE7A68F6
:20C88000B968F868FFF74CFF034618461837BD4680BD00BF1011030080B586B000AFF8604B
:20C8A000B9607A60FB687B61FA687B6813443B617B68002B07D07B690C4A934203D93B699A
:20C8C0000B4A934201D900230BE07B68FA680949042000F089FE7A68B968F868FFF720FF9C
:20C8E000034618461837BD4680BD00BFFFFF0F40002010403811030080B485B000AF0346D9
:20C900000A46FB8013467B711449FB881B0A9BB21A46FB88DBB21201134451F82330FB60E4
:20C92000FB6823F0011323F44043FB607B79FA681343BB600948FB881B0A9BB21946FB8889
:20C94000DBB2BA6842F0040209010B4440F8232000BF1437BD465DF8047B70470008044038
:20C9600080B485B000AF0023FB60EFF310837B607B68FB600123BB60BB6883F3108800BF64
:20C980000D4B1B68002B05D10C4B0022DA700B4B4022DA70084B1B680133074A1360FB68C5
:20C9A0003B603B6883F3108800BF00BF1437BD465DF8047B704700BFAC32FF1F000D0440C8
:20C9C00080B500AFFFF7CCFF00BF80BD80B582B000AF0346FB80FB8801211846FFF78CFF58
:20C9E00000BF0837BD4680BD80B582B000AF0346FB80FB8800211846FFF77EFF00BF0837AC
:20CA0000BD4680BD80B582B000AF00237B600F4B1B78002B01D0002314E00D490D4808F01F
:20CA200017FB78607B68002B05D00B49102000F0DBFD7B6806E07B68002B02D1034B0122C2
:20CA40001A707B6818460837BD4680BD618CFE1F202703006C2CFF1F6011030080B582B0A7
:20CA600000AF786001227968034808F0FBFB034618460837BD4680BD6C2CFF1F80B582B0AF
:20CA800000AF184B00221A70174B1B687B607868FEF7CAFF0346642B02D94FF496731CE07F
:20CAA000104B1B78DBB2002BF1D00E4B1B78DBB2012B04D00B4B00221A7000230DE0094B30
:20CAC0001B78DBB21A4664230849102000F08CFD044B00221A704FF4967318460837BD466E
:20CAE00080BD00BF8009FE1F440CFE1F7811030080B584B000AF786039600023FB60002371
:20CB00003A687968084808F08EFBF860FB68002B01D0FB6803E0FFF7B1FFF860FB68184605
:20CB20001037BD4680BD00BF6C2CFF1F80B584B000AF786039600023FB6000233A6879684C
:20CB4000084808F04DFBF860FB68002B01D0FB6803E0FFF793FFF860FB6818461037BD465D
:20CB600080BD00BF6C2CFF1F80B483B000AF78607B68002B03D07B681A79044B1A7000BF26
:20CB80000C37BD465DF8047B704700BF8009FE1F80B584B000AF03460A46FB711346BB71BD
:20CBA0000023FB60FB793B72BB797B7207F1080302211846FFF79CFFF860FB681846103740
:20CBC000BD4680BD80B584B000AF03463960FB710023FB60FB793B7207F10803012118468D
:20CBE000FFF786FFF860FB68002B01D0FB680AE001213868FFF79AFFF860FB68002B01D0AE
:20CC0000FB6800E0FB6818461037BD4680BDFFFF80B586B000AFF860B9601346FB71012317
:20CC20007B750023FB750023BB75FB7983F00103DBB2002B12D0374B1B68002B0BD001236A
:20CC4000FB75354B1A68334B1B6813441A463349042000F0C9FC0123BB7520E02D4B1B6806
:20CC60002F4A1344BA68F968184611F059FD294B1A68BB681344274A1360264B1B68B3F5BC
:20CC8000004F0CD1244B1A68224B1B6813441A462449042000F0A8FC0123FB7500BFFB7DE0
:20CCA000002B28D006F0A2FE1B4B1B6803F560331B49184A12681846FFF7C8FD03467B75B5
:20CCC00006F0CCFE144B1A68124B1B681344124A1360104B00221A607B7D83F00103DBB2BA
:20CCE000002B08D00C4B00221A600F49042000F07BFC00230AE0BB7D002B06D0064B0022A2
:20CD00001A600A49042000F06FFCBB6818461837BD4680BD640CFF1F680CFF1F98110300EB
:20CD2000648CFE1FC0110300D4110300F011030080B582B000AF0423FB71FBF78BFF386069
:20CD40003A680749042000F04FFC3B68002B01DA0523FB71FB7918460837BD4680BD00BF35
:20CD60000012030080B400AF0C4B93F8CA3DC3F34103DBB2012B07D0084B93F8CA3DC3F3AD
:20CD80004103DBB2022B01D1012300E00023DBB21846BD465DF8047B704700BF201AFF1F0C
:20CDA00080B582B000AF144B01221A70124B134A5A60114B124A9A600F491248FEF762FC26
:20CDC0000346FB7197F90730002B03D00121512001F0B4FE4FF47A710A48FEF74EF94FF4A4
:20CDE000FA710848FEF758F901210648FEF763F900BF0837BD4680BD6C0CFF1FEDD20100DD
:20CE000021D301007C0CFF1F80B582B000AF0323FB710023BB800023BB713B49042000F08A
:20CE2000E3FB4FF4165000F0F9FE384B1B78013BDAB2364B1A703B1D1946002000F020F9BB
:20CE40000346FB71FB79032B08D0304B1B78002B12D04FF4965000F0E1FE08E00123BB7158
:20CE6000BB881A462A49042000F0BEFB05E0274B1B78002BD9D100E000BF244B02221A7054
:20CE8000BB79002B2DD0BB8840F2631293420CD12049042000F0A8FB1F4A92F8CA3D01215E
:20CEA00061F3420382F8CA3D28E0BB8840F2333293420CD11949042000F096FB164A92F8D3
:20CEC000CA3D022161F3420382F8CA3D16E0124A92F8CA3D6FF3420382F8CA3D0523FB716F
:20CEE0000CE00F49042000F07FFB0B4A92F8CA3D6FF3420382F8CA3D0523FB71FB791846EC
:20CF00000837BD4680BD00BF101203008109FE1F3012030044120300201AFF1F6C12030090
:20CF20009412030080B582B000AF0323FB71474B93F8CA3DC3F34103DBB2002B07D0434B65
:20CF400093F8CA3DC3F34103DBB2032B08D1FFF75BFF0346FB71FB79032B01D0FB7971E074
:20CF60000023BB713A49012000F08AF80346052B48D03849022000F083F80346052B43D021
:20CF80003549032000F07CF80346052B3ED03349042000F075F80346052B39D030490520E8
:20CFA00000F06EF80346052B34D02E49062000F067F80346052B2FD02B49072000F060F857
:20CFC0000346052B2AD029490A2000F059F80346052B25D026490B2000F052F80346052B46
:20CFE00020D024490C2000F04BF80346052B1BD021490D2000F044F80346052B16D00123CB
:20D00000BB7114E000BF12E000BF10E000BF0EE000BF0CE000BF0AE000BF08E000BF06E043
:20D0200000BF04E000BF02E000BF00E000BFBB7983F00103DBB2002B03D01049042000F0AB
:20D04000D3FAFB7918460837BD4680BD201AFF1FC627FF1FC827FF1FCA27FF1FC027FF1F2E
:20D06000C227FF1FC427FF1FCE27FF1FD427FF1FD627FF1FD827FF1FDA27FF1FA412030064
:20D0800080B584B000AF03463960FB710323FB734FF6FF73BB81FB790E2B01D905231CE1F7
:20D0A000FB79002B02D10023BB81E3E0FB79012B0DD18C4B93F8CA3DC3F34103DBB2012B42
:20D0C00001D1482301E04FF48073BB81D2E0FB79022B0ED1834B93F8CA3DC3F34103DBB2A7
:20D0E000012B02D14FF6FF7301E040F20113BB81C0E0FB79032B0ED17A4B93F8CA3DC3F3E9
:20D100004103DBB2012B02D14FF6FF7301E04FF48173BB81AEE0FB79042B0DD1714B93F8DE
:20D12000CA3DC3F34103DBB2012B01D1492301E040F20313BB819DE0FB79052B0ED1694BDE
:20D1400093F8CA3DC3F34103DBB2012B02D14FF6FF7301E04FF48273BB818BE0FB79062B9B
:20D160000ED1604B93F8CA3DC3F34103DBB2012B02D14FF6FF7301E040F20513BB8179E096
:20D18000FB79072B0DD1574B93F8CA3DC3F34103DBB2012B01D14A2301E04FF48373BB818F
:20D1A00068E0FB79082B0ED14E4B93F8CA3DC3F34103DBB2012B02D14FF6FF7301E040F226
:20D1C0000713BB8156E0FB79092B0ED1454B93F8CA3DC3F34103DBB2012B02D14FF6FF73DD
:20D1E00001E04FF48473BB8144E0FB790A2B0ED13C4B93F8CA3DC3F34103DBB2012B02D18D
:20D200004FF6FF7301E040F20913BB8132E0FB790B2B0ED1334B93F8CA3DC3F34103DBB2BA
:20D22000012B02D14FF6FF7301E04FF48573BB8120E0FB790C2B0DD12A4B93F8CA3DC3F39A
:20D240004103DBB2012B01D10C2301E04FF49073BB810FE0FB790D2B0CD1224B93F8CA3DF6
:20D26000C3F34103DBB2012B01D10D2301E040F22113BB81BB894FF6FF72934205D13B682E
:20D280004FF6FE721A80122327E0B9893B6801221548FEF74EFA0346FB7297F90B30002BB5
:20D2A00016D03B684FF6FE721A80FFF75BFD0346012B03D10121512001F040FC094A92F862
:20D2C000CA3D43F0060382F8CA3D0523FB7303E00021512001F032FCFB7B18461037BD4642
:20D2E00080BD00BF201AFF1F7C0CFF1F80B586B000AFF8607A603B600B467B81FB68002B72
:20D3000001D1002308E07A687B891946F86800F0D7FD03467B617B6918461837BD4680BDD1
:20D3200080B584B000AFF8607A603B600B467B81FB68002B01D1002305E07B891946F86890
:20D3400000F0EEFC7B8918461037BD4680BDFFFF80B584B000AF786039600023FB60396864
:20D36000786808F083FDF860FB68002B03D00449202000F039F9FB6818461037BD4680BDA5
:20D38000B812030080B584B000AF78600023FB60786808F0E1FDF860FB68002B03D0044996
:20D3A000202000F021F9FB6818461037BD4680BDD012030080B584B000AF78600023FB6088
:20D3C000786808F0E9FDF860FB68002B03D00449202000F009F9FB6818461037BD4680BD0F
:20D3E000FC12030080B58AB000AFF860B9601346FB7100237B6200233B620023FB61002366
:20D400003B7400237B610023BB6107F110031946F86808F0ABFE78627B6A002B04D011499C
:20D42000202000F0E1F817E0BB69FB61FB79FA6902FB03F30C4AA2FB03235B093B62BA6866
:20D44000396AF86808F0C8FD78627B6A002B03D00649202000F0C8F87B6A18462837BD466B
:20D4600080BD00BF501303001F85EB517813030080B582B000AF786000F052F800BF0837B6
:20D48000BD4680BD80B582B000AF00237B600E490E4808F0EBFC78607B68002B03D00C499E
:20D4A000402000F0A1F8094808F076FD78607B68002B03D00649402000F096F87B681846A0
:20D4C0000837BD4680BD00BFC8270300CC2CFF1FA413030080B582B000AF7860FEF756FA19
:20D4E00000BF0837BD4680BD80B582B000AF00237B600849084808F0B9FC78607B68002BA6
:20D5000003D00649402000F06FF87B6818460837BD4680BDC0260300282CFF1FA41303005D
:20D5200080B582B000AF00237B60084808F034FD78607B68002B03D00549402000F054F8BB
:20D540007B6818460837BD4680BD00BF282CFF1FBC13030080B582B000AF7860FEF742FFE4
:20D5600000BF0837BD4680BD80B500AF4FF49673012206490648FEF7A9F94FF416730122F7
:20D5800004490548FEF7A2F900BF80BDDC0DFF1F080FFF1F1C0FFF1F7411FF1F80B582B0D6
:20D5A00000AF00237B600D4B1B78DBB2002B0DD10B490C4806F0BAFC78607B68002B07D12B
:20D5C000FFF7D2FF054B01221A7002E000BF00E000BF7B6818460837BD4680BDD80DFF1F84
:20D5E00014280300F42CFF1F0EB480B5D1B000AF07F5A073A3F59E7318602A4B1B78DBB2C2
:20D6000083F00103DBB2002B01D0002341E0D7F84C311B785B42002B01D1012339E0224BA3
:20D620001A6807F5A073A3F59E731B681340002B2ED007F5A873C7F8343107F10800D7F8A7
:20D640003431D7F84C214FF4967110F0A1F907F10803184611F072F8C7F838010023A7F8BF
:20D660003E310DE0B7F83E3107F10802134419460E48FEF7EFF8B7F83E310133A7F83E31E6
:20D68000B7F83E31D7F838219A42EBD800F010F80123184607F5A277BD46BDE8804003B0FB
:20D6A000704700BFD80DFF1F480CFE1F7411FF1F80B584B000AF0023FB60254B1B78DBB2B7
:20D6C00083F00103DBB2002B38D12248FEF748F878607B68002B33D01F4B1B7883F0010316
:20D6E000DBB2002B2ED11C4B00221A7000237B814FF496720021194810F068F900237B81F4
:20D700000EE01448FEF77CF802467B891178134AD1547B897A689A4207D97B8901337B8129
:20D720007B89B3F5967FECD300E000BF7B891A460A490B4806F046FDF86004E000BF02E0AA
:20D7400000BF00E000BFFB6818461037BD4680BDD80DFF1F7411FF1F8209FE1F8811FF1F1E
:20D76000F42CFF1F80B582B000AF78600E4B1B78DBB283F00103DBB2002B01D000230FE0F2
:20D780000A48FEF726F80346002B01D0002307E00648FEF735F803461A787B681A700123F9
:20D7A00018460837BD4680BDD80DFF1F080FFF1F80B584B000AF78600023FB607B681B6880
:20D7C000002B21D17B681B79802B1FD0802B1FDC042B06D0042B1BDC012B1BD0022B0DD029
:20D7E00016E07B689B68DBB2FB7207F10B0319460A48FEF72FF80346FB600CE0084B01227A
:20D800001A70FFF755FF06E000BF04E000BF02E000BF00E000BF1037BD4680BD080FFF1FF0
:20D820008209FE1F80B500AF4FF49673012206490648FEF74BF84FF496730122044905480F
:20D84000FEF744F800BF80BDBC12FF1FE813FF1FFC13FF1F2815FF1F80B582B000AF0023D5
:20D860007B600D4B1B78DBB2002B0DD10B490C4806F05CFB78607B68002B07D1FFF7D2FFD2
:20D88000054B01221A7002E000BF00E000BF7B6818460837BD4680BDB412FF1F702603000E
:20D8A000F82BFF1F80B584B000AF78603960144B1B78DBB283F00103DBB2002B01D00023FC
:20D8C0001AE07B681B785B42002B01D1012313E00023FB8109E0FB897A6813441946094832
:20D8E000FDF7B8FFFB890133FB81FB893A689A42F1D800F02BF8012318461037BD4680BD62
:20D90000B412FF1F2815FF1F80B584B000AF0346FB71FB79FB730B4B1B78DBB283F001032C
:20D92000DBB2002B01D0002308E007F10F0319460548FDF78FFF00F009F801231846103761
:20D94000BD4680BDB412FF1F2815FF1F80B584B000AF0023FB60254B1B78DBB283F00103AB
:20D96000DBB2002B38D12248FDF7FAFE78607B68002B33D01F4B1B7883F00103DBB2002B7B
:20D980002ED11C4B00221A7000237B814FF496720021194810F01AF800237B810EE014480E
:20D9A000FDF72EFF02467B891178134AD1547B897A689A4207D97B8901337B817B89B3F56D
:20D9C000967FECD300E000BF7B891A460A490B4806F0F8FBF86004E000BF02E000BF00E065
:20D9E00000BFFB6818461037BD4680BDB412FF1F2815FF1F8309FE1F3C15FF1FF82BFF1F88
:20DA000080B582B000AF78600E4B1B78DBB283F00103DBB2002B01D000230FE00A48FDF747
:20DA2000D8FE0346002B01D0002307E00648FDF7E7FE03461A787B681A7001231846083791
:20DA4000BD4680BDB412FF1FE813FF1F80B500AF0D4B1B78DBB283F00103DBB2002B0FD11E
:20DA60000A48FDF7B6FE0346002B0BD10748FDF7C7FE0648FDF774FE0346002BF6D102E083
:20DA800000BF00E000BF80BDB412FF1FE813FF1F80B584B000AF78607B68FB600023BB6082
:20DAA0001A48FDF796FE0346002B01D0BB6828E0174B1B68002B03D1164B1B68144A136073
:20DAC000134B1B681846FDF7AFFF0346092B0ED8002316E00D48FDF793FE03461A78FB68D1
:20DAE0001A70FB680133FB60BB680133BB600748FDF76FFE034683F00103DBB2002BE9D156
:20DB0000BB6818461037BD4680BD00BFE813FF1FB812FF1F440CFE1F80B584B000AF7860E0
:20DB20000023FB607B681B68042B25D17B681B79802B23D0802B23DC042B06D0042B1FDCEE
:20DB4000012B1FD0022B11D01AE07B689B68DBB2FB7207F10B0319460C48FDF77BFE034653
:20DB6000FB600B4B1B680B4A13600CE00A4B01221A70FFF7EBFE06E000BF04E000BF02E0B2
:20DB800000BF00E000BF1037BD4680BDE813FF1F440CFE1FB812FF1F8309FE1F80B500AFA5
:20DBA0004FF49673012206490648FDF78FFE4FF49673012204490548FDF788FE00BF80BD59
:20DBC0007016FF1F9C17FF1FB017FF1FDC18FF1F80B582B000AF00237B600D4B1B78DBB24D
:20DBE000002B0DD10B490C4806F0A0F978607B68002B07D1FFF7D2FF054B01221A7002E081
:20DC000000BF00E000BF7B6818460837BD4680BD6816FF1F102603007C2BFF1F80B584B0E3
:20DC200000AF78600023FB600023BB60124B1B78DBB283F00103DBB2002B14D107F108030D
:20DC400041F288320021786806F0A0FB0346002B0BD107F108031946084806F055FBF860A5
:20DC6000FB68002B02E000BF00E000BFFB6818461037BD4680BD00BF6816FF1F7C2BFF1F6E
:20DC80000FB480B5CEB000AF234B1B78DBB283F00103DBB2002B01D0002334E0D7F840315A
:20DCA0001B785B42002B01D101232CE007F5A273C7F82C313846D7F82C31D7F840214FF4BD
:20DCC00096710FF065FE3B46184610F037FDC7F830010023A7F836310CE0B7F836313A462D
:20DCE000134419460D48FDF7B5FDB7F836310133A7F83631B7F83631D7F830219A42ECD84D
:20DD000000F040F80123184607F59C77BD46BDE8804004B0704700BF6816FF1FDC18FF1F0A
:20DD200080B584B000AF78603960144B1B78DBB283F00103DBB2002B01D000231AE07B68DB
:20DD40001B785B42002B01D1012313E00023FB8109E0FB897A68134419460948FDF77AFD1F
:20DD6000FB890133FB81FB893A689A42F1D800F009F8012318461037BD4680BD6816FF1F0E
:20DD8000DC18FF1F80B584B000AF0023FB60254B1B78DBB283F00103DBB2002B38D12248A9
:20DDA000FDF7DEFC78607B68002B33D01F4B1B7883F00103DBB2002B2ED11C4B00221A706E
:20DDC00000237B814FF49672002119480FF0FEFD00237B810EE01448FDF712FD02467B89A5
:20DDE0001178134AD1547B897A689A4207D97B8901337B817B89B3F5967FECD300E000BF23
:20DE00007B891A460A490B4806F0DCF9F86004E000BF02E000BF00E000BFFB6818461037EA
:20DE2000BD4680BD6816FF1FDC18FF1F8409FE1FF018FF1F7C2BFF1F80B584B000AF78606F
:20DE40007B68FB600023BB601A48FDF7C2FC0346002B01D0BB6828E0174B1B68002B03D1DE
:20DE6000164B1B68144A1360134B1B681846FDF7DBFD0346312B0ED8002316E00D48FDF7F5
:20DE8000BFFC03461A78FB681A70FB680133FB60BB680133BB600748FDF79BFC034683F005
:20DEA0000103DBB2002BE9D1BB6818461037BD4680BD00BF9C17FF1F6C16FF1F440CFE1F47
:20DEC00080B586B000AFF8600B467A607B8100233B8200237B611C48FDF742FC03463B822E
:20DEE0007A893B8A9A420AD905200CF0A5FA7B6905337B617A687B699A4202D9EBE700BFD5
:20DF000000E000BF3A8A7B89934228BF13467B820CE00D48FDF774FC03461A78FB681A701B
:20DF2000FB680133FB607B8A013B7B827B8A002BEFD13A8A7B89934228BF13469BB2184639
:20DF40001837BD4680BD00BF9C17FF1F80B584B000AF78600023FB607B681B68092B25D1A4
:20DF60007B681B79802B23D0802B23DC042B06D0042B1FDC012B1FD0022B11D01AE07B68AD
:20DF80009B68DBB2FB7207F10B0319460C48FDF761FC0346FB600B4B1B680B4A13600CE049
:20DFA0000A4B01221A70FFF7EDFE06E000BF04E000BF02E000BF00E000BF1037BD4680BD6F
:20DFC0009C17FF1F440CFE1F6C16FF1F8409FE1F80B400AFBFF34F8F00BF064BDB6803F4FC
:20DFE000E0620449044B1343CB60BFF34F8F00BF00BFFDE700ED00E00400FA05FFFFFFFF04
:20E000002DE9B04382B000AF4B4BB3F8BC3D9BB218460DF0ADFF40A3D3E900230EF012F8BE
:20E0200002460B4614461D46434BB3F8BC3D9BB218460DF09DFF02460B46204629460EF0A8
:20E0400001F802460B4614461D463B4BB3F8BC3D9BB218460DF08CFF02460B4620462946A6
:20E060000DF0F0FF02460B4614461D46324BB3F8BC3D9BB218460DF07BFF29A3D3E9002370
:20E080000DF0E0FF02460B46904699462A4BB3F8BC3D9BB218460DF06BFF02460B4640460C
:20E0A00049460DF0CFFF02460B46204629460DF011FE02460B4614461D461F4BB3F8BC3D28
:20E0C0009BB218460DF054FF17A3D3E900230DF0B9FF02460B46204629460DF0FDFD02464A
:20E0E0000B461046194612A3D3E900230DF0F2FD02460B46104619460EF054FA03467B60DC
:20E100007B68002B01DA00237B607B6818460837BD46BDE8B08300BF956479E17FFDB5BDBD
:20E120008DEDB5A0F7C6B03E46B6F3FDD4F80840C3F5285C8FD25D40201AFF1F80B400AFF0
:20E1400001231846BD465DF8047B704780B582B000AF0346FB80FB881846FEF737FC00BF0D
:20E160000837BD4680BD80B582B000AF0346FB80FB881846FEF738FC00BF0837BD4680BDFE
:20E1800080B582B000AF1C4B93F8C030DBB21E2B03D9194B1E2283F8C020174B93F8C83DE4
:20E1A000C3F38003DBB2012B18D1134B93F8C030DBB207EE903AF8EE677AB1EE047A27EE66
:20E1C000877AF0EE086AC7EE267AFCEEE77AC7ED017A3B79DBB21846FEF746F9064B93F870
:20E1E000C030DBB21A4605490120FFF7FDF900BF0837BD4680BD00BF201AFF1FD0130300AC
:20E2000080B500AF40F20120FEF7EEFB3C200CF013F940F20120FEF7D9FB00BF80BD80B538
:20E2200084B000AF78607868FBF72CFEB860BB68002B07D07B681B782F2B06D97B681B78C5
:20E24000392B02D80023FB7301E00123FB73B868FAF70AFEFB7B18461037BD4680BD80B5D3
:20E2600084B000AFF860B96087ED000BBB68002B09D0FB68002B06D097ED000BB968F86830
:20E28000FCF7D8FC00E000BF1037BD4680BD80B584B000AFF860B9607A60BB68002B0BD005
:20E2A0007B68002B08D0FB68002B05D07A68B968F868FCF7E3FC00E000BF1037BD4680BDBA
:20E2C00080B584B000AF78607868FBF76DFEF860FA6805490120FFF787F9F868FCF772FDB0
:20E2E00000BF1037BD4680BD0014030080B584B000AF78607868FBF757FEF860F86810F0F2
:20E300001DFA03461946F868FFF7CCFAF868FCF759FD00BF1037BD4680BDFFFF80B58EB0C2
:20E3200004AF7860396007F11C0107F1200207F10C03039307F11003029307F114030193AA
:20E3400007F1180300930B46134978680FF0C8FA78627B6A062B19D13B6A9AB23B681A80C1
:20E36000FB69DAB23B689A70BB69DAB23B68DA707B69DAB23B685A713B69DAB23B689A71A7
:20E38000FB68DAB23B68DA71042300E0052318462837BD4680BD00BF081403002DE9B0438D
:20E3A00090B000AFF860B9607A6007F118032422002118460FF00AFBFB68DB79BB61FB6811
:20E3C0009B79FB61FB685B793B62FB68DB787B62FB689B78013BBB62FB681B88A3F26C731D
:20E3E000FB6207F1180318460FF000FD02460B46C7E90423BB6800221C461546D7E90423FA
:20E4000014EB020845EB0309C7E9048907F1100318460FF005FBF863FB6B5B699BB203F24B
:20E420006C739AB27B681A80FB6B1B69DBB20133DAB27B689A70FB6BDB68DAB27B68DA70AE
:20E44000FB6B9B69DAB27B681A71FB6B9B68DAB27B685A71FB6B5B68DAB27B689A71FB6BAC
:20E460001B68DAB27B68DA7100BF4037BD46BDE8B083FFFF80B400AF084B93F87B3DDBB24A
:20E480001A4613469B001344DB00D033034A13441846BD465DF8047B704700BF201AFF1F4C
:20E4A00080B400AF084B93F87A3DDBB21A4613469B001344DB00D033034A13441846BD46C9
:20E4C0005DF8047B704700BF201AFF1F80B582B000AF00F07FF80346012B01D1002344E08F
:20E4E000244B93F87B3DFB710023BB7100F048F803467B71FA7913469B001344DB00D033AE
:20E500001C4A13443B603B68002B19D03B6893F8263003F00103DBB2002B11D03B6893F8AA
:20E52000263003F00403DBB2002B09D13B689B891A46FB7910490120FFF756F83B6814E009
:20E54000FB79002B02D15023FB7102E0FB79013BFB71BB790133BB71BA797B799A42C9D933
:20E5600006490120FFF740F8002318460837BD4680BD00BF201AFF1F281403006014030030
:20E5800080B400AF124B93F87B3DDAB2104B93F87A3DDBB29A420AD30D4B93F87B3DDAB262
:20E5A0000B4B93F87A3DDBB2D31ADBB20BE0084B93F87B3DDAB2064B93F87A3DDBB2D31AA2
:20E5C000DBB25133DBB21846BD465DF8047B7047201AFF1F80B500AFFFF7D2FF0346002B3A
:20E5E0000CBF01230023DBB2184680BD80B500AF164B93F87B3DDBB20133DAB2134B83F833
:20E600007B2D124B93F87B3DDBB2502B03D90F4B002283F87B2D0D4B93F87B3DDAB20B4BB2
:20E6200093F87A3DDBB29A420ED100F013F8074B93F87A3DDBB21A46044B93F87B3DDBB2B5
:20E6400003490120FEF7D0FF00BF80BD201AFF1F9014030080B500AF124B93F87A3DDBB27E
:20E660001A4613469B001344DB00D0330D4A13442822002118460FF0A9F90A4B93F87A3D62
:20E68000DBB20133DAB2074B83F87A2D054B93F87A3DDBB2502B03D9024B002283F87A2DB2
:20E6A00000BF80BD201AFF1F80B582B000AF0523FB714FF44B611748FDF776F90346BB8027
:20E6C000154ABB88A2F8843D134B144AC3F8802D104B40F6B84219461148FEF7DDF80346C3
:20E6E000002B01D00423FB710A4B40F6B84219460C48FEF7D1F80346002B01D00423FB71BD
:20E7000009490120FEF770FFFB7918460837BD4680BD00BFF01AFF1F201AFF1F2233CDABC5
:20E720000002104000121040C814030080B588B002AF0523FB75414B3B610023FB733B6933
:20E74000BB60BB68D3F8B03C3D4A93421AD1BB684FF44B611846FDF727F90346FB80BB6812
:20E76000B3F8B43CFA889A420CD140F6B842B96834480FF0D5FF34490120FEF735FF042335
:20E78000FB7514E0BB68D3F8B02CBB68B3F8B43C009313463A692D490120FEF725FF2C4BD7
:20E7A0003B61FB7B0133FB73FB7B012BC7D9FB7D042B3ED1274B93F87B3DDBB21A461346B2
:20E7C0009B001344DB00D033224A13443B603B6893F8263003F00403DBB2002B29D03B6839
:20E7E00093F8263003F00203DBB2002B1CD03B6803F10E003B6859683B6816331A46FFF751
:20E80000CDFD3A6892F826306FF3820382F82630FFF7ECFE0F4BB3F8783D9BB201339AB28E
:20E820000C4BA3F8782D04E02822002138680FF0CDF8FB7D18461837BD4680BD00021040D7
:20E840002233CDABF01AFF1FE0140300F814030000121040201AFF1F80B582B000AF0523C5
:20E86000FB71C8211548FDF79FF80346BB80134ABB88A2F8CC30114B114AC3F8C8200F4BED
:20E88000D02219460F48FEF707F80346002B01D00423FB71094BD02219460B48FDF7FCFF1D
:20E8A0000346002B01D00423FB7108490120FEF79BFEFB7918460837BD4680BD201AFF1FD7
:20E8C000CDAB221100001040001010403415030080B588B002AF0523FB751F4B3B610023B2
:20E8E000FB733B69BB60BB68D3F8C8301B4A934218D1BB68C8211846FDF756F80346FB8072
:20E90000BB68B3F8CC30FA889A420BD1D022B96813480FF005FF13490120FEF765FE042386
:20E92000FB7514E0BB68D3F8C820BB68B3F8CC30009313463A690C490120FEF755FE0B4B30
:20E940003B61FB7B0133FB73FB7B012BC9D9FB7D18461837BD4680BD00001040CDAB22115F
:20E96000201AFF1FE0140300F81403000010104080B582B000AF0346FB7140F6B84216497F
:20E9800016480FF013F80346002B04D1144B1B68144A13601BE0144B93F8CA3DC3F300036E
:20E9A000DBB2012B12D00F4B1B681846FDF73CF803460E4A934202D8FB79002B07D0084B40
:20E9C0001B68084A1360FFF76FFE00E000BF00BF0837BD4680BD00BF00021040F01AFF1F76
:20E9E000440CFE1F4428FF1F201AFF1FC027090080B500AF0A4B93F8CA3DC3F30003DBB2C7
:20EA0000012B0AD0D022074905480EF0CFFF0346002B03D0FFF720FF00E000BF00BF80BD9E
:20EA2000201AFF1F0000104080B485B000AF0346FB71FB795B09FB73FB7903F01F03BB7364
:20EA4000FB7B0B4A03F2623352F82320BB7B012101FA03F31946FB7B0A43054903F2623391
:20EA600041F8232000BF1437BD465DF8047B7047201AFF1F80B485B000AF0346FB71FB79E9
:20EA80005B09FB73FB7903F01F03BB73FB7B0B4A03F2623352F82310BB7B012202FA03F3D0
:20EAA000DA43FB7B0A40054903F2623341F8232000BF1437BD465DF8047B7047201AFF1F35
:20EAC00080B400AF0A4B0022C3F8882D084B0022C3F88C2D064B0022C3F8902D044B002227
:20EAE000C3F8942D00BFBD465DF8047B704700BF201AFF1F80B485B000AF0346FB71FB79F5
:20EB00005B09FB73FB7903F01F03BB73FB7B0A4A03F2623352F82330BA7B012101FA02F235
:20EB20001340002B14BF01230023DBB218461437BD465DF8047B7047201AFF1F80B582B0BA
:20EB400000AF03460A46FB711346BB71BB79002B04D0FB791846FFF767FF03E0FB79184666
:20EB6000FFF788FF00BF0837BD4680BD80B586B000AF78600023FB6000233B61324BD3F863
:20EB8000883D002B12D1304BD3F88C3D002B0DD12D4BD3F8903D002B08D12B4BD3F8943D64
:20EBA000002B03D17B6800221A704AE00023FB75FB7D254A03F2623352F82330002B2CD0D5
:20EBC0000023BB7526E0FB7D1F4A03F2623352F82330BA7D012101FA02F21340002B16D028
:20EBE00007F10C030822002118460EF0EFFEBA7DFB7D5B011A4407F10C03144918460EF051
:20EC00004FFE07F10C03194678680EF0E7FEBB7D0133BB75BB7D1F2BD5D9FB7D0133FB7596
:20EC2000FB7D032BC4D978680FF088FD0346013B7A68134400221A707A6805490120FEF77D
:20EC4000D3FC1837BD4680BD201AFF1F4C1503005415030090B585B000AF1F4B3C460FCB3F
:20EC600084E80F0040F6A84200211C480EF0AEFE194B002283F87A2D174B002283F87B2D7B
:20EC8000154B0122A3F8782D0120FFF771FEC822002111480EF09AFE0F4B1C463B460FCB1A
:20ECA00084E80F000C4B1E2283F8C0200A4B002283F8C120084B012283F8C220FFF798FEB5
:20ECC000FFF7FEFE06490120FEF78EFC64200BF0B3FBFFF77DF900BF201AFF1FF01AFF1F7B
:20ECE0006015030080B582B000AF786000F062F800200BF0D9FB294B93F8CB3DDBB2002BB6
:20ED00000FD0264B93F8CC3DDBB2002B09D0234B93F8CD3DDBB2002B03D0214B00221A70D8
:20ED200002E01F48FCF792FE1D4B1B78022B1ED91C490220FEF758FC184B93F8CB3DDBB295
:20ED40001A4619490220FEF74FFC144B93F8CC3DDBB21A4615490220FEF746FC0F4B93F813
:20ED6000CD3DDBB21A4612490220FEF73DFC0C4B1B78042B01D8FDF7D3F9084B002283F84F
:20ED8000CB2D064B002283F8CC2D044B002283F8CD2D4FF47A700BF04FFBACE7201AFF1F51
:20EDA0004828FF1F90150300C0150300D8150300F415030080B400AF094B002283F8CB2D7D
:20EDC000074B002283F8CC2D054B002283F8CD2D044B00221A7000BFBD465DF8047B70471C
:20EDE000201AFF1F4828FF1F80B400AFBFF34F8F00BF064BDB6803F4E0620449044B13433C
:20EE0000CB60BFF34F8F00BF00BFFDE700ED00E00400FA0580B584B000AF786000F04CF8E1
:20EE200000200BF041FB214B93F8CD3DDBB20133DAB21E4B83F8CD2D4FF47A700BF0FCFA31
:20EE40000023FB60194B93F8CD3DDBB20133DAB2164B83F8CD2D1E200BF0EEFA134B93F80E
:20EE6000CA3DC3F30003DBB2002B1AD10F4B93F8C93DC3F30013DBB2012B14D0FB68002B50
:20EE800002D10B4B1B68FB60F868FCF7CDFD0346084A934202D9064B1B68FB6000F014F8D8
:20EEA000D0E700BFCEE700BFCCE700BF201AFF1F440CFE1FE093040080B400AF00BFBD4615
:20EEC0005DF8047B7047FFFFF0B5ADB006AF0023FB6007F110032E22002118460EF076FD29
:20EEE000FF2387F89730FF2387F89630FF2387F89530FF2387F894300023C7F89030FF23B4
:20EF000087F88F304FF6FF73A7F88C304FF0FF33C7F888306FF00043C7F884304FF4967259
:20EF20000021BF480EF052FDBD48FEF7B1FD0346A7F88230B7F88230002B00F0CE80B7F8A1
:20EF40008220B74BB7494FF48070FEF74DFBB448FFF765F9034683F00103DBB2002B40F0A5
:20EF6000B580AF48FAF78EFFC7F89000D7F89030002B00F0AD80AC49D7F89000FBF7A3FDDB
:20EF8000F867FB6F002B00F0A580FB6F5B6987F89630A649D7F89000FBF795FDB867BB6FDA
:20EFA000002B00F09980BB6F5B6987F89730A049D7F89000FBF787FD78677B6F002B07D060
:20EFC0007B6F1A6907F10C03114618460FF0A0FB9849D7F89000FBF776FD38673B6F002B55
:20EFE00003D03B6F5B6987F895309349D7F89000FBF769FDF866FB6E002B03D0FB6E5B6907
:20F0000087F894308D49D7F89000FBF75CFDB866BB6E002B07D0BB6E5B69A7F88C30884ACA
:20F02000B7F88C3013808749D7F89000FBF74BFD78667B6E002B03D07B6E5B69C7F8883080
:20F040008149D7F89000FBF73EFD38663B6E002B03D03B6E5B69C7F8843097F8965097F831
:20F06000976097F8952097F89410B7F88C0007F10C0393F90030002B02D007F10C0300E040
:20F08000724BD7F884400594D7F888400494039302900191009233462A466D494FF480703A
:20F0A000FEF7A2FA97F89530FF2B16D0694B93F8C030DBB297F895209A420ED0654A97F863
:20F0C000953082F8C030FFF75BF806E000BF04E000BF02E000BF00E000BF5F4B1B78002BC8
:20F0E00040F0058397F89730FF2B06D197F896301946FF2000F030FBFAE297F89730DD2BD9
:20F1000000F3F382C92B04DA102B7BDC032B55DAEBE2C93B142B00F2E88201A252F823F05A
:20F1200011F2010061F20100EBF60100EBF60100EBF60100EBF60100EBF60100EBF601002B
:20F14000EBF60100EBF60100EBF60100EBF60100EBF60100EBF60100EBF60100EBF601009F
:20F16000EBF60100EBF60100EBF6010061F6010079F60100643B0D2B00F2B78201A252F832
:20F1800023F000BF9FF60100F9F3010095F50100EBF60100EBF60100EBF60100EBF6010007
:20F1A000EBF60100EBF60100EBF60100EBF60100BFF60100EBF60100D5F60100033B0D2BED
:20F1C00000F2938201A252F823F000BF89F20100EBF6010089F2010089F20100EBF6010031
:20F1E000EBF60100EBF60100EBF60100EBF60100EBF6010041F30100EBF60100C9F30100D1
:20F20000E9F30100712B00F37082642BB2DA6CE212494FF48070FEF7E7F9FFF7E5FD00BF2D
:20F220005828FF1F0C16030024160300281603002C16030030160300341603003816030061
:20F240008609FE1F3C160300401603004816030050160300201AFF1F4C28FF1FA0160300E7
:20F26000A84A92F8CA3D43F0010382F8CA3DA54B93F8CA3DC3F30003DBB21A46A2494FF4FD
:20F280008070FEF7B1F931E2A049D7F89000FBF71AFC78647B6C002B0DD07B6C1B691946E7
:20F2A00098480FF035FA7B6C1B691A4698494FF48070FEF799F997F89730062B09D1914B9D
:20F2C000944A07CA03C31A7093494FF48070FEF78BF99249D7F89000FBF7F5FB38643B6C48
:20F2E000002B22D03B6C5B69DAB2864B83F8C120844B93F8C130DBB2002B07D0814A92F89E
:20F30000C93D6FF3820382F8C93D06E07D4A92F8C93D43F0040382F8C93D3B6C5B691A46BE
:20F320007F494FF48070FEF75FF9FFF795FA012387F88F307B494FF48070FEF755F9D5E1AE
:20F34000002387F88F303A1D07F10C0311461846FEF7E4FF0346042B34D1BB881C46BB790B
:20F360001D46FB797A7AB97AF87A03900291019200932B4622466C494FF48070FEF734F9EE
:20F38000BB88B979FA791846FCF718FC0346042B05D066494FF48070FEF726F913E07B7AF5
:20F3A000B97AFA7A1846FCF7D2FB0346042B05D05F494FF48070FEF717F904E0012387F8D4
:20F3C0008F3093E100BF91E14E4A92F8C93D43F0200382F8C93D012387F88F3055494FF488
:20F3E0008070FEF701F981E153494FF48070FEF7FBF8FFF72FFC79E1002387F88F30414BAD
:20F4000093F8CA3DC3F30003DBB2012B05D14B494FF48070FEF7E8F8BBE0FFF72BF87865E5
:20F420004749D7F89000FBF74EFB38653B6D002B05D144494FF48070FEF7D6F8A9E03B6DA8
:20F440005B69002B05D140494FF48070FEF7CCF89FE03B6D5B691A467B6D1A603B49D7F872
:20F460009000FBF730FBF864FB6C002B14D0FB6C5B69002B10DDFB6C5B699AB2214BA3F84C
:20F48000982D204BB3F8983D9BB21A4630494FF48070FEF7A9F803E01A4B0022A3F8982D03
:20F4A0002C49D7F89000FBF70EFBB864BB6C002B56D0BB6C5B69002B52DDBB6C5B699AB26D
:20F4C000104BA3F89A2D0F4BB3F89A3D9BB2224AA2FB0323DB089BB218460A4BB3F89A3DB2
:20F4E0009AB21D4BA3FB0213D9080B469B000B445B00D31A9BB2024618494FF48070FEF723
:20F5000073F831E0201AFF1FB4160300CC160300D0160300E4160300F01603003416030029
:20F52000041703001C17030038170300681703007C17030090170300AC170300E0170300A3
:20F540001418030018180300501803009018030098180300BC180300CDCCCCCCC418030099
:20F560006D4B0022A3F89A2D6B4A92F8C93D43F0040382F8C93D7B6D1B681A4667494FF492
:20F580008070FEF731F801F09BFF012387F88F30ACE0ABE0002387F88F305F4B93F8CA3DBC
:20F5A000C3F30003DBB2012B08D1002387F88F305B494FF48070FEF717F850E05949D7F823
:20F5C0009000FBF780FAF865FB6D002B05D156494FF48070FEF708F841E0FEF74BFFB86525
:20F5E000FB6D5B69514A93420ED0BB6D1B68FA6D526993420DD0FB6D5B691A464C494FF4AE
:20F600008070FDF7F1FF2AE04A494FF48070FDF7EBFF01F075FF484B00221A76464B00220B
:20F620005A76454B00229A60434B0022DA603A4A92F8C93D6FF3820382F8C93D364B002246
:20F64000A3F8982D344B0022A3F89A2D3B494FF48070FDF7C9FF012387F88F3046E045E027
:20F6600037494FF48070FDF7BFFF97F896301946E02000F071F839E032494FF48070FDF75D
:20F68000B3FF254A92F8C93D6FF3C71382F8C93D97F896301946E02000F05EF826E0FEF708
:20F6A00099FF0346002B01D1FEF7D4FF26494FF48070FDF799FF0120FFF75AF916E02349AA
:20F6C0004FF48070FDF790FF97F89630184600F063FE0BE01E494FF48070FDF785FF97F8E4
:20F6E0009630184601F0F0F900E000BF00E000BFD7F89000F9F7B8FB97F88F30FF2B07D07D
:20F7000097F8962097F88F301146184600F024F800BF9C37BD46F0BD201AFF1FEC180300F4
:20F720001819030014180300481903007F96980080190300B81903000828FF1FD4190300A7
:20F74000F4190300081A03002C1A0300641A03008C1A0300FFFFFFFFF0B5B3B006AF0346FF
:20F760000A46FB711346BB710023C7F8AC300023FB6707F1800300221A605A609A60DA6000
:20F780001A615A619A61FB79FF2B03D0634B01221A7086E0624B1B68002B03D15F4B01220A
:20F7A0001A707EE05F4B1B7DDAB25F4B1B789A4208D05C4B1B7DDAB25B4B1A70574B0122E2
:20F7C0001A706EE0594B93F8C83DC3F38013DAB2574B1B789A4203D0504B01221A7060E0DC
:20F7E000544B1A68514BD3F8883D9A4214D1514B5A684E4BD3F88C3D9A420DD14D4B9A681C
:20F800004A4BD3F8903D9A4206D14A4BDA68474BD3F8943D9A4217D0444BD3F8883D454A92
:20F820001360424BD3F88C3D424A53603F4BD3F8903D404A93603D4BD3F8943D3D4AD36078
:20F84000364B01221A702CE0384B93F8CA3DC3F3C003DBB2012B0AD1304B01221A70334AA7
:20F8600092F8CA3D6FF3C30382F8CA3D19E02D4B1B7DDBB2022B03D12F4BC7F8AC3002E0C0
:20F880002E4BC7F8AC30264B1B681846FCF7CCF80246D7F8AC30934203D2204B01221A7096
:20F8A00000BF1E4B1B7883F00103DBB2002B40F05185234B1B68002B09D0214B1B68184616
:20F8C000FCF7B2F80346B3F5FA6FC0F04585134B00221A701B4B1B68114A1360194B1B680F
:20F8E000174A1360114B93F8C83DC3F38013DBB2002B14BF01230023DAB20D4B1A70FBF7CD
:20F900004DFAC7F8A400042387F8AB30BB79013B012B19D8BB7987F8AB3019E08829FF1FD9
:20F920008C29FF1FF027FF1F8809FE1F201AFF1F9029FF1F9429FF1FC027090040771B0045
:20F940008429FF1F440CFE1F042387F8AB3000BF97F8AB3018460CF0FBFA02460B4643ECAE
:20F96000102BC149D7F8A400FEF779FC9FEDBC0BBE49D7F8A400FEF772FCBD4ABD49D7F859
:20F98000A400FEF784FC07F1740300221A605A6007F174031846FCF75BF900233B6407F1BB
:20F9A00044032E22002118460EF010F800237B6307F1380300221A609A80B7F874301D468B
:20F9C00097F876301E4697F8773097F8792097F87A1097F87B00044607F140000394029161
:20F9E0000192009333462A46A3490DF059FF07F140031A46A149D7F8A400FEF748FC9C4B9F
:20FA000093F8C030DBB218460CF0A2FA02460B4643EC102B9A49D7F8A400FEF720FC01235A
:20FA200087F8A330974B1B7D87F8A33097F8A33018460CF08DFA02460B4643EC102B924987
:20FA4000D7F8A400FEF70BFC894BB3F8A63D9BB24FF6FD7293421AD8854BB3F8A63D9BB262
:20FA60008A4AA2FB03235B099BB218460CF080FA4FF00002864B0CF02FF902460B46104645
:20FA800019460CF08FFD0346002B00F02E810023FB6007F1100300221A605A609A60DA6059
:20FAA0001A615A619A61724B93F8C230DBB2012B3CD16F4BB3F8A63D9BB24FF6FD729342F7
:20FAC00018D86B4BB3F8A63D9BB2704AA2FB03235B099BB218460CF04BFA4FF000026C4BE0
:20FAE0000CF0FAF802460B46104619460CF05AFD024601E04FF0FF325D4BB3F8A03D9BB261
:20FB00004FF6FD718B4209D8594BB3F8A03D9BB25E49A1FB03135B099BB201E04FF0FF33AF
:20FB200007F10C005B490DF0BBFED6E0504B93F8C230DBB2032B40F0D0804D4BB3F8A63D38
:20FB40009BB24FF6FD72934218D8494BB3F8A63D9BB24E4AA2FB03235B099BB218460CF00A
:20FB600007FA4FF000024A4B0CF0B6F802460B46104619460CF016FD044601E04FF0FF340A
:20FB80003B4BB3F8A83D9BB24FF6FD72934218D8374BB3F8A83D9BB23C4AA2FB03235B097D
:20FBA0009BB218460CF0E4F94FF00002384B0CF093F802460B46104619460CF0F3FC0546F2
:20FBC00001E04FF0FF352A4BB3F8AA3D9BB24FF6FD72934218D8264BB3F8AA3D9BB22B4A3F
:20FBE000A2FB03235B099BB218460CF0C1F94FF00002274B0CF070F802460B461046194618
:20FC00000CF0D0FC034601E04FF0FF33184AB2F8A02D92B24FF6FD718A420AD8144AB2F8FB
:20FC2000A02D92B21949A1FB0212520992B2114601E04FF0FF310E4AB2F8A22D92B24FF601
:20FC4000FD70824228D80A4AB2F8A22D92B20F48A0FB0202520992B216461FE0AFF3008050
:20FC600000000000000059402416030028160300201AFF1FBC1A0300C01A03002C1603001A
:20FC800030160300F027FF1FE01A03001F85EB510000E03FE41A03004FF0FF368E4AB2F8F3
:20FCA000A42D92B24FF6FD70824209D88A4AB2F8A42D92B28948A0FB0202520992B201E055
:20FCC0004FF0FF3207F10C0003920296019100932B46224682490DF0E3FD07F10C031A4676
:20FCE0008049D7F8A400FEF7D2FA7B4B93F8C230DBB2012B2AD1784BB3F8AE3D9BB24FF625
:20FD0000FD72934205D8744BB3F8AE3D9BB2002B6DD0714BB3F8AE3D9BB24FF6FD72934290
:20FD200009D86D4BB3F8AE3D9BB218460CF020F902460B4602E04FF000026B4B43EC102BF8
:20FD40006A49D7F8A400FEF78AFA50E0624B93F8C230DBB2032B4AD15F4BB3F8B43D9BB241
:20FD60004FF6FD72934209D85B4BB3F8B63D9BB24FF6FD72934201D8012300E00023002BD4
:20FD80000BDD554BB3F8B43D9BB21B04524AB2F8B62D92B21344002B29D04F4BB3F8B43DB5
:20FDA0009BB24FF6FD72934217D84B4BB3F8B63D9BB24FF6FD7293420FD8474BB3F8B43D5F
:20FDC0009BB21B04444AB2F8B62D92B2134418460CF0CEF802460B4602E04FF00002424B98
:20FDE00043EC102B4149D7F8A400FEF738FA404BDB6918460CF0BCF802460B4643EC102B95
:20FE00003C49D7F8A400FEF72AFA394B1B6A18460CF0AEF802460B4643EC102B3649D7F877
:20FE2000A400FEF71CFAFB79012B02D0FB79002B0CD1FB7918460CF08BF802460B4643EC0C
:20FE4000102B2E49D7F8A400FEF709FA07F17C031846FEF78BFE07F17C0393F90030002BD4
:20FE600007D007F17C031A462549D7F8A400FEF70EFA194B93F8C93DC3F3C013DBB2002BC0
:20FE800071D19FED130B1F49D7F8A400FEF7E7F90023FB6200233B6307F12C004FF480732B
:20FEA000194A08210DF0C8FC07F12C031A461749D7F8A400FEF7EBF9074B93F8CA3DC3F328
:20FEC0004103DBB2002B23D09FED017B22E000BF000000000000F03F201AFF1F1F85EB5103
:20FEE000EC1A0300001B03000000F0BF041B03000828FF1F081B03000C1B0300101B03003E
:20FF0000141B0300181B0300201B0300281B03009FEDC97BB0EE470AF0EE670AC849D7F807
:20FF2000A400FEF79CF9C74B93F8C230DBB218460CF00EF802460B4643EC102BC249D7F83A
:20FF4000A400FEF78CF9BF4B93F8C130DBB218460BF0FEFF02460B4643EC102BBB49D7F844
:20FF6000A400FEF77CF9FEF70BFB034618460BF0EFFF02460B4643EC102BB549D7F8A40074
:20FF8000FEF76DF9AF4B93F8C93DC3F3C013DBB2002B00F0BD81FEF783FAC7F89C00D7F870
:20FFA0009C30002B00F0B681D7F89C3093F8263003F00103DBB2002B00F0AE81FEF70AFBDF
:20FFC0000346002B40F0E080D7F89C3093F8263003F00403DBB2002B40F0D680D7F89C30CE
:20FFE0009B8918460BF0B4FF02460B4643EC102B9849D7F8A400FEF732F9924B93F8C13001
:020000040002F8
:20000000DBB2002B0ED0D7F89C301B6818460BF09FFF02460B4643EC102B8F49D7F8A400E7
:20002000FEF71DF907F134030A22002118460DF0CDFCD7F89C30D3F81E30002B0ADBD7F882
:200040009C30D3F81E2007F13403844918460DF027FC03E007F13403814A1A6007F14003BF
:200060003222002118460DF0B1FCD7F89C30DB891E46D7F89C301B7C9C46D7F89C305B7C1A
:200080001A46D7F89C30DB7C1946D7F89C301B7D1C46D7F89C305B7D1D4607F1400007F114
:2000A000340304930395029401910092634632466C490DF0F5FB07F140031A466A49D7F840
:2000C000A400FEF7E4F807F134030A22002118460DF07CFCD7F89C30D3F82230002B0ADB94
:2000E000D7F89C30D3F8222007F134035B4918460DF0D6FB03E007F13403594A1A6007F132
:2001000040033222002118460DF060FCD7F89C30DB8A1E46D7F89C301B7E9C46D7F89C305B
:200120005B7E1A46D7F89C30DB7E1946D7F89C301B7F1C46D7F89C305B7F1D4607F140008C
:2001400007F13403049303950294019100926346324644490DF0A4FB07F140031A46434916
:20016000D7F8A400FEF793F8D7F89C305B6818460BF0EEFE02460B4643EC102B3C49D7F892
:20018000A400FEF76CF8CCE0D7F89C3093F8263003F00203DBB2002B00F0C080D7F89C30BF
:2001A00093F8263003F00803DBB2002B40F0B880D7F89C2092F8263043F0080382F82630C7
:2001C000D7F89C309B8918460BF0C2FE02460B4643EC102B1F49D7F8A400FEF740F8194BD8
:2001E00093F8C130DBB2002B0ED0D7F89C301B6818460BF0ADFE02460B4643EC102B164969
:20020000D7F8A400FEF72BF807F134030A22002118460DF0DBFBD7F89C30D3F81E30002BC7
:2002200028DBD7F89C30D3F81E2007F134030B4918460DF035FB26E0000000000000000003
:200240002C1B0300201AFF1F341B030034160300381B0300401B030014180300481B030014
:200260007C585800501B0300701B0300741B0300781B030007F13403394A12681146198012
:200280000233120C1A7007F140033222002118460DF09CFBD7F89C30DB891E46D7F89C30E1
:2002A0001B7C9C46D7F89C305B7C1A46D7F89C30DB7C1946D7F89C301B7D1C46D7F89C3072
:2002C0005B7D1D4607F1400007F13403049303950294019100926346324622490DF0E0FA30
:2002E00007F140031A462049D7F8A400FDF7CFFFD7F89C305B6818460BF02AFE02460B464D
:2003000043EC102B1949D7F8A400FDF7A8FF08E000BF06E000BF04E000BF02E000BF00E093
:2003200000BF0521D7F8A40000F024F8D7F8A400F8F79AFD0E4B93F8C93DC3F3C013DBB260
:20034000002B0AD10A4A92F8C93D43F0800382F8C93D02E000BF00E000BFB437BD46F0BDA2
:200360007C1B0300501B0300701B0300781B0300201AFF1F80B582B000AF78600B46FB704F
:20038000FB78052B02D17868FDF7B0FF00BF0837BD4680BDFFFFFFFFF0B5B7B006AF034620
:2003A000FB71BB4B1B681846FBF73EFB0346B3F5FA6FC0F07583B74B1B68B54A1360FAF7D5
:2003C000EDFCC7F8B800042387F8BF30FB79013B012B03D8FB7987F8BF3003E0042387F806
:2003E000BF3000BF97F8BF3018460BF0B1FD02460B4643EC102BA849D7F8B800FDF72FFF2D
:200400009FEDA10BA549D7F8B800FDF728FFA44AA449D7F8B800FDF73AFF07F1A8030022C0
:200420001A605A6007F1A8031846FBF711FC00237B6707F178032E22002118460DF0C6FA84
:20044000B7F8A8301D4697F8AA301E4697F8AB3097F8AD2097F8AE1097F8AF00044607F152
:200460007400039402910192009333462A468E490DF016FA07F174031A468C49D7F8B800C0
:20048000FDF705FF864B93F8C030DBB218460BF05FFD02460B4643EC102B8549D7F8B8007E
:2004A000FDF7DDFE00237B6507F1580300221A605A609A60DA601A615A619A6107F154030D
:2004C0001846FEF753FB07F1540393F90030002B07D007F154031A467649D7F8B800FDF785
:2004E000D6FE012387F8B730734B1B7D87F8B73097F8B73018460BF02BFD02460B4643EC23
:20050000102B6E49D7F8B800FDF7A9FE644BB3F8A63D9BB24FF6FD7293421AD8604BB3F86C
:20052000A63D9BB2664AA2FB03235B099BB218460BF01EFD4FF00002624B0BF0CDFB0246FA
:200540000B46104619460CF02DF80346002B00F033810023FB6007F1100300221A605A607D
:200560009A60DA601A615A619A614D4B93F8C230DBB2012B3CD14A4BB3F8A63D9BB24FF686
:20058000FD72934218D8464BB3F8A63D9BB24C4AA2FB03235B099BB218460BF0E9FC4FF034
:2005A0000002484B0BF098FB02460B46104619460BF0F8FF024601E04FF0FF32384BB3F811
:2005C000A03D9BB24FF6FD718B4209D8344BB3F8A03D9BB23A49A1FB03135B099BB201E075
:2005E0004FF0FF3307F10C0037490DF059F9DBE02B4B93F8C230DBB2032B40F0D580284B56
:20060000B3F8A63D9BB24FF6FD72934218D8244BB3F8A63D9BB22A4AA2FB03235B099BB254
:2006200018460BF0A5FC4FF00002264B0BF054FB02460B46104619460BF0B4FF044601E09D
:200640004FF0FF34164BB3F8A83D9BB24FF6FD7293423BD8124BB3F8A83D9BB2184AA2FB15
:2006600003235B099BB218460BF082FC4FF00002144B0BF031FB02460B46104619460BF0BC
:2006800091FF054624E000BF0000000000805B408429FF1F440CFE1F2416030028160300EB
:2006A000201AFF1FBC1A0300C01A03002C16030030160300141B0300F027FF1FE01A03003A
:2006C0001F85EB510000E03FE41A03004FF0FF35A34BB3F8AA3D9BB24FF6FD72934218D861
:2006E0009F4BB3F8AA3D9BB29E4AA2FB03235B099BB218460BF03CFC4FF000029A4B0BF023
:20070000EBFA02460B46104619460BF04BFF034601E04FF0FF33924AB2F8A02D92B24FF6EA
:20072000FD718A420AD88E4AB2F8A02D92B28D49A1FB0212520992B2114601E04FF0FF313E
:20074000874AB2F8A22D92B24FF6FD7082420AD8834AB2F8A22D92B28248A0FB0202520965
:2007600092B2164601E04FF0FF367D4AB2F8A42D92B24FF6FD70824209D8794AB2F8A42D69
:2007800092B27848A0FB0202520992B201E04FF0FF3207F10C0003920296019100932B46FF
:2007A000224672490DF07CF807F10C031A467049D7F8B800FDF76BFD694B93F8C230DBB2E4
:2007C000012B2AD1664BB3F8AE3D9BB24FF6FD72934205D8624BB3F8AE3D9BB2002B6DD000
:2007E0005F4BB3F8AE3D9BB24FF6FD72934209D85B4BB3F8AE3D9BB218460BF0B9FB024624
:200800000B4602E04FF000025A4B43EC102B5A49D7F8B800FDF723FD50E0514B93F8C230CE
:20082000DBB2032B4AD14E4BB3F8B43D9BB24FF6FD72934209D84A4BB3F8B63D9BB24FF631
:20084000FD72934201D8012300E00023002B0BDD434BB3F8B43D9BB21B04414AB2F8B62D93
:2008600092B21344002B29D03D4BB3F8B43D9BB24FF6FD72934217D8394BB3F8B63D9BB261
:200880004FF6FD7293420FD8354BB3F8B43D9BB21B04334AB2F8B62D92B2134418460BF062
:2008A00067FB02460B4602E04FF00002314B43EC102B3149D7F8B800FDF7D1FC2F4BDB69B4
:2008C00018460BF055FB02460B4643EC102B2C49D7F8B800FDF7C3FC284B1B6A18460BF06C
:2008E00047FB02460B4643EC102B2649D7F8B800FDF7B5FCFDF7BEFDC7F8B000D7F8B0304B
:20090000002B00F0B980D7F8B03093F8263003F00403DBB2002B00F0B180D7F8B03093F8E6
:20092000263003F00203DBB2002B00F0A9800023BB6407F14C0300221A609A80D7F8B030AA
:20094000D3F81E30002B21DBD7F8B030D3F81E2007F148030C4918460CF0A2FF1AE000BF53
:20096000201AFF1F1F85EB510000E03FEC1A0300001B03000000F0BF041B03000828FF1FDA
:20098000081B03000C1B0300481B030007F14803454A1A600023FB6007F110033822002151
:2009A00018460DF013F807F10C033C22002118460DF00CF8D7F8B030DB891E46D7F8B030C6
:2009C0001B7C9C46D7F8B0305B7C1A46D7F8B030DB7C1946D7F8B0301B7D1C46D7F8B030FB
:2009E0005B7D1D4607F10C0007F1480304930395029401910092634632462C490CF050FFAB
:200A000007F10C031A462A49D7F8B800FDF73FFCD7F8B0309B8918460BF09AFA02460B46ED
:200A200043EC102B2349D7F8B800FDF718FCD7F8B0305B6818460BF08BFA02460B4643EC39
:200A4000102B1D49D7F8B800FDF709FC1B4B93F8C130DBB2002B14D0D7F8B0301B68184667
:200A60000BF076FA02460B4643EC102B1449D7F8B800FDF7F4FB04E000BF02E000BF00E01D
:200A800000BF0521D7F8B800FFF774FCD7F8B800F8F7EAF90B494FF48070FCF7A5FD00E02F
:200AA00000BFC437BD46F0BD7C585800501B0300701B0300401B0300781B0300201AFF1F58
:200AC00014180300801B0300F0B5C5B006AF0346FB71A94B1B681846FAF7A6FF0346B3F569
:200AE000FA6FC0F0E481A54B1B68A34A1360FAF755F9C7F8F000042387F8F730FB79013B3A
:200B0000012B03D8FB7987F8F73003E0042387F8F73000BF97F8F73018460BF019FA0246DB
:200B20000B4643EC102B9649D7F8F000FDF797FB9FED8F0B9349D7F8F000FDF790FB924ABA
:200B40009249D7F8F000FDF7A2FB07F1E00300221A605A6007F1E0031846FBF779F800237A
:200B6000C7F8AC3007F1B0032E22002118460CF02DFFB7F8E0301D4697F8E2301E4697F882
:200B8000E33097F8E52097F8E61097F8E700044607F1AC00039402910192009333462A468C
:200BA0007B490CF07DFE07F1AC031A467949D7F8F000FDF76CFBFDF7E3FC034618460BF0A2
:200BC000C7F902460B4643EC102B7349D7F8F000FDF745FB0023C7F88C3007F19003002258
:200BE0001A605A609A60DA601A615A619A6107F18C031846FDF7BAFF07F18C0393F9003087
:200C0000002B07D007F18C031A466449D7F8F000FDF73DFB012387F8EF30614B1B7D87F8CE
:200C2000EF3097F8EF3018460BF092F902460B4643EC102B5B49D7F8F000FDF710FBFDF7AA
:200C400045FCC7F8E800D7F8E830002B00F01F81D7F8E8309B8918460BF07AF902460B469A
:200C600043EC102B5049D7F8F000FDF7F8FA464B93F8C130DBB2002B0ED0D7F8E8301B68BF
:200C800018460BF065F902460B4643EC102B4749D7F8F000FDF7E3FA0023C7F8803007F1F0
:200CA000840300221A609A80D7F8E830D3F81E30002B0ADBD7F8E830D3F81E2007F180037C
:200CC0003B4918460CF0ECFD03E007F18003394A1A600023BB6007F10C03382200211846D4
:200CE0000CF074FED7F8E830DB891E46D7F8E8301B7C9C46D7F8E8305B7C1A46D7F8E83072
:200D0000DB7C1946D7F8E8301B7D1C46D7F8E8305B7D1D4607F1080007F180030493039570
:200D20000294019100926346324623490CF0B8FD07F108031A462149D7F8F000FDF7A7FA9A
:200D400007F180030A22002118460CF03FFED7F8E830D3F82230002B32DBD7F8E830D3F846
:200D6000222007F18003124918460CF099FD2BE00000000000005C408429FF1F440CFE1F8C
:200D80002416030028160300201AFF1FBC1A0300C01A03002C160300381B0300141B0300FA
:200DA000F027FF1FE01A0300401B030014180300481B03007C585800501B0300701B0300E6
:200DC00007F180033C4A1A6000237B6407F148033822002118460CF0F9FDD7F8E830DB8A3C
:200DE0001E46D7F8E8301B7E9C46D7F8E8305B7E1A46D7F8E830DB7E1946D7F8E8301B7FED
:200E00001C46D7F8E8305B7F1D4607F1440007F1800304930395029401910092634632468B
:200E200026490CF03DFD07F144031A462449D7F8F000FDF72CFAD7F8E8305B6818460BF025
:200E400087F802460B4643EC102B1E49D7F8F000FDF705FA1C4BDB6918460BF089F802462A
:200E60000B4643EC102B1949D7F8F000FDF7F7F9154B1B6A18460BF07BF802460B4643EC39
:200E8000102B1349D7F8F000FDF7E9F900E000BF0521D7F8F000FFF76DFAD7F8F000F7F798
:200EA000E3FF0C494FF48070FCF79EFB00E000BFFC37BD46F0BD00BF7C585800501B030061
:200EC000741B0300781B03000828FF1F081B03000C1B0300AC1B030080B588B000AF78608E
:200EE00000F0AAFA002009F0DFFA0023FB6100237B610123FB76B04B93F8CC3DDBB2013309
:200F0000DAB2AD4B83F8CC2D0A2009F095FAAA4B93F8CA3DC3F30003DBB2002B40F06E820F
:200F2000FDF70CF90346022B07D1A34A92F8C93D43F0020382F8C93D06E09F4A92F8C93DD6
:200F40006FF3410382F8C93D9B4B93F8C83DC3F38003DBB2002B01D1FBF744FAFB7E002B5E
:200F60000FD0FB69002B02D1944B1B68FB61F869FAF75AFD0346B3F57A7FC0F04182002349
:200F8000FB768D4BB3F8A03D9BB24FF6FD72934209D8894BB3F8A03D9BB2894AA2FB03238A
:200FA0005B099BB201E04FF0FF333B610123FB73814B93F8C130DBB2002B0FD07E4B93F8CD
:200FC000C83DC3F38013DBB2002B0ED17A4A92F8C93D6FF3820382F8C93D06E0764A92F841
:200FE000C93D43F0040382F8C93D734B93F8C93DC3F34003DBB2012B02D10023FB7321E0CB
:201000006D4B93F8C93DC3F38003DBB2002B02D10023FB7316E0684B93F8C93DC3F300132F
:20102000DBB2012B02D10023FB730BE000216620FDF784FD00216720FDF780FD00216920C9
:20104000FDF77CFD5F4B1B7DDBB2012B02D0022B67D0DAE13B69002B5FDD5A4B1B68002BD9
:2010600003D1564B1B68574A1360564B1B681846FAF7DAFC0346B3F5FA6F40F2C381514BAF
:2010800000221A604D4B1B684E4A93604D4B0022DA603B69002B40F3B581474BB3F8B83DB0
:2010A0009BB24FF6FD7293422AD8434BB3F8BA3D9BB24FF6FD72934222D83F4BB3F8B83D2E
:2010C0009BB21B043C4AB2F8BA2D92B2134418460AF03EFF36A3D3E900230BF0DDF802468D
:2010E0000B46104619464FF00002374B0AF0F4FD02460B46104619460BF054FA034600E07C
:20110000324B334AD36133498020FCF76DFA022000F0BEF900F084FA74E12A4B00221A608E
:2011200070E1254A92F8C93D6FF3000382F8C93D3B69002B06DC234B00221A60012000F0AE
:20114000A7F900E11C4BB3F8B83D9BB24FF6FD72934241D8184BB3F8BA3D9BB24FF6FD7212
:20116000934239D8144BB3F8B83D9BB21B04124AB2F8BA2D92B2134418460AF0E9FE0CA3A8
:20118000D3E900230BF088F802460B46104619464FF000020C4B0AF09FFD02460B4610468A
:2011A00019460BF0FFF9034617E000BFAFF300809A99999999990940201AFF1F440CFE1F17
:2011C0001F85EB51F027FF1F0000E03F18FCFFFF0828FF1FDC1B03008F4B904A13628F4B7E
:2011E0001B7EDBB2012B24D18C4B9B68002B03D18B4B1B68894A9360884B9B681846FAF78B
:2012000013FC0346874AA2FB03239B09834A1360824B1A68814B5B689A420AD97F4B002275
:201220001A767E4B00229A607C4B00221A6000F067F97A4B5B7EDBB2012B40F08480774B39
:20124000DB68002B35D1784BB3F8B83D9BB24FF6FD7293422AD8744BB3F8BA3D9BB24FF6EC
:20126000FD72934222D8704BB3F8B83D9BB21B046D4AB2F8BA2D92B2134418460AF068FEC8
:2012800063A3D3E900230BF007F802460B46104619464FF00002654B0AF01EFD02460B4682
:2012A000104619460BF07EF9034600E05A4B5B4AD3605D4BB3F8B83D9BB24FF6FD72934243
:2012C0002AD8594BB3F8BA3D9BB24FF6FD72934222D8554BB3F8B83D9BB21B04524AB2F804
:2012E000BA2D92B2134418460AF032FE48A3D3E900230AF0D1FF02460B46104619464FF0C3
:2013000000024A4B0AF0E8FC02460B46104619460BF048F9034600E03F4B404AD2689B1AA2
:201320003E4A13613D4B1A693C4B5B699A420ADD3A4B00225A76394B0022DA60374B00229D
:201340001A6100F0DDF83A4B9B681846FAF76CFB0346374AD360364BDB68184600F058FBAD
:2013600003460C2B06D1324B00221A6031498020FCF73AF92E4B1B7DDBB2022B44D02A4B69
:20138000B3F8B83D9BB24FF6FD7293422AD8264BB3F8BA3D9BB24FF6FD72934222D8224B85
:2013A000B3F8B83D9BB21B041F4AB2F8BA2D92B2134418460AF0CCFD15A3D3E900230AF0DA
:2013C0006BFF02460B46104619464FF00002174B0AF082FC02460B46104619460BF0E2F817
:2013E000034600E00C4B0D4A136200F0D9F900216D20FDF7A3FB0E4B1B7D05E000BF7AE5AB
:2014000000BF78E500BF76E500BF74E5AFF300809A9999999999094018FCFFFF0828FF1F1C
:20142000440CFE1FD34D6210201AFF1F0000E03FF027FF1FF01B030080B500AF124A92F829
:20144000C93D6FF3041382F8C93D0F4A92F8C83D43F0200382F8C83D0B4A92F8C83D6FF38A
:20146000C71382F8C83D084A92F8C93D6FF3000382F8C93DFDF724FB044B00221A60034B00
:2014800001221A7500BF80BD201AFF1FF027FF1F80B483B000AF0346FB71074B1B7DDAB2D0
:2014A000064B1A70044AFB79137500BF0C37BD465DF8047B704700BFF027FF1FA429FF1F98
:2014C00080B500AF0C4B93F8C83DC3F30013DBB2012B0FD04FF48270FBF778FA0749802057
:2014E000FCF782F8044A92F8C83D43F0100382F8C83D00E000BF80BD201AFF1F041C030086
:2015000080B500AF0C4B93F8C83DC3F30013DBB2002B0FD04FF48270FBF766FA0749802029
:20152000FCF762F8044A92F8C83D6FF3041382F8C83D00E000BF80BD201AFF1F1C1C03001A
:2015400080B582B000AF214B93F8C83DC3F38003DBB2012B35D01D4B93F8C030DBB21E2BC9
:2015600003D91A4B1E2283F8C020184B93F8C030DBB207EE903AF8EE677AB1EE047A27EE6C
:20158000877AF0EE086AC7EE267AFCEEE77AC7ED017A3B79DBB21846FAF766FFFAF750FFF6
:2015A0000A4A92F8C83D43F0040382F8C83D074B93F8C030DBB21A4605498020FCF714F8E8
:2015C00000E000BF0837BD4680BD00BF201AFF1F341C030080B500AF0E4B93F8C83DC3F300
:2015E0008003DBB2002B12D0FAF734FF094A92F8C83D6FF3820382F8C83D064B93F8C03096
:20160000DBB21A4604498020FBF7EEFF00E000BF80BD00BF201AFF1F501C0300FFFFFFFFB3
:20162000B0B586B004AFFCF725FF0346564A1361554B1B6993F8263003F00103DBB2002B34
:2016400006D0514B1B692822002118460CF0BEF94D4B1A6992F8263043F0010382F8263016
:20166000494B1B69494AB2F8782D92B29A81464B1B6900229A60444B1B6900225A60424B64
:201680001B690E331846FAF7E3FA404BB3F8B83D9BB24FF6FD7293422AD83C4BB3F8BA3D2D
:2016A0009BB24FF6FD72934222D8384BB3F8B83D9BB21B04354AB2F8BA2D92B213441846C2
:2016C0000AF046FC2EA3D3E900230AF0E5FD02460B46104619464FF000022D4B0AF0FCFA4B
:2016E00002460B46104619460AF05CFF034601E04FF0FF33244A1269C2F81E30224B1B69CA
:201700000E337B607B681B881C467B689B781D467B68DB781A467B685B7919467B689B79C9
:2017200018467B68DB7903930290019100922B46224618498020FBF757FF134B1B699B89A0
:201740001A46114BDB6814498020FBF74DFF0F4A92F8C83D43F0800382F8C83D0A4B1A695A
:2017600092F8263043F0040382F826300120FDF7FFF800BF0837BD46B0BD00BFAFF3008024
:201780009A99999999990940F027FF1F201AFF1F0000E03F6C1C0300A01C0300FFFFFFFF77
:2017A000B0B586B004AF00F0CBFA8D4BDB688D4AA2FB03235B0DFB80894BDA68894BA3FB06
:2017C00002135B0D884901FB03F3D31A874AA2FB03239B0B7B71824BDA68824BA3FB021327
:2017E0005B0D814901FB03F3D31A804AA2FB0312920B4EF6602101FB02F29A1A7C4BA3FBF1
:2018000002239B093B71764B1B699B891C46F8887B793A797249096989680291019200938A
:201820000346224673498020FBF7DEFE6C4B1B6916331846FAF70CFA6F4BB3F8B83D9BB24D
:201840004FF6FD7293422AD86B4BB3F8BA3D9BB24FF6FD72934222D8674BB3F8B83D9BB236
:201860001B04654AB2F8BA2D92B2134418460AF06FFB59A3D3E900230AF00EFD02460B4633
:20188000104619464FF000025C4B0AF025FA02460B46104619460AF085FE034601E04FF05E
:2018A000FF334F4A1269C2F822304D4B1B690E333B603B681B881C463B689B781D463B687A
:2018C000DB781A463B685B7919463B689B7918463B68DB7903930290019100922B4622464E
:2018E00047498020FBF780FE3D4B1B6916333B603B681B881C463B689B781D463B68DB78A1
:201900001A463B685B7919463B689B7918463B68DB7903930290019100922B4622463949DE
:201920008020FBF761FE2E4B0022DA60324A92F8C83D6FF3C71382F8C83D294B1B6993F898
:20194000263003F00203DBB2002B1AD0244B1A6992F826306FF3820382F82630FCF746FED7
:20196000254BB3F8783D9BB201339AB2224BA3F8782D214A92F8CA3D43F0080382F8CA3D62
:201980000AE021498020FBF72FFE154B1B692822002118460CF01AF8114B00221A61164B1F
:2019A00093F8C130DBB2002B06D0134A92F8C93D6FF3820382F8C93D0F4B0022A3F8982DED
:2019C0000D4B0022A3F89A2D0120FCF7D1FF00BF0837BD46B0BD00BF9A999999999909403A
:2019E000F027FF1FB17C219580EE360073B2E745D34D6210C81C0300201AFF1F0000E03FEA
:201A0000081D0300441D0300801D0300FFFFFFFFB0B588B002AF7860B34B1B697A68B34918
:201A2000A1FB021292095A60B14BB3F8B83D9BB24FF6FD7293422AD8AD4BB3F8BA3D9BB246
:201A40004FF6FD72934222D8A94BB3F8B83D9BB21B04A74AB2F8BA2D92B2134418460AF08E
:201A600077FA9FA3D3E900230AF016FC02460B46104619464FF000029E4B0AF02DF90246E8
:201A80000B46104619460AF08DFD034600E09A4B954A1269C2F822307B6842F210729342DA
:201AA0001ED9914B1B6993F8263003F00203DBB2002B15D18C4B1A6992F8263043F00203E6
:201AC00082F826300120FCF753FF8C498020FBF78BFD874A92F8CA3D43F0080382F8CA3DC0
:201AE000834BB3F8983D9BB2002B20D07B68844AA2FB03239B0B3B617D4BB3F8983D9BB2E5
:201B00001A463B69934212D3794BB3F8983D9BB21A467C498020FBF767FD754B0022A3F8DE
:201B2000982D734B0022A3F89A2D0C2303E1704BB3F89A3D9BB2002B00F0C5806A4B1B6968
:201B4000002B05D170498020FBF74EFD0C23F2E0654B1B69D3F81E30002B05DB624B1B6964
:201B6000D3F82230002B0CDA5F4B1B69D3F81E205D4B1B69D3F8223064498020FBF734FD47
:201B8000A1E0594B1B69D3F82220574B1B69D3F81E309A420CDA544B1B69D3F81E20524BC5
:201BA0001B69D3F822305A498020FBF71DFD8AE04D4B1B69D3F822204B4B1B69D3F81E306F
:201BC000D31A1A46534B9A4205D953498020FBF70BFD0C23AFE0444B1B69D3F82220424BBF
:201BE0001B69D3F81E30D31A1A464FF47A7302FB03F3FB60FB68494AA2FB03235B09FB82E3
:201C0000FB8A42F20F72934219D9FB8A444AA2FB0323DB089BB21846FA8A414BA3FB02139C
:201C2000D9080B469B000B445B00D31A9BB202463C498020FBF7D8FC42F20F73FB822C4B16
:201C4000B3F89A3D9BB2FA8A9A423CD3284BB3F89A3D9BB2324AA2FB0323DB089BB21C4633
:201C6000234BB3F89A3D9AB22D4BA3FB0213D9080B469B000B445B00D31A9BB21D46FB8A64
:201C8000274AA2FB0323DB089BB21846FA8A244BA3FB0213D9080B469B000B445B00D31A78
:201CA0009BB2019300902B4622461F498020FBF79BFC0F4B0022A3F8982D0D4B0022A3F858
:201CC0009A2D0C2337E07B68184A934232D918498020FBF789FC0C232DE000BFAFF300803D
:201CE0009A99999999990940F027FF1FD34D6210201AFF1F0000E03F18FCFFFFB41D0300E0
:201D000073B2E745CC1D0300001E03003C1E0300981E030037894100F81E03001F85EB5155
:201D2000CDCCCCCC341F0300841F03000014730FCC1F0300072318461837BD46B0BD00BFEC
:201D400080B483B000AF124B93F8C93DC3F3C003DBB2012B15D00F4B1B695B6807EE903A08
:201D6000B8EE677ADFED0C6AC7EE267AC7ED017A084B1B69D7ED017AFCEEE77A17EE902AF6
:201D80009A6000BF0C37BD465DF8047B704700BF201AFF1FF027FF1F0000614580B400AFE4
:201DA000BFF34F8F00BF064BDB6803F4E0620449044B1343CB60BFF34F8F00BF00BFFDE7F8
:201DC00000ED00E00400FA05B0B58AB004AF786000F0E8F85A4B1B68184608F01DFC594BFE
:201DE0001B68184608F018FC574B1B68184608F013FC564B93F8CB3DDBB20133DAB2534B4D
:201E000083F8CB2DFFF79CFBFBF78CF84F4BB3F8B83D9BB24FF6FD7293422AD84B4BB3F8F9
:201E2000BA3D9BB24FF6FD72934222D8474BB3F8B83D9BB21B04454AB2F8BA2D92B2134482
:201E400018460AF085F83CA3D3E900230AF024FA02460B46104619464FF000023C4B09F0C8
:201E60003BFF02460B46104619460AF09BFB034600E0384B384AD361FFF7ACFB00237B614C
:201E800000F0E6FA314B93F8CB3DDBB20133DAB22E4B83F8CB2D142008F0CEFA2B4B93F835
:201EA000C93DC3F30013DBB2012B43D000F016F97B69002B07D07869F9F7B6FD034642F2A1
:201EC000107293422ED9254B1B687B61FBF72AF807F10C0300221A605A6007F10C031846FF
:201EE000F9F7B6FE0346052B04D101216B20FCF725FE15E000216B20FCF720FEBB891C46D5
:201F0000BB7B1D46FB7B7A7CB97CF87C03900291019200932B46224611490120FBF764FB22
:201F200001F07AF80020FCF723FDFCF761FD00F053FAA5E700BFA3E79A99999999990940C8
:201F4000242AFF1FFC2AFF1F902AFF1F201AFF1F0000E03F18FCFFFF0828FF1F440CFE1FB5
:201F6000FC1F030080B582B002AF0A490120FBF73BFB094B1B68009300230122074901206E
:201F8000FBF732FB06490120FBF72EFB00BFBD4680BD00BF1C2003007C09FE1F482003008D
:201FA0005C20030080B500AF414B424A1A60404B414A5A603E48F6F7FDFEF9F7A7FC00F06B
:201FC000FBF9FFF7CFFF3D4B40F205129A803B4B0F229A713A4B4FF483729A80384B002220
:201FE0009A71384B40F207129A80364B00229A71354B03F55C63354A1A60334B03F6C45382
:20200000324A1A60304A92F8C93D6FF3041382F8C93DFAF7F9FEFCF789FB0346042B04D01C
:202020002B490120FBF7E0FA03E02A490120FBF7DBFAFCF74DFC0346042B0BD026490120E2
:20204000FBF7D2FA204B1E2283F8C0201E4B002283F8C1201C4B93F8C130DBB2002B06D163
:20206000194A92F8C93D43F0040382F8C93D164B93F8CA3DC3F34103DBB2012B04D1124BDB
:20208000012283F8C22010E00F4B93F8CA3DC3F34103DBB2022B04D10B4B032283F8C22083
:2020A00003E0094B002283F8C22000BF80BD00BFA829FF1F2D900200E59102002C28FF1F17
:2020C0003428FF1F3C28FF1F201AFF1F0080884388200300C4200300F420030080B500AFD4
:2020E0001B4B93F8C93DC3F34013DBB2012B1ED1184B1B68002B03D1174B1B68154A13609C
:20210000144B1B681846F9F78FFC034642F21072934209D90F4B00221A600D4A92F8C93D71
:202120006FF3451382F8C93D00F01EF804E0094B00221A6000F02EF8084800F0B1F808483C
:2021400000F0AEF8074800F0ABF800BF80BD00BF201AFF1FB029FF1F440CFE1F2C28FF1F1E
:202160003428FF1F3C28FF1F80B400AF064B0F229A71064B0F229A71054B0F229A7100BF1B
:20218000BD465DF8047B70473C28FF1F3428FF1F2C28FF1F80B500AF3C4B00229A713C4B24
:2021A00000229A713B4B00229A713B4B93F8C93DC3F34003DBB2012B03D1354B02229A71F3
:2021C00061E06820FCF796FC0346012B0BD06620FCF790FC0346012B05D06720FCF78AFC12
:2021E0000346012B03D12A4B01229A714BE0274B0F229A71284B93F8C130DBB2002B12D091
:20220000254B93F8C93DC3F38003DBB2012B06D11E4B00229A711F4B0F229A7106E01D4B6A
:2022200000229A7102E01B4B00229A711A4B93F8C83DC3F38013DBB2002B21D0134B012294
:202240009A71164B1B7DDBB2052B1CDC042B0DDA012B17D0002B16DD023B012B13D80D4BD2
:2022600000229A71094B02229A710CE0074B00229A71084B00229A71054B0F229A7102E055
:2022800000BF00E000BF00BF80BD00BF3428FF1F2C28FF1F3C28FF1F201AFF1FF027FF1F2A
:2022A00090B587B000AF78607B689B79002B05D17B689B881846FBF756FF76E07B689B792B
:2022C000042B05D97B689B881846FBF73FFF6CE04FF4FA737B61C8233B614FF4FA73FB60F3
:2022E0007B681B681846F9F79FFB034640F6B73293420AD97B681B68002B06D07B68002204
:202300001A607B680022DA714FE07B68DB791A467B6902FB03F3FA681344BB607B68DA794C
:202320007B689B799A423FD27B681B68002B03D1204B1A687B681A607B681B681846F9F756
:2023400073FB0246FB68934205D97B689B881846FBF709FF29E03A69BB68D4187B681B6832
:202360001846F9F761FB03469C4205D97B689B881846FBF7EBFE18E07A69BB68D4187B68A2
:202380001B681846F9F750FB03469C4205D97B689B881846FBF7E7FE07E07B68DB7901338F
:2023A000DAB27B68DA7100E000BF00BF1C37BD4690BD00BF440CFE1F80B500AF40F20A20F6
:2023C000FAF704FB0A2008F037F840F20A20FAF70BFB00BF80BDFFFF80B500AF174B93F89E
:2023E000CA3DC3F30003DBB2002B24D0134B93F8CA3DC3F30003DBB21A4611490120FBF76E
:20240000F3F8FAF795FC0346042B09D10D490120FBF7EAF84FF47A7008F00EF8FFF7BEFCD7
:2024200009490120FBF7E0F8044A92F8CA3D6FF3000382F8CA3D00BF80BD00BF201AFF1F87
:2024400028210300442103006C210300FFFFFFFFB0B598B004AFB24B93F8C93DC3F3400355
:20246000DAB2B04B1B789A4218D0AD4B93F8C93DC3F34003DBB2002B14BF01230023DAB29E
:20248000A84B1A70A74B1B78002B01D0A64B00E0A64B1A46A6490120FBF7A6F8A04B93F806
:2024A000C83DC3F38003DAB2A24B1B789A4218D09B4B93F8C83DC3F38003DBB2002B14BFD4
:2024C00001230023DAB29B4B1A709A4B1B78002B01D0954B00E0954B1A4697490120FBF752
:2024E00083F88F4B93F8C83DC3F30013DAB2934B1B789A4218D08A4B93F8C83DC3F300133F
:20250000DBB2002B14BF01230023DAB28B4B1A708A4B1B78002B01D0834B00E0834B1A46BD
:2025200087490120FBF760F87D4B93F8C83DC3F3C013DAB2834B1B789A4218D0784B93F880
:20254000C83DC3F3C013DBB2002B14BF01230023DAB27C4B1A707B4B1B78002B01D0724B2C
:2025600000E0724B1A4678490120FBF73DF86C4B93F8C83DC3F38013DAB2744B1B789A420B
:2025800018D0674B93F8C83DC3F38013DBB2002B14BF01230023DAB26C4B1A706B4B1B78E0
:2025A000002B01D0604B00E0604B1A4668490120FBF71AF85A4B93F8C93DC3F38003DAB2B8
:2025C000644B1B789A4218D0554B93F8C93DC3F38003DBB2002B14BF01230023DAB25D4B85
:2025E0001A705C4B1B78002B01D04F4B00E04F4B1A4659490120FAF7F7FF07F13F03184665
:20260000FBF7B0F80346002B00F0E68497F83F301A4652490120FAF7E7FF97F83F30142B24
:2026200076DC002B44DC00F0D7BCDD3B1D2B00F2D38401A252F823F0232C0200D92F020076
:20264000D92F0200D92F0200D92F0200D92F0200D92F0200D92F0200D92F0200D92F02002A
:20266000D92F0200D92F0200D92F0200D92F0200D92F0200D92F0200D92F0200D92F02000A
:20268000D92F02002F2C0200B92C0200D72C02005F2D02006D2D02007F2E0200E32E0200FB
:2026A000852F02009D2F0200AD2F0200C92F0200013B132B00F2908401A252F823F000BF7F
:2026C00061270200272802006B28020083280200BB280200112902004D290200C929020050
:2026E000452A0200D92F0200D92F0200D92F0200D92F0200DB2B0200D92F0200C52A02003E
:202700000D2B0200132B02002B2B0200852B0200FA2B00F36184DD2B87DA00F05DBC00BF07
:20272000201AFF1FB429FF1F94210300982103009C210300B529FF1FB4210300B629FF1F41
:20274000C8210300B729FF1FE0210300B829FF1FF4210300B929FF1F0822030024220300FE
:2027600007F138031846F9F787FC07F134031846F9F791FCD7ED0E7AFDEEE77A17EE903AE4
:202780007B6497ED0E7A7B6C07EE903AF8EEE77A77EE677AB2EE047A67EE877A17EE900A08
:2027A00009F0F8FB02460B4643EC102B0EF09EF953EC102B1046194609F0F4FE03463B6493
:2027C0003B6C7A6CB1490120FAF70EFFD7ED0D7AFDEEE77A17EE903A7B6497ED0D7A7B6C1C
:2027E00007EE903AF8EEE77A77EE677AB2EE047A67EE877A17EE900A09F0CCFB02460B4621
:2028000043EC102B0EF072F953EC102B1046194609F0C8FE03463B643B6C7A6C9C4901207C
:20282000FAF7E2FED8E307F12C0300221A605A6007F12C031846F9F70BFABB8D1C4697F8DC
:202840002E301D4697F82F3097F8312097F8321097F8330003900291019200932B46224631
:202860008C490120FAF7C0FEB6E3012206210B20F9F76DF918220C2140F2E770F9F79EF9D8
:20288000AAE3854B1B78C3F10103DAB2824B1A70814B1B78002B04D04FF48270FAF796F89B
:2028A00003E04FF48270FAF79FF87B4B1B781A467A490120FAF798FE8EE3794B1B78012B60
:2028C00003D1774B05221A701AE0754B1B78052B03D1734B0A221A7012E0714B1B780A2B76
:2028E00003D16F4B14221A700AE06D4B1B78142B03D16B4B01221A7002E0694B01221A709C
:20290000674B1B781A4667490120FAF76DFE63E3654B1A78624B1B781344DAB2624B1A7003
:20292000614B1B78642B02D95F4B00221A705E4B1B781846F9F798FDF9F782FD5A4B1B78D2
:202940001A465A490120FAF74FFE45E3584B93F8C030DBB20333DAB2554B83F8C020544BE6
:2029600093F8C030DBB21E2B03D9514B1E2283F8C0204F4B93F8C83DC3F38003DBB2012BD7
:2029800018D14B4B93F8C030DBB207EE903AF8EE677AB1EE047A27EE877AF0EE086AC7EEF2
:2029A000267AFCEEE77AC7ED017A3B79DBB21846F9F75AFD3E4B93F8C030DBB21A463D49A0
:2029C0000120FAF711FE07E3394B93F8C030DBB2033BDAB2364B83F8C020354B93F8C030BF
:2029E000DBB2042B03D8324B052283F8C020304B93F8C83DC3F38003DBB2012B18D12C4BE4
:202A000093F8C030DBB207EE903AF8EE677AB1EE047A27EE877AF0EE086AC7EE267AFCEE66
:202A2000E77AC7ED017A3B79DBB21846F9F71CFD1F4B93F8C030DBB21A461E490120FAF713
:202A4000D3FDC9E21A4B93F8C93DC3F34003DBB2C3F10103DBB203F00103D9B2144A92F8D0
:202A6000C93D61F3410382F8C93D114B93F8C93DC3F34003DBB2002B01D00F4B00E00F4B35
:202A80001A460F490120FAF7AFFDA5E23022030044220300FC1F0300BA29FF1F58220300DF
:202AA0008909FE1F64220300BB29FF1F74220300201AFF1F802203009C220300AC220300B4
:202AC000B8220300F8F76AF90346B94AC2F89C3DB74BD3F89C3DB74AB7491846FBF7D7FB1F
:202AE000B34BD3F89C3D9FEDB00BB4491846FBF7B6FBAF4BD3F89C3D1846FBF7E1FBAC4B2E
:202B0000D3F89C3D1846F6F7AFF965E2F9F760FB62E2AB490120FAF767FDA54A92F8C93D5F
:202B200043F0200382F8C93D56E207F1240300221A605A6007F124031846F9F789F8BB8CDD
:202B40001C4697F826301D4697F8273097F8292097F82A1097F82B0003900291019200933E
:202B60002B46224697490120FAF73EFD97F8290097F82A1097F82B300133DBB21A46F8F7D4
:202B8000E6FF29E207F11C0300221A605A6007F11C031846F9F75CF8BB8B1C46BB7F1D46DA
:202BA000FB7F97F8212097F8221097F8230003900291019200932B46224683490120FAF755
:202BC00013FD97F8210097F8221097F82330013BDBB21A46F8F7BBFFFEE1754B93F8C93D90
:202BE000C3F30013DBB2C3F10103DBB203F00103D9B26F4A92F8C93D61F3041382F8C93D84
:202C00006B4B93F8C93DC3F30013DBB2002B01D06E4B00E06E4B1A466E490120FAF7E4FCC0
:202C2000DAE16D490120FAF7DFFCFFF7B7F86B4B1B78002B01D06A4B00E06A4B1A466A49EF
:202C40000120FAF7D1FC694B1B78002B01D0644B00E0644B1A4666490120FAF7C5FC654B82
:202C60001B78002B01D05E4B00E05E4B1A4662490120FAF7B9FC614B1B78002B01D0584BE3
:202C800000E0584B1A465E490120FAF7ADFC5D4B1B78002B01D0524B00E0524B1A465A499B
:202CA0000120FAF7A1FC594B1B7DDBB21A4658490120FAF799FC8FE1564B9B791A46564BCE
:202CC0009B791946554B9B7900930B4654490120FAF78AFC80E153490120FAF785FC344BA5
:202CE000B3F8A63D9BB21A464F490120FAF77CFC2F4BB3F8A83D9BB21A464C490120FAF719
:202D000073FC2B4BB3F8AA3D9BB21A4648490120FAF76AFC264BB3F8AC3D9BB21A46454946
:202D20000120FAF761FC224BB3F8A03D9BB21A4641490120FAF758FC1D4BB3F8A23D9BB253
:202D40001A463E490120FAF74FFC194BB3F8A43D9BB21A463A490120FAF746FC3CE139491C
:202D60000120FAF741FCFBF74BFA35E136490120FAF73AFC3548FAF783FF0023FB6007F18A
:202D8000100300221A605A609A6007F10C031846FBF752F80346002B00F01B81002387F88D
:202DA0004F3067E0AFF300800000000000E1B040201AFF1FC8220300D0220300D822030023
:202DC000E02203000C2303003C2303006C230300702303007423030088230300B429FF1FEF
:202DE00094210300982103009C210300B529FF1FB4210300B629FF1FC8210300B729FF1FE4
:202E0000E0210300B829FF1FF4210300F027FF1F9C2303003C28FF1F3428FF1F2C28FF1F32
:202E2000B4230300C8230300DC230300E4230300EC230300F4230300FC2303000424030045
:202E40000C24030014240300282403004424030097F84F30483307F10802134413F8443CDD
:202E60001A465F490120FAF7BFFB97F84F30013387F84F3097F84F30092BE9D9A9E0594A0E
:202E800092F8CA3D43F0010382F8CA3D554B93F8CA3DC3F30003DBB21A4653490120FAF763
:202EA000A3FB504B93F8CA3DC3F30003DBB2002B00F09180F9F73CFF0346042B09D14B49C4
:202EC0000120FAF791FB40F6B83007F0B5FAFEF765FF444A92F8CA3D6FF3000382F8CA3D32
:202EE00079E0434BBB64BB6C93F8AA3C1A46BB6C93F8AB3C3F490120FAF776FBBB6C93F87E
:202F0000AB3C1946BA6C0B469B000B44DB00134420339B79C3F30003DBB21846BB6C93F81B
:202F2000AB3C1946BA6C0B469B000B44DB00134420339B79C3F38003DBB21C46BB6C93F877
:202F4000AB3C1946BA6C0B469B000B44DB00134420339B79C3F34003DBB200932346024667
:202F600025490120FAF740FB244BBB64BB6C93F8AA3C1A46BB6C93F8AB3C1E490120FAF7FE
:202F800033FB29E0FBF726FB0346002B01D1FBF761FB1B490120FAF727FB1DE0194901203B
:202FA000FAF722FB0120FBF7E3FC15E0D02216490120FAF719FB4FF4606340F6B842134913
:202FC0000120FAF711FB07E011490120FAF70CFB02E000BF00E000BF00BF5037BD46B0BD83
:202FE0004C240300201AFF1F542403006C240300000210407C2403009424030000121040E6
:20300000BC240300FC240300182503002425030034250300FFFFFFFF80B500AFAC490120CC
:20302000FAF7E2FAFAF7ECFF03461A46A9490120FAF7DAFAA84BB3F8A63D9BB24FF6FD72E4
:20304000934218D8A44BB3F8A63D9BB2A34AA2FB03235B099BB2184608F08AFF4FF0000260
:203060009F4B08F039FE02460B461046194609F099FA034601E04FF0FF331A46994901205F
:20308000FAF7B2FA944BB3F8A83D9BB24FF6FD72934218D8904BB3F8A83D9BB28F4AA2FB30
:2030A00003235B099BB2184608F062FF4FF000028B4B08F011FE02460B461046194609F01D
:2030C00071FA034601E04FF0FF331A4686490120FAF78AFA804BB3F8AA3D9BB24FF6FD72C7
:2030E000934218D87C4BB3F8AA3D9BB27B4AA2FB03235B099BB2184608F03AFF4FF000025C
:20310000774B08F0E9FD02460B461046194609F049FA034601E04FF0FF331A4673490120AD
:20312000FAF762FA6C4BB3F8A03D9BB24FF6FD72934209D8684BB3F8A03D9BB21A4613460B
:203140009B0013445B0001E04FF0FF331A4668490120FAF749FA604BB3F8A23D9BB24FF6A3
:20316000FD72934209D85C4BB3F8A23D9BB21A4613469B0013445B0001E04FF0FF331A46F4
:203180005C490120FAF730FA534BB3F8A43D9BB24FF6FD72934209D84F4BB3F8A43D9BB2FA
:2031A0001A4613469B0013445B0001E04FF0FF331A4651490120FAF717FA474BB3F8B83D68
:2031C0009BB24FF6FD7293422AD8434BB3F8BA3D9BB24FF6FD72934222D83F4BB3F8B83DED
:2031E0009BB21B043C4AB2F8BA2D92B21344184608F0AEFE34A3D3E9002309F04DF8024673
:203200000B46104619464FF00002354B08F064FD02460B461046194609F0C4F9034601E060
:203220004FF0FF331A4635490120FAF7DDF92A4B93F8C230DBB2012B14D1274BB3F8AE3DBF
:203240009BB24FF6FD72934204D8234BB3F8AE3D9BB201E04FF0FF331A4629490120FAF735
:20326000C3F921E01C4BB3F8B43D9BB24FF6FD72934212D8184BB3F8B63D9BB24FF6FD72CC
:2032800093420AD8144BB3F8B43D9BB21B04124AB2F8B62D92B2134401E04FF0FF331A46DA
:2032A00018490120FAF7A0F9174B1B68174AA2FB03239B091A4616490120FAF795F900BF37
:2032C00080BD00BFAFF300809A999999999909405025030054250300201AFF1F1F85EB51C4
:2032E0000000E03FDC230300E4230300EC2303005C25030068250300742503008025030039
:203300008825030090250300440CFE1FD34D62109C25030080B582B000AF0346FB71FB7943
:20332000022B03D10349044802F04AFB00BF0837BD4680BD602903006C2BFF1F80B584B0D5
:2033400004AF114B1B6801330F4A13600F4B02930F4B0193042300930E4B4FF480620E496F
:203360000E4806F0CFFE03460D4A13600C4B1B68002B05D10A4B1B680021184600F0F2F815
:2033800000BFBD4680BD00BF342DFF1FBC29FF1F486CFF1FA0250300A4250300A5330200AD
:2033A000242AFF1F80B582B000AF786000F0E6F87868FBF797FC00BF0837BD4680BDFFFF44
:2033C00080B584B004AF114B1B6801330F4A13600F4B02930F4B0193022300930E4B4FF4C1
:2033E00080620E490E4806F08DFE03460D4A13600C4B1B68002B05D10A4B1B680021184678
:2034000000F0B0F800BFBD4680BD00BF342DFF1F282AFF1F487CFF1FB0250300B4250300D1
:2034200029340200902AFF1F80B582B000AF786000F0A4F87868FBF7EDFC00BF0837BD461F
:2034400080BDFFFF80B584B004AF114B1B6801330F4A13600F4B02930F4B019303230093A0
:203460000E4B4FF480620E490E4806F04BFE03460D4A13600C4B1B68002B05D10A4B1B681C
:203480000021184600F06EF800BFBD4680BD00BF342DFF1F942AFF1F488CFF1FC025030064
:2034A000C4250300AD340200FC2AFF1F80B582B000AF786000F062F87868FDF70DFD00BF24
:2034C0000837BD4680BDFFFF80B584B004AF114B1B6801330F4A13600F4B02930F4B019397
:2034E000012300930E4B4FF400620E490E4806F009FE03460D4A13600C4B1B68002B05D17F
:203500000A4B1B680021184600F02CF800BFBD4680BD00BF342DFF1F002BFF1F489CFF1FB8
:20352000D4250300D825030031350200682BFF1F80B582B000AF786000F020F87868FEF7AB
:2035400043FC00BF0837BD4680BD80B400AF00BFBD465DF8047B704780B500AFFFF7F5FFF0
:2035600000BF80BD80B483B000AF7860396000BE00BF0C37BD465DF8047B704780B582B013
:2035800000AF204B1B684FF0FF31184606F008FB78607B68012B05D01A4B1B6800211846A5
:2035A000FFF7E0FF184B1B7883F00103DBB2002B24D0154B01221A70FFF7CEFF134B1B686C
:2035C000013B124A136015E00E4B186800230022002106F019F978607B68012B05D0094B94
:2035E0001B6800211846FFF7BDFF084B1B68013B064A1360054B1B68002BE5D100BF083790
:20360000BD4680BD3C2DFF1F382DFF1F342DFF1F80B500AF124B00221A60124B00221A70FB
:20362000114A01214FF4807006F0BAF803460F4A13600E4B1B68002B05D10C4B1B68002145
:203640001846FFF78FFFFFF73FFFFFF777FEFFF7F9FEFFF7B5FE07F069F80023184680BD3D
:20366000342DFF1F382DFF1F402DFF1F3C2DFF1F80B485B000AFF860B9607A60FB68074A1F
:203680001A60BB68064A1A607B6880221A6000BF1437BD465DF8047B704700BF882DFF1F9A
:2036A000F02DFF1F80B485B000AFF860B9607A60FB68074A1A60BB68064A1A607B688022CC
:2036C0001A6000BF1437BD465DF8047B704700BFF02FFF1F5830FF1F80B483B000AF0346D7
:2036E0003960FB7197F90730002B0ADB3B68DAB20C4997F907301201D2B20B4483F800231F
:203700000AE03B68DAB20849FB7903F00F03043B1201D2B20B441A7600BF0C37BD465DF8B7
:20372000047B704700E100E000ED00E080B582B000AF78607B68013BB3F1807F01D301231D
:203740000FE00A4A7B68013B53600F214FF0FF30FFF7C2FF054B00229A60044B07221A60A1
:20376000002318460837BD4680BD00BF10E000E01EF0040F0CBFEFF30880EFF309800149AF
:20378000084700BF5538020080B400AF62B600BFBFF36F8F00BFEFF3148C2CF0040C8CF336
:2037A0001488BFF36F8F02DF00BEFDE70E4B1968EFF309821EF0100F08BF22ED108A22E94B
:2037C000F04F0A604FF0100080F31188BFF34F8FBFF36F8F07F03EFA4FF0000080F311882B
:2037E00000F004B800BF0000B044FF1F064801680A68B2E8F04F1EF0100F08BFB2EC108A1E
:2038000082F30988704700BFB044FF1F80B584B000AFEFF311837B607B68FB601023BB6025
:20382000BB6883F3118800BF07F008F90346002B03D0074B4FF080525A60FB683B603B689A
:2038400083F3118800BF00BF1037BD4680BD00BF00ED00E080B584B000AF78607B689B69F1
:20386000FB60FB68023B1B78FB72FB7A022B03D1FFF7BCFF00BF09E0FB7A032B06D9054BAC
:20388000054A40F20541054805F05AF900BF1037BD4680BD282A03004C2B03003C2A03004E
:2038A00080B485B000AFF860B9607A603B60FB68043BFB60FB684FF080721A60FB68043B5D
:2038C000FB607B6823F00102FB681A60FB68043BFB600D4AFB681A60FB68143BFB603A68D7
:2038E000FB681A60FB68043BFB60FB686FF002021A60FB68203BFB60FB6818461437BD4686
:203900005DF8047B704700BF0D39020080B400AF00BE00BFFDE7FFFF80B584B000AF2C4B44
:20392000FB60FB681B78DBB2FB72FB68FF221A70FB681B78DBB27B607B681B09DBB203F049
:203940000103DAB2234B1A70234B07221A6007E0214B1B68013B204A13607B685B007B60C6
:203960007B6803F08003802BF2D01B4B1B68C3F10703042B06D0194B194A40F2A241194898
:2039800005F0DEF8144B1B681B02134A1360124B1B6803F4E063104A1360FB7ADAB2FB6842
:2039A0001A70FF216FF00100FFF796FE00F0ECF80D4B5B680C4A43F040435360FFF7E4FEED
:2039C00007F048F9002318461037BD4680BD00BF00E400E06032FF1F6432FF1F642A03002F
:2039E000602B03003C2A030030EF00E080B584B000AFEFF311837B607B68FB601023BB60DC
:203A0000BB6883F3118800BF0E4B1B6801330D4A13600C4B1B68012B0FD10B4AFB681360CA
:203A20000A4B5B68C3F30803002B06D0084B094A40F2F641084805F083F800BF1037BD46D4
:203A400080BD00BF5832FF1F5C32FF1F00ED00E0902A0300742B03003C2A030080B582B01A
:203A600000AF0F4B1B68002B06D10E4B0E4A40F2FF410E4805F064F8094B1B68013B084A89
:203A80001360074B1B68002B06D1094B1B687B607B6883F3118800BF00BF0837BD4680BD3B
:203AA0005832FF1FD82A0300882B03003C2A03005C32FF1F80B487B000AF786000237B619D
:203AC0007B68002B2BD0264B9B899BB27B617B6903F40043002B14D0214BB3F8FE339BB25D
:203AE0003B611F4B4AF20252A3F8FE231C4B00229A813B699AB21A491A4B13439BB2A1F8DC
:203B0000FE33BFF34F8F00BF30BFBFF36F8F00BF62B600BFBFF36F8F00BF72B600BF7B69B6
:203B200003F40043002B15D00D4BB3F8FE339BB2FB600B4B4AF20252A3F8FE23084B7A6987
:203B400092B29A81FB689AB20549064B13439BB2A1F8FE3300BF1C37BD465DF8047B7047AB
:203B600000E0014000A5FFFF80B500AF72B600BF06F046FE0120FFF79DFF62B600BF06F0FC
:203B80004DFE00BF80BDFFFF80B500AF054B1B68054AA2FB03239B091846FFF7C7FD00BF9C
:203BA00080BD00BF3C34FF1FD34D621080B586B000AF786039607B687B613968786900F02D
:203BC00067F838613B69002B01D03B6932E03B681B791A4ADB01DBB293713B681B781A46F9
:203BE000174B9B5C03F00303FB603B685B781B01DBB2FA681343FB603B689B781B0303F41B
:203C00004053FA681343FB603B68DB781B0203F44073FA681343FB60084BFA6892B25A805B
:203C20003B685B79054ADB01DBB213727B69054A1A60002318461837BD4680BD004204408D
:203C40009C2B03005444570080B485B000AF78607B68FB60FB68002B01D101230DE0FB68A9
:203C60001B68094A934201D0072306E0074B00221A70064BFF221A70002318461437BD46EF
:203C80005DF8047B704700BF544457000042044080B483B000AF786039603B68002B01D13E
:203CA000012324E07B68002B01D101231FE07B681B68124A934201D10E2318E03B681B7811
:203CC000022B0DD03B681B78042B09D03B681B78052B05D03B681B78062B01D0012306E01F
:203CE0003B681B79012B01D0012300E0002318460C37BD465DF8047B704700BF544457008C
:203D000080B483B000AFEFF303837B607B683B603B88C3F308039BB2DBB2103BDBB25BB289
:203D200018460C37BD465DF8047B704780B487B000AF0346FB710E4B1B6A7B61FB797A6974
:203D400022FA03F303F007033B617B691B0E03F00703FB60074B1A68FB689A403B6922FA82
:203D600003F318461C37BD465DF8047B704700BF00E001403C34FF1F80B483B000AF034641
:203D80003960FB7197F9073004493A6841F8232000BF0C37BD465DF8047B7047B032FF1F5C
:203DA00080B483B000AF0346FB710B4997F9073003F1C00251F822306FF3104341F822308C
:203DC000054A97F90730C03352F8233000BF0C37BD465DF8047B70470060004080B584B0A4
:203DE00000AF0346FB7197F907301846FFF7D8FFBFF35F8F00BF97F90730FB60FB6803F096
:203E00001F02074997F907305B09012000FA02F2603341F8232000BF1037BD4680BD00BFE3
:203E200000E100E080B584B000AF0346B9607A60FB73BB68DAB2094997F90F301201D2B298
:203E40000B4483F8002397F90F3079681846FFF793FF00BF1037BD4680BD00BF00E100E019
:203E600080B485B000AF0346FB7197F90730FB60FB6803F01F020749FB685B09012000FAAA
:203E800002F241F8232000BF1437BD465DF8047B704700BF00E100E080B582B000AF03463B
:203EA000FB7197F907301846FFF798FF97F907301846FFF7D5FF00BF0837BD4680BDFFFFB9
:203EC00080B485B000AF0346FB7197F90730FB60FB6803F01F020B4997F907305B090120DC
:203EE00000FA02F2203341F82320BFF34F8F00BFBFF36F8F00BF00BF1437BD465DF8047B66
:203F0000704700BF00E100E080B483B000AF0346FB7197F90730044A52F8233018460C374C
:203F2000BD465DF8047B7047B032FF1F80B58AB000AF786039607B687B627B6A002B01D1C2
:203F4000012337E13B68002B01D1012332E13B68DB69002B01D101232CE13B68DB695B688F
:203F6000002B01D1012325E17B6A5B68934A934201D10E231EE13B681B781A4640F21F33A4
:203F8000D34003F00103002B02D140F27A5311E13B68DB691B7B032B08D13B68DB695B89D9
:203FA0004FF6FF72934201D1032303E13B68DB691B7B082B01D10323FCE03B6893F90530B2
:203FC000002B01DA0123F5E03B6893F90730002B01DA0123EEE03B6893F90930002B01DA16
:203FE0000123E7E03B6893F90B30002B01DA0123E0E03B681B7803F1007303F560535B01DE
:204000001A467B6A1A627B6A00221A703B681B781A4640F21F33D34003F00103002B02D02D
:204020007B6A10221A707B6A3A68DA613B685A697B6A5A623B689A697B6ADA627B6A002248
:204040009A627A6A9378012161F3010393703B685B78002B05D17A6A9378022161F3010317
:2040600093703968786A00F082FC3968786A00F052FB38623B6A002B01D03B6A9AE0786A50
:2040800000F0AAFA0023FB61EFF31083BB60BB68FB610123FB60FB6883F3108800BF484BBC
:2040A0005A683B681B7819464FF00043CB40DB43434913404B60424B5B68FB693B613B6980
:2040C00083F3108800BF7B6A1B6A00229A707B6A1B6A00221A717B6A1B6A00225A727B6A29
:2040E0001B6A00229A727B6A1B6A0022DA727B6A1B6A00225A833B681B781A4640F21F33B2
:20410000D34003F00103002B03D07B6A1B6A4022DA747B6A1B6A06221A773968786A00F0E7
:2041200051FB7B6A0022DA607B6A00221A617B6A00225A617B6A00229A613B68DB69BB61A9
:20414000BB691B7803F003037B617B6943F010037B617B6ADB6993F905301846FFF79CFEF5
:204160007B6ADB6993F90B301846FFF795FE7B6943F040037B617B6ADB6993F907301846E8
:20418000FFF78AFE7B6ADB6993F909301846FFF783FE7B6943F020037B617B6A1B6A7A697B
:2041A000D2B29A70BB695A897B6A1A817B6A034A5A60002318462837BD4680BD55494353AA
:2041C000FC6F044090B589B000AFF860B9607A60FB68FB610023BB617A68B968F86900F066
:2041E00005FAB861BB69002B01D0BB6988E0FB691B69002B01D0082382E0FB691B6A9B788E
:20420000DAB2FB691B6A02F07B02D2B29A70FB691B78002B06D0FB697A681A61FB69BA68ED
:20422000DA6013E0FB699B78C3F30103DBB21A467B689A1AFB691A61FB699B78C3F301038C
:20424000DBB21A46BB681A44FB69DA60FB69DB691B69002B2ED0FB691B69002B2AD0FB698C
:204260009B78C3F30103DBB27B61FB691A697B69013B22FA03F33B61FB6900221A613B69AE
:20428000B3F5803F01D901233AE0FB69DB691B699B689C68FB69DB691B691868FB69D9681B
:2042A0003B699BB20022A047B861BB69002B01D0BB6925E0FB691B6A9B78DAB2FB691B6A31
:2042C00062F07F02D2B29A70FB691B78002B16D1FB699B7803F00303DBB2022B0AD1BB684C
:2042E0001B88FA69126A6FEAC3536FEAD3539BB2D38104E0FB691B6ABA681278DA700023C7
:2043000018462437BD4690BD80B584B000AF786039607B68FB60FB68002B01D101232EE03B
:20432000FB685B68184A934201D0072327E0FB681B6A9B78C3F30103DBB203F00203002BB9
:2043400001D001231BE0FB681B6A9B78DBB203F07B03FB72FB681B6AFA7A22F07002D2B2A3
:204360009A70FB680022DA60FB681B6A3968184600F02AFBFB681B6AFA7A9A700023184691
:204380001037BD4680BD00BF554943532DE9B04F90B000AF7861FA60BB600B46FB74BB686E
:2043A000002B01D101230BE143F69822FB68934201D9032304E17B69002B01D10323FFE0FA
:2043C000BB68FF229A70BA6813786FF382031370BB688022DA707D4BFB63002387F83B3036
:2043E00000233B620C20FFF7A1FCF86100237B63D7E000233B63CDE07B6BDBB274493A6BEA
:204400000A441278C2F34002D1B271483A6B02441278C2F38002D2B20A43D2B2934240F08B
:20442000B1806C4A3B6B32F813301A467B6902FB03F33B62FA693B6AB2FBF3F3FB62FB6A51
:20444000B3F5807F00F2A38097E0FB6A013BFB62FB6A01333A6A02FB03F3BB61FB69002259
:2044600098469146594BDA179A4693460AFB09F208FB0BF31344A8FB0A452B441D46BB69F9
:20448000DA173B607A60D7E900232046294608F001F902460B464D4BD31ABB62002387F82F
:2044A0002730FB7C002B18D0BA69FB691B0AB2FBF3F387F8273097F92730002B64DA434A29
:2044C000BB6A134497F8272002FB03F34FF4807293FBF2F33D4A9B1ABB62BB6A002B02DA6A
:2044E000BB6A5B42BB62BA6AFB6B9A4239DA384A3B6B13441B78C3F30003D9B2BA68137861
:2045000061F386131370324A3B6B13441B78C3F34003D9B2BA68137861F3041313702C4A8A
:204520003B6B13441B78C3F38003D9B2BA68137861F3C3031370264A3B6B13441B78C3F327
:20454000C103D9B2BA68537861F301035370FB6ADAB2BB689A70BB6AFB6397F8273087F8FE
:204560003B30FB7C002B11D0BA68137843F004031370BB6897F83B20DA70FB6A002B7FF489
:2045800064AF04E000BF02E000BF00E000BF3B6B01333B633B6B0C2B7FF62EAF7B6B013364
:2045A0007B637B6B012B04D8FB68FA6B9A423FF720AFFB68FA6B9A4201DD032300E00023DB
:2045C00018464037BD46BDE8B08F00BFA0860100A42B0300B42B030080B483B000AF786097
:2045E00000BF0C37BD465DF8047B704780B485B000AFF860B9607A60FB68002B01D1012344
:2046000026E0BB68002B01D1012321E07B68002B01D101231CE0FB685B68104A934201D029
:20462000072315E0FB689B7803F00303DBB2022B0DD1BB6803F00103002B01D0032307E031
:204640007B6803F00103002B01D0032300E0002318461437BD465DF8047B704755494353F0
:2046600080B586B000AFF860B9607A603B60BB689B68002B01D1012349E0BB681B68002BF9
:2046800001D1012343E0BB685B68002B01D101233DE0BB685B681B68002B01D1012336E03D
:2046A000BB685B685B68002B01D101232FE0BB685B681B687B617B683A681A60FB681B78E7
:2046C000002B04D03B6803F10C027B681A60FB68DB695B78002B0AD17A69D378012161F3B5
:2046E0000513D3703B6803F10B027B681A60BB689B681B68BA681068BA6852681146984709
:2047000038613B69002B01D03B6900E0002318461837BD4680BD80B586B000AF7860396041
:2047200000237B613B68DB68002B18D03B68DB685B681B683B613B694FF400221A603B6893
:20474000D9683B691A1D7B681B6A05337868FFF787FF78617B69002B01D07B692EE03B68F3
:204760001B69002B29D03B681B695B681B68FB60FB684FF000621A603B681969FB6803F1CF
:2047800008027B681B6A03337868FFF769FF78617B69002B0CD03B68DB68002B08D03B68E3
:2047A000DB689B681B6A3A68D2681268104698477B69002B01D07B6900E07B69184618376E
:2047C000BD4680BD80B586B000AF78603960786800F073F83B689B781A013B68DB78DB0031
:2047E00013437B61F2233B613B685B78032B04D17B6943F040037B6107E03B685B78002B9F
:2048000003D13B6923F010033B617B681B6A7A69D2B21A707B681B6A3A69D2B29A713B68C8
:20482000DB69BB60BB681B7B5B00DAB27B681B6A02F00202D2B25A730023FB60BB685B7856
:20484000DB01DBB2FA681343FB60BB689B785B0103F02003FA681343FB607B681B6A002297
:204860001A72BB681B78022B03D0BB681B78032B11D17B681B6AFF225A70BB681B78022BFA
:2048800003D1FB6843F01003FB607B681B6AFA68D2B2DA710DE07B681B6AFA68D2B2DA7121
:2048A0007B681A6ABB685B681946104600F08CF800BF00BF1837BD4680BD80B485B000AF5D
:2048C00078607B681B78002B2ED00123FB607B68DB69DB68002B0FD17B68DB69DB69BB60E7
:2048E0007B681B78013BBA68127A13401B0203F47063FA681343FB607B681B78013B1B033B
:204900009BB2FA681343FB60FB689AB27B681B6A42F0060292B29A827B681B6A9B8A9BB2AC
:204920001A46FB689342F7D100BF1437BD465DF8047B704780B582B000AF78600B46FB70D5
:204940001346BB7097F902301846FFF7B9FA97F902301846FFF724FAF97897F902307A68C1
:204960001846FFF75FFA00BF0837BD4680BD80B582B000AF786039603B68997A3B6893F9E0
:204980000B301A467868FFF7D5FF3B6819793B6893F905301A467868FFF7CCFF3B68997983
:2049A0003B6893F907301A467868FFF7C3FF3B68197A3B6893F909301A467868FFF7BAFF0C
:2049C00000BF0837BD4680BD80B483B000AF786039603B689A787B685A703B685B78C3F384
:2049E0000103D9B27A68137861F3010313703B68DA787B689A747B68DB79DBB223F05C03C4
:204A0000DAB23B681B7803F05C03DBB21343DAB27B68DA7100BF0C37BD465DF8047B704755
:204A200090B58BB000AFF860B9601346FB71FB689B6A7B627B6A002B03D107F114037B62FC
:204A400005E07B6A07F114040FCB84E80F00FB68DB691B781A467B6A1A607B6ABA689A602D
:204A60007B6AFA791A71FB68DA6A7B6ADA60FB685B6A786A9847FB689B6A002B07D0FB68D7
:204A80009B6A1C4607F114030FCB84E80F0000BF2C37BD4690BD80B586B000AFFFF730F9A0
:204AA0000346FB7497F913301846FFF779F997F913301846FFF728FAF860FB68DB691B69D9
:204AC000002B40F08980FB681B69002B00F08480FB681B78002B52D0FB681B6ADB8AC3F326
:204AE0000423DBB2BB60BB687B612FE0FB689B7803F00303DBB2022B0BD1FB68DB681B888B
:204B0000FA68126A6FEAC3536FEAD3539BB2D38105E0FB68DA68FB681B6A1278DA73FB687C
:204B20001B69FA689278C2F30102D2B29A1AFB681A61FB68DB68FA689278C2F30102D2B269
:204B40001A44FB68DA607B6901337B61FB681B781A467B69934203D2FB681B69002BC5D1DA
:204B6000FB681B6A1B79DBB203F07D03DBB243F00203FB71FB681B6AFA791A712CE0FB6833
:204B80009B7803F00303DBB2022B0BD1FB68DB681B88FA68126A6FEAC3536FEAD3539BB211
:204BA000D38105E0FB68DA68FB681B6A1278DA70FB681B69FA689278C2F30102D2B29A1A18
:204BC000FB681A61FB68DB68FA689278C2F30102D2B21A44FB68DA60FB681B69002B1BD1B0
:204BE000FB681B6A9B78BB71BB7943F00403BB71BB7903F07F03BB71FB681B6ABA799A70FA
:204C0000FB680022DA60FB685B6A002B04D080220021F868FFF704FF00BF1837BD4680BD44
:204C200080B584B000AFFFF76BF80346FB7397F90F301846FFF7B4F897F90F301846FFF75A
:204C400063F9B860BB68DB69DB68002B03D0BB689B69002B7AD1BB681B78002B0FD0BB68B8
:204C60001B6ADB8AC3F30403DBB2002B64D0BB681B6A1B8A9BB2C3F308037B6013E0BB6855
:204C80009B7803F00303DBB2022B07D1BB681B6A1B8A9BB2C3F308037B6004E0BB681B6AB4
:204CA0005B79DBB27B60BB689B69002B0AD1BB685B6A002B33D07B6804221946B868FFF7F7
:204CC000AFFE2CE0BB685869BB689B78C3F30103DBB21A463B1D194609F022FDBB685B69A4
:204CE000BA689278C2F30102D2B21A44BB685A61BB689B69BA689278C2F30102D2B29A1ACD
:204D0000BB689A61BB689B69002B08D1BB685B6A002B04D001220021B868FFF781FEBB6867
:204D20001B78002B09D0BB681B6ADB8AC3F30403DBB2002B8FD100E000BFBB681B78002B7A
:204D400014D0BB681B6ABE221A710FE0BB6800229A61BB6800225A61BB685B6A002B06D044
:204D600001220021B868FFF75BFE00E000BF00BF1037BD4680BD80B582B000AFFEF7C0FFD1
:204D80000346FB7197F907301846FFF7BDF838603B681B6A9B78DAB23B681B6A02F07B0298
:204DA000D2B29A703868FFF717FC3B685B6A002B04D0022200213868FFF732FE97F9073083
:204DC0001846FEF7EDFF00BF0837BD4680BD80B584B000AFFEF794FF0346BB7297F90A3076
:204DE0001846FFF791F878600023FB607B681B78002B06D17B689B7803F00303DBB2022B5F
:204E000007D17B681B6A1B8A9BB2C3F30803FB6004E07B681B6A5B79DBB2FB607B681B6AD4
:204E20001B79DBB203F03803FB72FB7A03F01003002B0BD07B681B6A1B7FC3F30003DBB2ED
:204E4000002B03D1FB7A43F04003FB727B681B6A1B79DAB27B681B6A22F03802D2B21A71B0
:204E60007868FFF7B9FB7B685B6A002B05D0FB7A1A46F9687868FFF7D3FD97F90A301846FC
:204E8000FEF78EFF00BF1037BD4680BD80B483B000AFEFF303837B607B683B603B88C3F3FA
:204EA00008039BB2DBB2103BDBB25BB218460C37BD465DF8047B704780B483B000AF03469A
:204EC0003960FB7197F9073004493A6841F8232000BF0C37BD465DF8047B7047B032FF1F0B
:204EE00080B483B000AF0346FB710B4997F9073003F1C00251F822306FF3104341F822303B
:204F0000054A97F90730C03352F8233000BF0C37BD465DF8047B70470060004080B584B052
:204F200000AF0346FB7197F907301846FFF7D8FFBFF35F8F00BF97F90730FB60FB6803F044
:204F40001F02074997F907305B09012000FA02F2603341F8232000BF1037BD4680BD00BF92
:204F600000E100E080B584B000AF0346B9607A60FB73BB68DAB2094997F90F301201D2B247
:204F80000B4483F8002397F90F3079681846FFF793FF00BF1037BD4680BD00BF00E100E0C8
:204FA00080B485B000AF0346FB7197F90730FB60FB6803F01F020749FB685B09012000FA59
:204FC00002F241F8232000BF1437BD465DF8047B704700BF00E100E080B582B000AF0346EA
:204FE000FB7197F907301846FFF798FF97F907301846FFF7D5FF00BF0837BD4680BD80B531
:2050000084B000AF0346B9607A60FB7397F90F307A68B9681846FFF7A5FF97F90F3018460C
:20502000FFF7DAFF00BF1037BD4680BD80B483B000AF0346FB7197F90730044A52F82330DE
:2050400018460C37BD465DF8047B7047B032FF1F80B588B000AF786039607B68FB61FB69F1
:20506000002B01D10123AFE03B68002B01D10123AAE03B685B6A002B01D10123A4E03B6882
:205080005B68534A934206D03B685B68514A934201D0012398E03B6893F90F30002B01DA4E
:2050A000012391E03B6893F91030002B01DA01238AE0FB69DB68484A934201D10E2383E0E4
:2050C0003B681B781F2B09D83B681B781A4640F21F33D34003F00103002B02D140F27A534E
:2050E00072E03B685B6ABB61BB691B78002B06D0BB69DB785BB2002B01DB012364E03B688C
:205100001B7803F1007303F560535B011A46FB691A61FB693A681A603B689A68FB695A600C
:205120003B681A7BFB691A723B68DA69FB695A633B681A6AFB69DA63FB6900229A630023D2
:205140007B61EFF31083BB60BB687B610123FB60FB6883F3108800BF204B5A683B681B78D2
:2051600019464FF00043CB40DB431C4913404B601A4B5B687B693B613B6983F3108800BFA9
:205180003968F86900F023F9FB6900229A61FB690022DA61FB6900221A62FB6900225A627B
:2051A000FB69002283F82D20FB69002283F82E20FB69002283F82F20FB69002283F83020B1
:2051C000FB69054ADA60002318462037BD4680BDA0860100801A060043324953FC6F044043
:2051E00080B586B000AFF860B9607A60FB70FB68002B01D1012312E07B68002B01D1012365
:205200000DE000237B61FB68FA7883F82E2001237A68B968F86800F05BF878617B6918461F
:205220001837BD4680BD80B586B000AFF860B9607A60FB70FB68002B01D101230DE000237B
:205240007B61FB68FA7883F82E2000237A68B968F86800F03DF878617B6918461837BD46BC
:2052600080BDFFFF80B487B000AFF860B9601346FB71FB687B6100233B617B69002B01D1C4
:2052800001231CE07B69DB68104A934201D0072315E07B691B6A002B08D17B6993F830306C
:2052A000DBB283F00103DBB2002B01D1082306E07B69BA685A607B69FA791A723B691846AA
:2052C0001C37BD465DF8047B704700BF4332495380B586B000AFF860B9607A60FB70FB68EA
:2052E0007B61BB68002B01D1012336E07B69DB681C4A934201D007232FE0FB685B6B002BB8
:2053000001D1012329E07B69BA689A617B697A68DA617B691B7A012B12D17B69002283F883
:2053200029207B695B68DBB25B00DAB2FB781343DAB27B6983F828207B69012283F82A2041
:20534000FB78002B14BF01230023DAB27B6983F82D20786900F099F8002318461837BD4628
:2053600080BD00BF4332495380B586B000AF78600B46FB707B689B6B7B617B69002B03D1CA
:2053800007F10C037B6106E07A6907F10C0392E8030083E803007B68DA6B7B691A607B6905
:2053A000FA781A717B685B6B786998477B689B6B002B08D07B689B6B1A4607F10C0393E8D0
:2053C000030082E8030000BF1837BD4680BD80B584B000AF786039607B681B685B6AFB6000
:2053E0007B681B6900229A707B681B69F022DA72FB689A787B681B6902F00302D2B21A7074
:205400007B681B69FA229A717B681B69FA6852785A70FB681B789B00DAB27B681B6942F0EB
:205420002002D2B2DA717B681B69FA6852791A727B681B69FA68D2789A74FB681B79DB0068
:20544000DAB27B681B6942F00102D2B25A727B681B6923229A727B681B6900225A733B6823
:2054600093F90F003B685B7B7A681946FFF7C7FD3B6893F910003B685B7B7A681946FFF72E
:20548000BEFD00BF1037BD4680BD80B483B000AF78607B68002283F82C207B6800225A6290
:2054A0007B68DA697B681A627B6893F82A207B6883F82B207B68002283F82F207B68002232
:2054C00083F831207B68002283F833207B6893F82D30DBB2002B03D07B68012283F8312005
:2054E0007B681B69B4229A707B6893F83030DBB283F00103DBB2002B04D07B681B6951222D
:20550000DA7222E07B68002283F830207B6893F82A30012B03D17B6893F8283002E07B681A
:2055200093F829307A681269D3707B6893F82B30013BDAB27B6883F82B207B6893F82C30E3
:205540000133DAB27B6883F82C2000BF0C37BD465DF8047B704780B582B000AFFFF796FCB3
:2055600003461846FFF7BCFCFFF790FC0346FB7197F907301846FFF759FD3860386800F006
:205580001EF800BF0837BD4680BD80B582B000AFFFF77CFC0346FB7197F907301846FFF763
:2055A00045FD3860386800F058F8FFF76FFC03461846FFF795FC00BF0837BD4680BD80B52F
:2055C00082B000AF78607B681B691B7BC3F30003DBB2002B3AD17B6893F82A207B6893F873
:2055E0002C309A4226D07B6893F82D30DBB2002B09D07B6893F82C30022B04D17B681B69EE
:205600005222DA7225E07B681B697A6892F82820DA707B6893F82B30013BDAB27B6883F871
:205620002B207B6893F82C300133DAB27B6883F82C200EE07B681B6A002B03D0786800F0C7
:2056400061F806E0786800F03AF902E0786800F0FBF800BF0837BD4680BD80B584B000AF0D
:2056600078607B681A69D37A6FF3C303D3727B6893F82F30DBB2002B08D07B681B69F0225C
:20568000DA7201217868FFF76FFE37E07B6893F82A207B6893F82C309A4203D0786800F041
:2056A0008BF82BE07B681B6A002B27D17B6893F82D30DBB2002B01D0022300E00323FB73E4
:2056C0007B6893F83030DBB2002B04D07B681B690022DA720DE07B681B69F022DA727B6806
:2056E0001B699B78DAB27B681B6922F03002D2B29A70FB7B19467868FFF736FE00BF103769
:20570000BD4680BD80B485B000AF7860FF23FB737B6893F82D30DBB283F00103DBB2002B42
:2057200011D07B689A697B685B6A13441B78FB737B681B6A5A1E7B681A627B685B6A5A1C45
:205740007B685A622EE07B6893F83130DBB2002B0CD07B68002283F831207B681B6A012BD4
:2057600018D97B681B6900229A7213E07B681A697B6899697B685B6A0B445279D2B21A7095
:205780007B681B6A5A1E7B681A627B685B6A5A1C7B685A627B681B6A012B03D17B681B693E
:2057A00020229A727B681B69FA7BDA7000BF1437BD465DF8047B704780B485B000AF7860ED
:2057C0000023FB737B6893F82C30002B0DD17B6893F82A30012B03D17B6893F8283002E0F5
:2057E0007B6893F82930FB7310E07B6893F82D30DBB2002B0AD07B6893F82C30022B05D15A
:205800007B6893F8293043F00103FB737B681B690022DA727B681B69FA7BDA707B6893F8B3
:205820002B30013BDAB27B6883F82B207B6893F82C300133DAB27B6883F82C2000BF14375E
:20584000BD465DF8047B704780B582B000AF78607B6893F82D30DBB283F00103DBB2002B45
:2058600005D17B6893F83130DBB2002B0BD07B6800221A627B68012283F82F207B681B6938
:205880005422DA7217E07B681A697B6899697B685B6A0B445279D2B21A707B681B6A5A1E54
:2058A0007B681A627B685B6A5A1C7B685A62786800F005F800BF00BF0837BD4680BD80B4CE
:2058C00083B000AF78607B6893F82E30DBB2002B08D07B681B695222DA727B68012283F80A
:2058E000302003E07B681B695422DA7200BF0C37BD465DF8047B704780B485B000AF002381
:20590000FB60EFF310837B607B68FB600123BB60BB6883F3108800BF0D4B1B68002B05D193
:205920000C4B0022DA700B4B4022DA70084B1B680133074A1360FB683B603B6883F3108825
:2059400000BF00BF1437BD465DF8047B704700BFAC32FF1F000D044080B485B000AF0023A9
:20596000FB60EFF310837B607B68FB600123BB60BB6883F3108800BF0F4B1B68002B04D033
:205980000D4B1B68013B0C4A13600B4B1B68002B05D10A4B0022DA70084B8022DA70FB68EA
:2059A0003B603B6883F3108800BF00BF1437BD465DF8047B704700BFAC32FF1F000D044038
:2059C00080B584B000AF786039607B68FB60FB68002B01D1012318E03B68002B01D10123C0
:2059E00013E03B685B68002B01D101230DE0FB681B68084A934201D10E2306E0FB68054A98
:205A00001A60386800F008F8002318461037BD4680BD00BF54524F5080B584B000AF786080
:205A2000786800F061F87B68BB60FFF765FF0023FB8111E0BB685A68FB89DB00134498889A
:205A4000BB685A68FB89DB0013441B68194600F00FF8FB890133FB81BB681B88FA899A4279
:205A6000E8D3FFF779FF00BF1037BD4680BDFFFF80B483B000AF03463960FB803B6803F4AC
:205A80008033002B1CD01749FB881B0A9BB21A46FB88DBB212011A4451F822306FF31043B6
:205AA00041F822300F48FB881B0A9BB21946FB88DBB23A6822F4803209010B4440F8232062
:205AC0000849FB881B0A9BB21A46FB88DBB2120113443A6841F8232000BF0C37BD465DF82E
:205AE000047B70470008044080B586B000AF786000237B619FE000233B6195E07B685A68DB
:205B00007B69DB0013449A8851493B6931F813309A4240F086807B685A687B69DB001344D6
:205B20001B6803F0F853FB60FB68B3F1807F03D0FB68B3F1106F39D1464B93F8BB34DAB249
:205B400001213B6901FA03F3DBB21340DBB2002B13D1012003F066F93E4B93F8BB34DAB210
:205B600001213B6901FA03F3DBB23A491343DBB281F8BB34012003F005F9374A3B69203389
:205B800012F81330C3F3C013DBB2002B49D132493B6903F1200211F8123043F0800301F82E
:205BA00012300121C82002F0D5FF3AE0294B93F8BB34DAB201213B6901FA03F3DBB21340A8
:205BC000DBB2002B15D0012003F02CF9214B93F8BB34DAB201213B6901FA03F3DBB2DB431B
:205BE000DBB21C491340DBB281F8BB34012003F0C9F8194A3B69203312F81330C3F3C01366
:205C0000DBB2002B0DD014493B6903F1200211F812306FF3C71301F812300121C82002F01A
:205C200099FF3B6901333B613B69022B7FF666AF7B6901337B617B681B881A467B6993426A
:205C4000FFF459AF00BF00BF1837BD4680BD00BFD02B030000E001400040044080B483B073
:205C600000AFEFF303837B607B683B603B88C3F308039BB2DBB2103BDBB25BB218460C37D0
:205C8000BD465DF8047B704780B487B000AF0346FB710E4B1B6A7B61FB797A6922FA03F384
:205CA00003F007033B617B691B0E03F00703FB60074B1A68FB689A403B6922FA03F31846C1
:205CC0001C37BD465DF8047B704700BF00E001403C34FF1F80B483B000AF03463960FB7111
:205CE00097F9073004493A6841F8232000BF0C37BD465DF8047B7047B032FF1F80B483B07B
:205D000000AF0346FB710B4997F9073003F1C00251F822306FF3104341F82230054A97F994
:205D20000730C03352F8233000BF0C37BD465DF8047B70470060004080B584B000AF03460B
:205D4000FB7197F907301846FFF7D8FFBFF35F8F00BF97F90730FB60FB6803F01F0207499D
:205D600097F907305B09012000FA02F2603341F8232000BF1037BD4680BD00BF00E100E014
:205D800080B584B000AF0346B9607A60FB73BB68DAB2094997F90F301201D2B20B4483F810
:205DA000002397F90F3079681846FFF793FF00BF1037BD4680BD00BF00E100E080B485B0FB
:205DC00000AF0346FB7197F90730FB60FB6803F01F020749FB685B09012000FA02F241F867
:205DE000232000BF1437BD465DF8047B704700BF00E100E080B582B000AF0346FB7197F9ED
:205E000007301846FFF798FF97F907301846FFF7D5FF00BF0837BD4680BD80B584B000AF1B
:205E20000346B9607A60FB7397F90F307A68B9681846FFF7A5FF97F90F301846FFF7DAFFF2
:205E400000BF1037BD4680BD80B483B000AF0346FB7197F90730044A52F8233018460C37DE
:205E6000BD465DF8047B7047B032FF1F80B584B000AF786039607B68FB603B68002B01D12D
:205E8000012363E03B68DB69002B01D101235DE0FB68002B01D1012358E03B681B7A03F06F
:205EA0000103DBB2002B03D13B681B7A0A2B01D901234BE03B681B78032B01D9052345E031
:205EC000FB681B68234A934201D10E233EE03B681B7C1A46012303FA02F2FB68DA60FB68CA
:205EE000DB68C3F30C03002B02D140F27A532DE03B685B69002B03D13B681B78012B06D1F1
:205F00003B6893F91230002B01DA0B231EE03B68DB69BB60BB689B69002B03D1BB68DB694F
:205F2000002B07D0FB68DB68C3F30C03002B01D105230BE03968F86800F060F93968F86899
:205F400000F08CF9FB68034A1A60002318461037BD4680BD5450470080B485B000AF7860BF
:205F60007B68FB60FB68002B01D101230CE0FB681B68084A934201D0072305E0FB689B6820
:205F8000FA68D2689A60002318461437BD465DF8047B70475450470080B485B000AF786036
:205FA0007B68FB60FB68002B01D101230CE0FB681B68084A934201D0072305E0FB689B68E0
:205FC000FA68D2685A60002318461437BD465DF8047B70475450470080B58CB000AFF860AE
:205FE000B9607A607B6803F003037B62FB683B623B6A002B01D10123B2E07B6A022B01D9B1
:206000000123ADE07B6803F00C03002B14BF01230023FB773B6A5B681B78062B04D1FB7FB8
:20602000002B0ED105239BE0FB7F83F00103DBB2002B06D13B6A5B681B78032B01D0052311
:206040008EE03B6A1B68484A934201D0072387E03B6A9B685B6E0133BA689A4201D903233E
:206060007EE04FF0FF333B6100237B6107F110027B68B968386A00F088FA386A00F0B3F857
:20608000B8613B6A9B681B6BFB627B69002B29D10223BB627B6803F00803002B01D004230D
:2060A000BB627B6803F00203002B11D03B6A99683A69BB6A12339B000B445A603B6A9968DF
:2060C000BB6A01333A6912339B000B445A6009E03B6A99687A6ABB6A13443A6912339B0069
:2060E0000B445A607B6803F04003002B07D03B6A9B681A6C3B6A9B6842F480021A647B6A8B
:20610000012B08D0FB6A23F44033FB627B691B04FA6A1343FB627B68022B09D17B69002B1C
:2061200006D007F110020123B968386A00F02DFA7B6A002B08D0FB6A23F04073FB627B692D
:206140001B06FA6A1343FB623B6A9B68FA6A1A63BB6943F425431946386A00F039F8002376
:2061600018463037BD4680BD5450470080B586B000AF786039607B687B617B69002B01D104
:2061800001231FE03B68002B01D101231AE07B691B680E4A934201D0072313E07B699B68B5
:2061A0005B6E3B613B690133FB603B68FA689A60786900F05FFA02463B685A603B680122B3
:2061C0001A70002318461837BD4680BD5450470080B483B000AF7860396000BF0C37BD46AE
:2061E0005DF8047B704780B483B000AF7860002318460C37BD465DF8047B704780B485B06B
:2062000000AF786039607B683A685A607B6801221A747B68DB68C3F30C03002B02D07B68C0
:2062200000221A743B681B7C03F5800303F5F0631B02FB60FA687B689A603B685A697B68AE
:206240005A613B689A697B68DA617B6800229A6100BF1437BD465DF8047B704780B596B0AC
:2062600000AF786039603B68DB69FB640023BB64EFF310837B627B6ABB640123BB62BB6ABA
:2062800083F3108800BF044BDB683A68127C072A04D86FF0200203E0FC6F04406FF04002AE
:2062A0007E491340CB607D4BDB68BB6C3B623B6A83F3108800BF7B68DB6803F00F03002B02
:2062C0001ED000237B64EFF310837B617B697B640123BB61BB6983F3108800BF704B5B88EB
:2062E0009AB27B68DB689BB2DB439BB26C4913409BB24B807B6CFB61FB6983F3108800BFE0
:206300007B689B684FF425421A607B689B680022DA627B689B680022DA637B689B680022E2
:206320009A643B681B7A5B08DBB23B643B6C1B067B653B685B68013BFB633B681B78032B8C
:2063400003D17B6D43F480337B657B689B687A6DDA62786800F0E2F87B689B68FA6C9269BD
:20636000DA617B689B68FA6CD2691A627B689B68FA6B9A667B689B68FA6B5A660023BB6348
:20638000FB6CDB6A3B654FF0FF33FB6000233B613B681B78002B06D13B685B685B08013BE9
:2063A0007B637B6BFB603B681B78012B07D93B68D96807F10C020023786800F0E6F87B68DE
:2063C0009B68FA685A657B689B68FA689A653B691B04BA6B1343BB633B691B06BA6B1343B6
:2063E000BB63FB6CDB6A002B1ED1FB6C1B78002B0AD0FB6C5B781946386800F053F93863AA
:206400003A6D3B6B13433B65FB6C9B78002B0BD0FB6CDB781946386800F044F9F862FB6A14
:206420001B043A6D13433B653B681B7C1A46FF23D34003F00103002B03D07B689B680022D4
:206440005A647B689B6800229A637B689B680022C3F88820FB6CDB6A002B0DD1FB6C93F867
:2064600020305B033A6D13433B65FB6C93F821305B073A6D13433B657B689B684FF4AA02BA
:206480001A643B681B78012B0CD17B689B680022DA647B689B6800221A6503E0FC6F0440E0
:2064A00000B007407B689B687A68D268DA607B689B683A6D5A637B689B68BA6B42F003021D
:2064C0001A637B689B68BA6B42F001021A634AF201517868FFF77CFE3B6893F912003B68C0
:2064E0005B7C7A68194600F03AF8FB6C93F92400FB6C93F822307A68194600F030F8FB6C47
:2065000093F92500FB6C93F823307A68194600F026F800BF5837BD4680BD00BF80B483B082
:2065200000AF78607B689B684FF000421A617B689B684FF000425A617B689B684FF0004269
:206540009A617B689B6800225A627B689B6800229A6200BF0C37BD465DF8047B704780B5B3
:2065600084B000AF0346B9607A60FB7397F90F30002B06DB97F90F307A68B9681846FFF78D
:206580004CFC00BF1037BD4680BD80B48BB000AFF860B9607A603B60FB689B689B6EFB619E
:2065A000FB690133FB61BB68002B0CBF01230023FB76BA68FB699A422CBF01230023BB7651
:2065C000FB7E002B02D1BB7E002B44D03B6803F00103002B07D1FB689B685B6BC3F3040346
:2065E000DBB27B6206E0FB689B685B6BC3F30443DBB27B62FB685B681B78032B09D97B6A0A
:2066000003F01003002B0CBF0123002387F8233008E07B6A03F00C03042B0CBF0123002355
:2066200087F82330FB7E002B06D097F8233083F00103DBB2002B06D1BB7E002B07D097F85C
:206640002330002B03D07B6802225A600CE07B6803225A6008E0BB687B617B69013B7B6197
:206660007B687A691A6000BF00BF2C37BD465DF8047B704780B584B000AF78607B689B6895
:20668000DB6AC3F30263DBB25B00FB730020FFF7FBFAB860FB7BBA6822FA03F318461037D2
:2066A000BD4680BD80B485B000AF78600B46FB70FB789A01FB781B01134343F48073BB60B6
:2066C0000923FB607B681B78022B0BD07B681B78032B02D10323FB6004E0FB78002B01D169
:2066E0000623FB60BA68FB681343BB60BB6818461437BD465DF8047B704790B589B000AF99
:20670000F8600B467A60FB72FB689B69FB61FB69002B03D107F11003FB6105E0FA6907F1BC
:20672000100307CA83E80700FB69FA7A1A71FB697A689A60FB68DA69FB691A60FB685B69B5
:20674000F8699847FB689B69002B08D0FB689B691C4607F1100393E8070084E8070000BF07
:206760002437BD4690BD80B584B000AFFFF776FA0346FB7397F90F301846FFF7BFFA97F9CD
:206780000F301846FFF760FBB860BB685B681B78012B20D1B868FFF726FD7860BB689B6826
:2067A000BA68D2689A60BB689B6800229A64BB689B680022DA64BB689B6800221A657B680D
:2067C00043F425431946B868FFF702FD97F90F301846FFF7B1FABB685B69002B04D00022D0
:2067E0000021B868FFF789FF00BF1037BD4680BD80B483B000AFEFF303837B607B683B60BD
:206800003B88C3F308039BB2DBB2103BDBB25BB218460C37BD465DF8047B704780B487B09B
:2068200000AF0346FB710E4B1B6A7B61FB797A6922FA03F303F007033B617B691B0E03F038
:206840000703FB60074B1A68FB689A403B6922FA03F318461C37BD465DF8047B704700BF0E
:2068600000E001403C34FF1F80B400AF044B0022A3F8002100BFBD465DF8047B704700BF4D
:2068800000C0014080B400AF094B0122A3F80421074BB3F804319BB2002BF9D1044B0122F7
:2068A000A3F8002100BFBD465DF8047B704700BF00C0014080B483B000AF03463960FB71AB
:2068C00097F9073004493A6841F8232000BF0C37BD465DF8047B7047B032FF1F80B483B08F
:2068E00000AF0346FB710B4997F9073003F1C00251F822306FF3104341F82230054A97F9A9
:206900000730C03352F8233000BF0C37BD465DF8047B70470060004080B584B000AF03461F
:20692000FB7197F907301846FFF7D8FFBFF35F8F00BF97F90730FB60FB6803F01F020749B1
:2069400097F907305B09012000FA02F2603341F8232000BF1037BD4680BD00BF00E100E028
:2069600080B584B000AF0346B9607A60FB73BB68DAB2094997F90F301201D2B20B4483F824
:20698000002397F90F3079681846FFF793FF00BF1037BD4680BD00BF00E100E080B485B00F
:2069A00000AF0346FB7197F90730FB60FB6803F01F020749FB685B09012000FA02F241F87B
:2069C000232000BF1437BD465DF8047B704700BF00E100E080B582B000AF0346FB7197F901
:2069E00007301846FFF798FF97F907301846FFF7D5FF00BF0837BD4680BDFFFF80B485B0E1
:206A000000AF0346FB7197F90730FB60FB6803F01F020B4997F907305B09012000FA02F2EB
:206A2000203341F82320BFF34F8F00BFBFF36F8F00BF00BF1437BD465DF8047B704700BF72
:206A400000E100E080B584B000AF0346B9607A60FB7397F90F307A68B9681846FFF780FF0E
:206A600097F90F301846FFF7B5FF00BF1037BD4680BDFFFF80B483B000AF0346FB7197F9A0
:206A80000730044A52F8233018460C37BD465DF8047B7047B032FF1F80B584B000AF7860B5
:206AA00039607B68FB600023BB603B68002B01D101235BE0FB68002B01D1012356E0FB68A5
:206AC0001B682C4A934201D10E234FE03B681B78002B0DD03B6893F91130002B01DA0B23D4
:206AE00044E03B6893F91330002B01DA0B233DE0FB683A685A603B681B78002B23D03B68F9
:206B00005A68FB689A633B68DA68FB681A64FB680022DA63184B01221A763B6893F9110075
:206B20003B681B7CFA681946FFF78CFF124B98221A753B6893F913003B689B7CFA68194676
:206B4000FFF780FF05E00C4B00221A760A4B00221A75F86800F0EAF9B860BB68002B01D062
:206B6000BB6803E0FB68034A1A60BB6818461037BD4680BD4E45504F00E07F4080B586B0A1
:206B800000AFF860B9607A603B60FB683B6100237B6101233A687968386900F02FF9786129
:206BA0007B69002B01D07B6921E03B685A083B691A633B69BA689A623B697A68DA623B69C2
:206BC000002283F834207B680B4A93420AD8BB68B3F5002F01D8012309E0386909F0F4FF68
:206BE000786103E0386900F0C2F878617B6918461837BD4680BD00BFFFFF0F4080B58CB067
:206C000000AFF860B9607A60FB68FB610023FB62F86900F065F9F862FB6A002B01D0FB6A6C
:206C200073E0FB695B681B78002B05D0FB699B6B002B01D1012368E07B68002B01D115235C
:206C400063E0FB69002283F83420BB68314A934236D80023BB6200237B62BB68B3F5803F51
:206C60000BD2BB6823F4FF5323F01F03BB62BB6AC3F580335B0B7B6205E0BB6823F4FF4325
:206C800023F07F03BB627B6A5B033B627A687B6A9A4206D97A687B6AD31ADB033A6A134453
:206CA0003B62BA6A3B6A1344B3F5002F01D915232BE07A68B96AF86909F092FFF86223E0D6
:206CC000BB6823F03F03BB617B689B017B61BB69104A934203D9BB690F4A934201D3162337
:206CE00013E0BA697B6913440B4A934201D915230BE07A68B969F86900F0B6F9F862FB6A59
:206D0000002B01D0FB6A00E0FB6A18463037BD4680BD00BFFFFF0F400020104080B584B0E3
:206D200000AF78600B46FB701346BB707B68FB600023BB60F86800F0D3F8B860BB68002B8F
:206D400001D0BB680FE0FB78002B04D1BB78002B01D1012307E0BA78FB781946F86809F045
:206D60004FFFB860BB6818461037BD4680BD80B586B000AF786000237B61786800F0B2FA38
:206D800078617B69002B01D07B6932E07B685B681B78002B06D07B68012283F83420002312
:206DA0003B6102E07B68DB683B613A690421786809F022FF78617B685B681B78002B01D0C3
:206DC0007B6916E018224FF48051786909F00CFF78617B681B6B002B02D07B69002BE4D0A4
:206DE00009F0FAFEF8607B69002B01D1FB687B617B6918461837BD4680BDFFFF80B588B0EE
:206E000000AFF860B9607A60FB70F86800F068F8B861BB69002B01D0BB6956E0FB685B68A4
:206E20001B78002B05D0FB689B6B002B01D101234BE0BB68274A934213D84FF400237B6174
:206E4000BA687B699A4201D916233EE0BA687B6813447A699A4201D2172336E08023FB61E2
:206E600013E0BB681B4A934203D9BB681A4A934201D3162329E0BA687B681344164A9342E3
:206E800001D9172321E00423FB61FB78002B0FD0FB695A1EBB681340002B01D0162314E062
:206EA000FB695A1E7B681340002B01D017230CE07B68002B01D1172307E0FB681B68074A66
:206EC000934201D0072300E0002318462037BD4680BD00BFFFFF0F40002010404E45504F3C
:206EE00080B483B000AF78607B68002B01D1012311E07B681B680B4A934201D007230AE03A
:206F0000094BB3F884309BB203F08103002B01D0082300E0002318460C37BD465DF8047B58
:206F2000704700BF4E45504F00E07F4080B586B000AF78607B68002283F83420424B012294
:206F400083F816241C20FFF769FC78611820FFF765FC38617B693D4A934202D84FF4FB7319
:206F60006DE07B6903F5742303F23F23384AA2FB03239B0CFB603B6903F5742303F23F2329
:206F8000334AA2FB03239B0CBB60FB689BB2314A03F5F0539BB2A2F8E430BB6843F6B85228
:206FA00002FB03F32C4AA2FB03239A087B689A60BB6840F6D86202FB03F3274AA2FB03236C
:206FC0009A087B68DA60BB685B00234AA2FB03239A087B681A61BB68542202FB03F31E4A50
:206FE000A2FB03239A087B685A61BB681B4A02FB03F3194AA2FB03239A087B689A61BB684A
:2070000044F2506202FB03F3134AA2FB03239A087B685A62BB68124A02FB03F30E4AA2FBCD
:2070200003239A087B681A62BB680E4A02FB03F3094AA2FB03239A087B68DA610023184664
:207040001837BD4680BD00BF00E00140FF083D0083DE1B4300E07F40ABAAAAAA38AF04008B
:2070600080DE0F00A0F7030080B588B000AFF860B9607A600023FB61FB68BA689A62FB683F
:207080007A681A63F86800F02DF9F861FB69002B02D04FF4FA7336E0FB685B681B78002BB7
:2070A00006D0FB68022283F834200023BB6102E0FB685B6ABB61164B0122A3F8E020BA69FD
:2070C0004021F86809F084FDF861FB685B681B78002B01D0FB6916E019224FF40051F869DD
:2070E00009F082FDF861FB681B6B002B02D0FB69002BE4D009F070FD7861FB69002B01D1F6
:207100007B69FB61FB6918462037BD4680BD00BF00E07F4080B584B000AFFFF769FB0346BD
:20712000BB7397F90E301846FFF7A4FCB8601E4B1B7CDBB27B601C4BD3F880201B4B134054
:207140003B607B6803F00803002B02D00423FB7319E07B6803F08003002B02D00523FB733C
:2071600011E07B6803F01003002B0AD03B6803F44053002B02D00723FB7304E00623FB73F3
:2071800001E00723FB73B86809F032FD97F90E301846FFF7A3FBFB7B1946B86800F06EF823
:2071A00000BF1037BD4680BD00E07F404070F00080B584B000AF0023FB73FFF719FB03464E
:2071C0007B7397F90D301846FFF754FCB86097F90D301846FFF782FBBB6893F83430012B5C
:2071E00017D1BB681B6B002B0ED000220421B86809F002FD78607B68002B2BD0B86809F09C
:20720000F7FC0723BB7325E00123BB730123FB7320E0BB6893F83430022B0ED1BB681B6B73
:20722000002B05D000224021B86809F0D1FC11E00023BB730123FB730CE00123FB730E4B3A
:2072400093F8D430DBB2012B02D10323BB7301E00223BB73FB7B002B0AD009F0BDFCBB683B
:20726000002283F83420BB7B1946B86800F006F800BF1037BD4680BD00E07F4080B586B02A
:2072800000AF78600B46FB707B68DB6B7B617B69002B03D107F10C037B6106E07A6907F11F
:2072A0000C0392E8030083E803007B69FA781A707B681A6C7B695A607B689B6B7869984744
:2072C0007B68DB6B002B08D07B68DB6B1A4607F10C0393E8030082E8030000BF1837BD46F6
:2072E00080BDFFFF80B584B000AF78600023FB604FF49643BB607B685B681B78002B0DD06D
:207300007B685B6893F911301846FFF763FB7B685B6893F913301846FFF75CFB0C4B4AF691
:207320008022A3F8842008E0BB68002B02D14FF4FA7309E0BB68013BBB60054BB3F88430A1
:207340009BB2802BF0D1FB6818461037BD4680BD00E07F4080B586B000AF786039607B681F
:207360007B617B69002B01D1012344E07B691B68234A934201D10E233DE03B68002B01D19F
:20738000012338E03B685B68002B01D1012332E000F046FA3B685B683B613B691B78FB7341
:2073A00097F90F30002B01DA0B2324E097F90F30144A52F82330002B01D008231BE07B69F6
:2073C000FA7B1A713B681B68002B10D03B681B68184600F0BAFAB860BB68002B01D0BB68FA
:2073E00009E03B681B681946786900F059FA7B69034A1A60002318461837BD4680BD00BF81
:20740000004354440000FE1F80B584B000AF786039607B68FB60FB68002B01D1012341E008
:20742000FB681B68214A934201D007233AE03B68002B01D1012335E0386800F086FA0346DF
:20744000002B01D001232DE01949FB6893F9043003F1C00251F822306FF3186341F82230C1
:20746000134AFB6893F90430C03352F82330C3F308039BB243F40043BB6000BF0D4BDB89DE
:207480009BB21A46BB689342F8D03968F86800F007FAF86800F09AF90346002B01D013232F
:2074A00000E0002318461037BD4680BD00435444006000400054004080B586B000AFF86063
:2074C000B9607A607B80FB687B617B69002B01D101237BE07B691B683E4A934201D0072360
:2074E00074E03D497B6993F9043003F1C00251F822306FF3186341F82230374A7B6993F964
:207500000430C03352F82330C3F308039BB243F400433B6100BF314BDB899BB21A463B6993
:207520009342F8D02D4B08221A70BB68002B08D07B6993F904301A46294B53F82230BA6825
:207540005A607B68002B08D07B6993F904301A46234B53F822307A689A607B6993F90430FC
:207560001A461F4B53F82230DB7823F03F03DBB2802B09D17B6993F904301A46184B53F838
:2075800022307A889A8115E07B6993F904301A46134B53F82230DB7823F03F03DBB2002B28
:2075A00008D17B6993F904301A460D4B53F822307A88DA81094B18221A70786900F006F9B4
:2075C0000346002B01D0132300E0002318461837BD4680BD00435444006000400054004031
:2075E0000000FE1F80B483B000AF78600B46FB70062318460C37BD465DF8047B704780B438
:2076000083B000AF7860062318460C37BD465DF8047B704780B584B000AF78607B68FB602A
:20762000FB68002B01D101230AE0FB681B68064A934201D0072303E0F86800F0C7F803469B
:2076400018461037BD4680BD0043544480B485B000AF78607B68FB60FB68002B01D10123B8
:2076600013E0FB681B680C4A934201D007230CE00A49FB6893F9043003F1C00251F8223058
:207680006FF3186341F82230002318461437BD465DF8047B704700BF0043544400600040EE
:2076A00080B485B000AF786039607B68FB60FB68002B01D1012347E0FB681B68254A93422E
:2076C00001D0072340E03B68002B01D101233BE0FB6893F904301A461F4B53F82230BB600B
:2076E0003B6800221A603B6800225A60BB68DB7823F03F03DBB2002B1BD03B684FF4807286
:207700009A60BB68DB899BB2DAB23B68DA60BB68DB7823F03F03DBB2802B14D13B684FF464
:2077200080321A60BB689B899BB21A463B685A6009E03B684FF480329A60BB68DB899BB27D
:207740001A463B68DA60002318461437BD465DF8047B7047004354440000FE1F80B485B031
:2077600000AF78607B68FB600023BB60FB68002B01D101231EE0FB681B68114A934201D09D
:20778000072317E00F49FB6893F9043003F1C00251F822306FF3186341F82230FB6893F9A5
:2077A00004301946084B002243F82120FB6800221A60BB6818461437BD465DF8047B7047EC
:2077C00000435444006000400000FE1F80B584B000AF78607B6893F904301A460E4B53F87A
:2077E0002230184600F0F7F8F860FB68002B01D0FB680CE009497B6893F9043003F1C00249
:2078000051F8223043F0807341F82230002318461037BD4680BD00BF0000FE1F0060004098
:2078200080B584B000AF1A4B1B7883F00103DBB2002B29D0164B01221A700023FB60EFF3A2
:2078400010833B603B68FB6001237B607B6883F3108800BF0F4BDB690E4A23F48003D36189
:207860000C4BDB69FB68BB60BB6883F3108800BF4FF4C0720021084806F0A8F8074B064AE1
:207880005A60064B01221A7300BF1037BD4680BD6832FF1F00E001400000FE1F005400405D
:2078A00080B582B000AF78603960386800F016F8084B08221A707B6893F904301946064A4A
:2078C0003B6842F82130034B18221A7000BF0837BD4680BD005400400000FE1F80B485B010
:2078E00000AF78600023FB60FB681B017A681344DB7823F03F03DBB2002B13D0FB681B0109
:207900007A681344DB899BB2FB72FB7A1B021AB2FB7A1BB2134319B2FB681B017A68134497
:207920008AB2DA81FB685A1CFA601B017A6813449B7823F03F03DBB2002BD5D100BF00BFE4
:207940001437BD465DF8047B704780B485B000AF78600023FB60FB681B017A681344DB78D5
:2079600003F00C03DBB2042B01D106232DE0FB681B017A6813449B7803F00C03DBB2042BB8
:2079800001D1062321E0FB681B017A681344DB7823F03F03DBB2002B0AD0FB681B017A6898
:2079A0001344DB899BB2B3F5807F01D901230CE0FB685A1CFA601B017A6813449B7823F080
:2079C0003F03DBB2002BC6D1002318461437BD465DF8047B704780B485B000AF78600023A9
:2079E000FB60FB681B017A681344DB7803F00C03DBB2042B01D1062358E0FB681B017A68CF
:207A000013449B7803F00C03DBB2042B01D106234CE0FB681B017A6813445B68002B01D19F
:207A2000012343E0FB681B017A6813449B68002B01D101233AE0FB681B017A6813449B684E
:207A40001946FB681B017A681344DB78C3F30113DBB21A4601239340013B0B40002B01D08B
:207A6000012323E0FB681B017A6813445B681946FB681B017A681344DB78C3F30113DBB2A3
:207A80001A4601239340013B0B40002B01D001230CE0FB685A1CFA601B017A6813449B7861
:207AA00023F03F03DBB2002B9BD1002318461437BD465DF8047B704780B483B000AFEFF3FB
:207AC00003837B607B683B603B88C3F308039BB2DBB2103BDBB25BB218460C37BD465DF88B
:207AE000047B704780B487B000AF0346FB710E4B1B6A7B61FB797A6922FA03F303F0070361
:207B00003B617B691B0E03F00703FB60074B1A68FB689A403B6922FA03F318461C37BD46E9
:207B20005DF8047B704700BF00E001403C34FF1F80B483B000AF03463960FB7197F9073021
:207B400004493A6841F8232000BF0C37BD465DF8047B7047B032FF1F80B483B000AF0346CB
:207B6000FB710B4997F9073003F1C00251F822306FF3104341F82230054A97F90730C033E4
:207B800052F8233000BF0C37BD465DF8047B70470060004080B584B000AF0346FB7197F9BB
:207BA00007301846FFF7D8FFBFF35F8F00BF97F90730FB60FB6803F01F02074997F9073054
:207BC0005B09012000FA02F2603341F8232000BF1037BD4680BD00BF00E100E080B584B0F4
:207BE00000AF0346B9607A60FB73BB68DAB2094997F90F301201D2B20B4483F8002397F948
:207C00000F3079681846FFF793FF00BF1037BD4680BD00BF00E100E080B485B000AF034637
:207C2000FB7197F90730FB60FB6803F01F020749FB685B09012000FA02F241F8232000BFDE
:207C40001437BD465DF8047B704700BF00E100E080B582B000AF0346FB7197F907301846DB
:207C6000FFF798FF97F907301846FFF7D5FF00BF0837BD4680BD80B584B000AF0346B960D0
:207C80007A60FB7397F90F307A68B9681846FFF7A5FF97F90F301846FFF7DAFF00BF1037D0
:207CA000BD4680BD80B483B000AF0346FB7197F90730044A52F8233018460C37BD465DF80E
:207CC000047B7047B032FF1F80B586B000AF786039607B687B617B69002B01D101237DE0C2
:207CE000386800F065F938613B69002B01D03B6974E0386800F0B2F938613B69002B01D0F1
:207D00003B696BE07B699B68364A934201D10E2364E03B685B69FB603B68DB68002B10D03E
:207D20003B6893F90630002B0BDAFB6893F90630002B06DAFB6893F90730002B01DA0B2344
:207D40004CE07B693A685A603B68DA687B699A613B681A697B691A627B690022DA614FF4E9
:207D60000073BB603B681B881A46BB6802FB03F303F1804303F5B8231A467B691A603968D0
:207D8000786900F019FA3B6893F906003B681B7A7A69194600F0E2FC3B6893F907003B68A9
:207DA0005B7A7A69194600F0D9FCFB6893F90600FB681B7A7A69194600F0D0FCFB6893F90D
:207DC0000700FB685B7A7A69194600F0C7FC7B6900221A617B69034A9A60002318461837F3
:207DE000BD4680BD4344415280B586B000AF786039603B687B617B683B610023FB603B697E
:207E0000002B01D101231EE07B69002B01D1012319E03B699B680E4A934201D0072312E084
:207E20007969386900F016FBF860FB68002B01D0FB6808E07969386900F08CFB7B691A685C
:207E40003B691A61FB6818461837BD4680BD00BF4344415280B485B000AF78607B68FB60AC
:207E6000FB68002B01D1012326E0FB689B68154A934201D007231FE0FB68DB68114A93420E
:207E800001D0212318E0FB681B68B3F880309BB248F20102934209D0FB681B681B88C3F31D
:207EA000C033DBB2002B01D0082305E0FB681B68FA68928A1A80002318461437BD465DF814
:207EC000047B70474344415280B489B000AFF8600B467A60FB72FB68FB61FB69002B01D126
:207EE00001235BE07B68002B01D1012356E0FB699B682D4A934201D007234FE0FB69DB6865
:207F0000294A934201D0212348E097F90B30002B15DBFB7A1F2B12D897F90B30012202FA63
:207F200003F3BB61FB695B681B881A461F4B53F82220BB691340002B1AD101232EE097F9BF
:207F40000B3013F1030F14D097F90B3013F1020F0FD097F90B3013F1040F0AD097F90B30A6
:207F6000322B06D097F90B30332B02D0012315E000BFFB695B685B697B617B695B79012B50
:207F800001D101230AE0FB691B6897F90B20103233F812309AB27B681A800023184624370B
:207FA000BD465DF8047B704743444152082C030080B584B000AF78607B68002B01D10123EE
:207FC00045E07B681B881A460323D34003F00103002B02D140F27A5339E00420FFF782FDB7
:207FE000F860FB681C4A934201D81B232FE07B685B69BB60BB681B78002B05D0BB681B7837
:20800000832B01D9012322E0BB681B78052B05D17B68DB78002B01D0012318E07B689B78B2
:20802000012B03D0BB68DB78002B0FD07B685B79022B01D001230AE07B689B78012B05D106
:20804000BB689B78022B01D0012300E0002318461037BD4680BD00BF3F420F0080B483B02A
:2080600000AF78607B68DB78002B09D07B68DB78012B05D07B68DB78022B01D0012300E0D0
:20808000002318460C37BD465DF8047B704780B485B000AF786039603B689B7C002B20D030
:2080A0003B689B7C072B01D901231BE03B68DB7C032B01D8012315E03B689B7C1A463B6804
:2080C0005B681340FB607B685B689B78012B08D13B681B8A002B04D0FB68002B01D00123A7
:2080E00000E0002318461437BD465DF8047B704780B485B000AF78607B68002B39D07B685C
:208100001B89FB60FB68002B33D0FB6803F40063002B1BD0FB6803F40073002B16D07B683B
:208120009B7CBB60BB681F2B01D9042300E00023BA68D31ABB607B681B680121BA6801FACD
:2081400002F21340002B01D0012313E0FB6803F48043002B0DD07B685A897B689B899A42F7
:2081600005D87B68DA897B681B8A9A4201D9012300E0002318461437BD465DF8047B704740
:2081800080B485B000AF786039607B685B685B69FB60FB68DB78002B07D03B681B6803F0C0
:2081A000C043002B01D0012300E0002318461437BD465DF8047B704780B48DB000AF78606A
:2081C00039603B685B697B623B689B785B03FB62FB6A43F04003FB623B685B791B02FA6A21
:2081E0001343FB627B6ADB78002B04D0FB6A43F42073FB6207E03B685B79002B03D1FB6A47
:2082000043F40043FB62FB6A9AB27B689A820023BB623B685B79022B06D17B6ADB781A4684
:20822000324B53F82230BB6200233B623B68DB785B003A6A13433B623B681B79DB033A6AA6
:2082400013433B627B6A5B785B013A6A13433B627B6A1B78FB610023BB61EFF31083FB609D
:20826000FB68BB6101233B613B6983F3108800BF1F4BDA683B681B88C3F11003012101FA78
:2082800003F3DB431A491340CB60194BDB68BB697B617B6983F3108800BFFB6A99B27B68FE
:2082A0001A6847F6FF530B409BB213807B681B68BA6A92B21A827B681B683A6A92B2DA816F
:2082C0007B681B68FA69D2B21A737B681B680022A3F8B0217B681B6849F69912A3F8A02124
:2082E00000BF3437BD465DF8047B7047FC2B0300FC6F044080B58AB000AF7860396000233B
:20830000FB6007F10C03184600F07CF83B681A683B685B6813433B6200237B623B6A03F023
:208320000053002B3CD00023FB61EFF310833B613B69FB6101237B617B6983F3108800BF72
:208340002E4BDB682D4A23F48003D3602B4BDB68FB69BB61BB6983F3108800BF284B9022CE
:208360001A70FA687B681B68D2B283F8DE203B681B6803F00053002B04D07B6A43F4807334
:208380007B6203E07B6A43F480637B623B689B6803F00053002B03D07B6A43F001037B625E
:2083A0003B6A03F08043002B1ED0FA687B681B68D2B283F8DF203B681B6803F08043002B7C
:2083C00004D07B6A43F400737B6203E07B6A43F400637B623B689B6803F08043002B03D0C4
:2083E0007B6A43F002037B627B681B687A6A92B25A8200BF2837BD4680BD00BFFC6F04404D
:2084000000D0054080B584B000AF78600420FFF769FBB860BB680D4AA2FB03239B0941F2AD
:20842000360202FB03F30A4AA2FB03239B0C0133FB60FB68062B01D80723FB607B68FA688D
:208440001A6000BF1037BD4680BD00BFD34D621083DE1B4380B588B000AF786039607B68DC
:208460005B681B88FB83FB8B394A52F8233043F0C043BB613B681B68002B06D03B681A68D4
:20848000BB69DB431340002B01D001235CE07B685B689B78012B15D13B685B68002B06D0B9
:2084A0003B685A68BB69DB431340002B01D001234AE03B681A683B685B681340002B07D098
:2084C000012341E03B685B68002B01D001233BE039687868FFF754FE78617B69002B01D034
:2084E0007B6931E07B685B685B693B613B691B78002B12D03B685A683B681B681343FB6001
:208500003B689A68FB68DB431340002B03D13B689B68002B07D1012316E03B689B68002B4F
:2085200001D0012310E039687868FFF7B0FD78617B69002B01D07B6906E03B68DB6818466B
:20854000FFF7D6FD78617B6918462037BD4680BD082C030080B58CB000AF786039603B6835
:208560001B6823F0C043BB627B685B685B697B623B685B6823F0C0433B623B689B6823F02C
:20858000C043FB617B681B68BA6A92B29A807B681B683A6A92B29A827B681B68FA6992B21D
:2085A0001A81BB6A1A0C7B681B6892B2DA803B6A1A0C7B681B6892B2DA82FB691A0C7B6893
:2085C0001B6892B25A813B681A683B685B681343BB61BB6903F0C043002B03D03968786863
:2085E000FFF788FE3B68DB7C7B613B689B7C1B0203F4E0637A6913437B617B681B687A69BA
:2086000092B2A3F866203B68DB683B610023FB853B69002B66D03B691B89FB853B691B89BB
:2086200003F40063002B41D07B681B683A691289A3F890207B681B683A695289A3F89C207A
:208640007B681B683A699289A3F89E203B691A687B681B6892B2A3F894203B691B681B013B
:208660001A0D7B681B6892B2A3F896203B691B685A0F7B681B68D2B283F892203B695A68CB
:208680007B681B6892B2A3F898203B695B681B011A0D7B681B6892B2A3F89A203B695B68CD
:2086A0005A0F7B681B68D2B283F893203B691B8903F40073002B15D03B69997C3B69DA7CC4
:2086C0007B681B680A43D2B283F8A6207B681B683A69D289A3F8A8207B681B683A69128AB6
:2086E000A3F8AA207B681B68FA8DA3F890207B681B683A68128AA3F880207B6ADB78002B9B
:2087000022D07B681B681B889BB2FB60FB6823F01F03BA6ABA60BA68002A01D1202203E09D
:20872000BA68B2FA82F2D2B29B1A1F33FB607B681B68FA6892B21A807B689A8AFB689BB2B4
:2087400013439AB27B689A827B68034ADA6000BF3037BD4680BD00BF4344415280B582B068
:2087600000AF03463A60FB710B46BB7197F90730002B06DBB97997F907303A681846FFF7BC
:208780007AFA00BF0837BD4680BDB0B58CB000AF786039607B68DB69FB62FB6A002B02D17F
:2087A0003B68FB6213E0FB6A07F108041D460FCD0FC495E80F0084E80F00FA6A3B681446E3
:2087C0001D460FCD0FC495E80F0084E80F007B689B69F86A98477B68DB69002B0AD07B6849
:2087E000DB691D4607F108040FCC0FC594E80F0085E80F0000BF3037BD46B0BD80B58CB011
:2088000000AF0346FB71FFF757F903461846FFF749FAF862FFF750F903461846FFF79CF903
:20882000FB79BB72FB6A5B681B883B8100233B74FB6A1B6AFB60FB6A9B69002B05D007F198
:2088400008031946F86AFFF7A0FF00BF3037BD4680BD80B500AF0020FFF7D0FF00BF80BD8C
:2088600080B400AF044B0022A3F8002100BFBD465DF8047B704700BF00C0014080B400AFF8
:20888000094B0122A3F80421074BB3F804319BB2002BF9D1044B0122A3F8002100BFBD463D
:2088A0005DF8047B704700BF00C0014080B483B000AF0B4B93F82630DBB27B60094A7B6882
:2088C00052F82330064A126AC2F30262D2B2D340054A136000BF0C37BD465DF8047B70472D
:2088E00000E00140040CFE1F3C34FF1F80B500AF074B022283F81C21064B074A1A62054B1C
:20890000052283F82620FFF7D1FF00BF80BD00BF00C0014000E001402112012180B500AF93
:208920000B4B0C4A1A600A4B0B4A5A60084B4FF400429A60064B094ADA60054B4FF4004228
:208940001A61034B064A5A61FFF7B0FF00BF80BD040CFE1F002D310100127A00001BB700B8
:20896000001C4E0E80B500AF3B4B4AF20352A3F8FE23FFF775FFFFF7D1FF374B202283F859
:208980001324354B092283F8A220334B93F88034DBB2002B07D1304B93F88134C3F30103F6
:2089A000DBB2002B1CD02C4B93F88034DBB2002B0DD1294B012283F880240121C82000F017
:2089C000C9F8254B93F88034DBB2012BF9D1224B002283F88124204B002283F8802403E066
:2089E0004FF47A7000F03AF81B4B062283F8A520194B002283F83220174B93F83C30C3F3F8
:208A0000C003DBB2012BF7D1134B4FF41C521A85114B002283F82A200F4B93F83C30C3F31A
:208A20004013DBB2012BF7D1FFF760FF0A4B012283F83020084B012283F85220064B4022B4
:208A400083F82420044B4FF42542A3F8FE23FFF715FF00BF80BD00BF00E0014080B483B055
:208A600000AF786000BF0C37BD465DF8047B704780B582B000AF2B4B002283F8282001214C
:208A8000C82000F067F8274B002283F82420254B93F82430DBB2002BF9D1224A92F8243031
:208AA00043F0020382F824301E4B93F82430C3F34003DBB2002BF7D11A4B002283F82220AB
:208AC000184B93F82230DBB2002BF9D10023FB7116E01449FB7903F1200211F812306FF3BB
:208AE000C71301F812300F4AFB79203312F81330C3F3C013DBB2002BF5D1FB790133FB71D9
:208B0000FB79022BE5D9012000F08CF9064B002283F8BB24012000F035F900BF0837BD4653
:208B200080BD00BF0040044000E0014080B483B000AF786000BF0C37BD465DF8047B704716
:208B400080B485B000AFF860B9607A603B6000BE00BFFDE72DE9B04F90B000AFF861B9613F
:208B60000023FB63FB69BA6902FB03F3BB63504B1B687B634F4A7B6BB2FBF3F33B63BB6B0A
:208B800000223B617A61D7E904234FF000004FF00001590141EAD261500102460B46396992
:208BA000B2EB0108796963EB01094FF000024FF000034FEA890343EA98734FEA88029046BC
:208BC0009946D7E904120B4618EB03033B60134649EB03037B604FF000024FF00003D7E93A
:208BE00000894946CB00414643EA51734146CA00C7E90A23D7E90A23012B08D2BA6A3B6B2F
:208C0000B2FBF3F37B627B6A9B08FB6344E03B6B9B00BA6BB2FBF3F3BB63BB6B0022BB6060
:208C2000FA60D7E9028942464B464FF000004FF00001590141EAD261500102460B464146CE
:208C4000541A494663EB01054FF000024FF00003AB0043EA9473A20014461D46434614EB7A
:208C6000030A4B4645EB030B4FF000024FF000034FEACB0343EA5A734FEACA0292469B46D6
:208C8000C7E90AABD7E90A23012B02D2BB6AFB6302E04FF0FF33FB63FB6B002B02D0F86B88
:208CA00000F00AF800BF4037BD46BDE8B08F00BF3C34FF1F00CA9A3BA0F101000028FBD133
:208CC000704700BF80B582B000AF0346FB71FB79074A52F82330002B06D0FB79044A52F8E4
:208CE0002330FA791046984700BF0837BD4680BD6C32FF1F80B582B000AF104BB3F84031F2
:208D0000BB800023FB710EE0BA88FB7922FA03F303F00103002B03D0FB791846FFF7D2FF45
:208D2000FB790133FB71FB790F2BEDD9034ABB88A2F8303100BF0837BD4680BD0060004042
:208D400080B483B000AF00237B600CE00B4A7B6832F813300A4A19467B68C03342F8231078
:208D60007B6801337B607B685F2BEFD900BF00BF0C37BD465DF8047B704700BF682903002A
:208D80000060004080B487B000AF0346FB7100237B61EFF31083FB60FB687B6101233B6196
:208DA0003B6983F3108800BFFB791A4A32F813309BB2002B09D0FB79164A32F8132092B237
:208DC000013A91B2134A22F81310FB79114A32F813309BB2002B11D10F4BB3F8FE339AB263
:208DE0000E4B13439AB2FB790D4931F81330DB439BB2094913409BB2A1F8FE337B69BB601C
:208E0000BB6883F3108800BF00BF1C37BD465DF8047B70473034FF1F00E0014000A5FFFF7C
:208E2000102C030080B487B000AF0346FB7100237B61EFF31083FB60FB687B6101233B6156
:208E40003B6983F3108800BFFB79164A32F813309BB2002B0FD1144BB3F8FE339AB2FB790D
:208E6000124931F8133013439AB20F49104B13439BB2A1F8FE33FB790A4A32F8132092B200
:208E8000013291B2074A22F813107B69BB60BB6883F3108800BF00BF1C37BD465DF8047BF6
:208EA000704700BF3034FF1F00E00140102C030000A5FFFF80B584B000AF78607B68FB6089
:208EC000144B1B68002B02D1124B134A1A60114B1B68BB60FB68033323F00303FB600D4B1F
:208EE0001A68FB6813440D4A934207D905F0FCFB03460C221A604FF0FF3306E0054B1A6824
:208F0000FB681344034A1360BB6818461037BD4680BD00BF3834FF1F4848FF1F4868FF1F0A
:208F200080B500AF00F00CF8FAF772FB00BFFDE780B400AF00BE00BFBD465DF8047B70476A
:208F400080B582B000AF2E4B4FF47002C3F888202B4B2C4A9A600020FAF7DCF9FFF702FDA9
:208F60000120FAF7D7F9284B00229A80264B4FF425421A80234B1B68234AA3F580639360DF
:208F8000204B1A68204BDA60204B4FF48052A3F820211D4B01229A801D4A1E4BD31A1A4621
:208FA00000211C4804F012FD1B4A1C4BD31A1A461B491A4805F0B4FB1A4A1B4BD31A9B1044
:208FC0003B6000237B6007E0174A7B6852F8233098477B6801337B607A683B689A42F3DB30
:208FE000FFF764FCFFF744FD0220FAF793F9FFF7A7FE0020FFF79AFD00BF0837BD4680BDBF
:2090000000ED00E000820100000D0040006000404848FF1F200CFE1F040CFE1F8001FE1F51
:20902000983D0300000CFE1FFC0BFE1F80B586B000AF78600023FB6001F0E2FB5E4B1B68A1
:20904000002B01D100F030F95C4B1A687B681340002B40F09D807B68002B28D008227B6810
:2090600013447A689A4222D208227B6813447B607B6803F00703002B1CD07B6823F00703B1
:2090800008337A689A420FD27B6823F0070308337B607B6803F00703002B0BD0484B494AD4
:2090A0009C214948FFF74CFD00237B6002E000237B6000E000BF7B68002B69D0434B1B684E
:2090C0007A689A4264D8424B3B61414B1B687B6104E07B693B617B691B687B617B695B6834
:2090E0007A689A4203D97B691B68002BF1D1324B1B687A699A424BD03B691B680822134400
:20910000FB607B691A683B691A607B695A687B68D21A08235B009A421AD97A697B68134489
:20912000BB60BB6803F00703002B05D0294B254ACF212548FFF704FD7B695A687B68D21A48
:20914000BB685A607B697A685A60B86800F00EF91E4B1A687B695B68D31A1C4A13601B4BDD
:209160001A681D4B1B689A4203D2184B1B681A4A13607B695A68114B1B681A437B695A6094
:209180007B6900221A60154B1B680133134A136001F044FBFB6803F00703002B06D0104B7C
:2091A000084A4FF488710848FFF7CAFCFB6818461837BD4680BD00BF4844FF1F5C44FF1F9E
:2091C000182C0300482D03003C2C03004C44FF1F4044FF1F7C2C03005044FF1F5444FF1F02
:2091E000B02C030080B584B000AF78607B68FB607B68002B45D008235B42FA681344FB6063
:20920000FB68BB60BB685A68204B1B681340002B06D11F4B1F4A4FF492711F48FFF790FCA6
:20922000BB681B68002B06D01C4B1A4A40F225111948FFF785FCBB685A68144B1B68134062
:20924000002B1ED0BB681B68002B1AD1BB685A680E4B1B68DB431A40BB685A6001F0D0FA68
:20926000BB685A680E4B1B6813440D4A1360B86800F07CF80B4B1B6801330A4A136001F0C3
:20928000CDFA00BF1037BD4680BD00BF5C44FF1FEC2C0300582D03003C2C0300202D0300E6
:2092A0004C44FF1F5844FF1F80B485B000AF4FF48053BB60274BFB60FB6803F00703002BA5
:2092C0000CD0FB680733FB60FB6823F00703FB60BA68FB68D31A1F4A1344BB60FB687B6054
:2092E0001D4A7B6813601C4B00225A607B68BA681344FB600822FB689B1AFB60FB6823F0A4
:209300000703FB60FB68154A1360144B1B6800225A60124B1B6800221A607B683B603B6858
:20932000FA68D21A3B685A600C4B1A683B681A603B685B680A4A13603B685B68094A136033
:20934000094B4FF000421A6000BF1437BD465DF8047B70474034FF1F4044FF1F4844FF1F48
:209360005044FF1F4C44FF1F5C44FF1F80B485B000AF7860284BFB6002E0FB681B68FB60EE
:20938000FB681B687A689A42F7D8FB68BB60FB685B68BA6813447A689A4208D1FB685A6881
:2093A0007B685B681A44FB685A60FB687B607B68BB607B685B68BA681A44FB681B689A4268
:2093C00018D1FB681A68154B1B689A420DD07B685A68FB681B685B681A447B685A60FB6877
:2093E0001B681A687B681A6008E00C4B1A687B681A6003E0FB681A687B681A60FA687B6883
:209400009A4202D0FB687A681A6000BF1437BD465DF8047B704700BF4044FF1F4844FF1F3C
:2094200080B483B000AF78607B6803F108027B685A607B684FF0FF329A607B6803F1080292
:209440007B68DA607B6803F108027B681A617B6800221A6000BF0C37BD465DF8047B7047A1
:2094600080B483B000AF78607B6800221A6100BF0C37BD465DF8047B704780B485B000AFD6
:20948000786039607B685B68FB603B68FA685A60FB689A683B689A60FB689B683A685A60D7
:2094A000FB683A689A603B687A681A617B681B685A1C7B681A6000BF1437BD465DF8047B93
:2094C000704780B485B000AF786039603B681B68BB60BB68B3F1FF3F03D17B681B69FB6070
:2094E0000CE07B680833FB6002E0FB685B68FB60FB685B681B68BA689A42F6D2FB685A6810
:209500003B685A603B685B683A689A603B68FA689A60FB683A685A603B687A681A617B684B
:209520001B685A1C7B681A6000BF1437BD465DF8047B704780B485B000AF78607B681B69E6
:20954000FB607B685B687A6892689A607B689B687A6852685A60FB685B687A689A4203D140
:209560007B689A68FB685A607B6800221A61FB681B685A1EFB681A60FB681B68184614379F
:20958000BD465DF8047B704780B584B000AF786039600123FB607B68BB60BB68002B06D112
:2095A0003C4B3D4A4FF488713C48FFF7C9FABB68002B5ED0BB68DB6B002B5AD0BB681A6C41
:2095C000BB68DB6B0021A3FB0223002B00D001210B46002B4DD1FAF709FABB681A68BB68CB
:2095E000DB6BB968096C01FB03F31A44BB689A60BB6800229A63BB681A68BB685A60BB683B
:209600001A68BB68DB6B013BB968096C01FB03F31A44BB68DA60BB68FF2283F84420BB689A
:20962000FF2283F845203B68002B15D1BB681B69002B1BD0BB681033184601F0D7FB0346E8
:20964000002B13D0164B4FF080525A60BFF34F8F00BFBFF36F8F09E0BB6810331846FFF72E
:20966000DFFEBB6824331846FFF7DAFEFAF7F6F901E00023FB60FB68002B06D1094B064A1F
:2096800040F245110548FFF75BFAFB6818461037BD4680BD642D0300D03003006C2D03002F
:2096A00000ED00E0982D030080B588B002AFF860B9607A603B6000237B613B68002B06D16D
:2096C000224B234A40F259112248FFF739FAFB68002B2CD03B68002B29D07B68002B02D050
:2096E000BB68002B23D07B68002B02D1BB68002B1DD148233B613B69482B06D0164B144A59
:2097000040F26B111348FFF71BFA3B693B687B617B69012283F8462097F820207B690093E4
:2097200013467A68B968F86800F01AF809E07B69002B06D1094B064A4FF4C1710548FFF740
:20974000FFF97B6918461837BD4680BDBC2D0300E43003006C2D0300CC2D0300E82D03008D
:2097600080B584B000AFF860B9607A60FB70BB68002B03D1BB69BA691A6002E0BB697A6850
:209780001A60BB69FA68DA63BB69BA681A640121B869FFF7F9FE00BF1037BD4680BDFFFF54
:2097A00080B588B002AFF860B9607A6000237B61FB68002B13D0BA68FB689A420FD8022363
:2097C00000937B6800220021F868FFF76DFF78617B69002B0DD07B69BA689A6309E07B6979
:2097E000002B06D1054B064A4FF43E710548FFF7A7F97B6918461837BD4680BDFC2D0300F5
:20980000003103006C2D030080B58AB000AFF860B9607A603B6000237B62FB683B623B6ACF
:20982000002B06D16A4B6B4A40F22E316A48FFF787F9BB68002B0AD13B6A1B6C002B06D0AD
:20984000664B644A40F22F316348FFF779F93B68022B0AD13B6ADB6B012B06D0604B5D4A1A
:209860004FF44C715C48FFF76BF901F0F7FC0346002B00D009E07B68002B06D0594B554AB2
:2098800040F233315448FFF75BF9FAF7AFF83B6A9A6B3B6ADB6B9A4202D33B68022B2CD1A1
:2098A0003A68B968386A00F09BFAF8613B6A5B6A002B11D03B6A2433184601F097FA0346CA
:2098C000002B16D0484B4FF080525A60BFF34F8F00BFBFF36F8F0CE0FB69002B09D0424B39
:2098E0004FF080525A60BFF34F8F00BFBFF36F8F00BFFAF7B3F8012366E07B68002B03D1F7
:20990000FAF7ACF800235FE07B6A002B06D107F11403184601F042FB01237B62FAF79EF846
:2099200000F06EFFFAF762F83B6A93F844305BB2B3F1FF3F03D13B6A002283F844203B6ACD
:2099400093F845305BB2B3F1FF3F03D13B6A002283F84520FAF782F83A1D07F11403114675
:20996000184601F031FB0346002B25D1386A00F02FFB0346002B19D03B6A10337A681146C8
:20998000184601F0C5F9386A00F0BAFA00F046FF0346002B7FF479AF134B4FF080525A6007
:2099A000BFF34F8F00BFBFF36F8F0CE0386A00F0A7FA00F033FF68E7386A00F0A1FA00F0FB
:2099C0002DFF002300E060E718462837BD4680BD642D0300243103006C2D0300042E030057
:2099E0005C2E0300AC2E030000ED00E080B58AB000AFF860B9607A6000237B62FB683B62C7
:209A00003B6A002B06D1604B604A40F251516048FFF796F8BB68002B0AD13B6A1B6C002BCA
:209A200006D05C4B594A40F255515948FFF788F801F014FC0346002B00D009E07B68002BDB
:209A400006D0554B514A40F25A515148FFF778F8F9F7CCFF3B6A9B6BFB61FB69002B21D0D7
:209A6000B968386A00F026FAFB695A1E3B6A9A633B6A1B69002B11D03B6A1033184601F029
:209A8000B5F90346002B09D0444B4FF080525A60BFF34F8F00BFBFF36F8F00BFF9F7DEFFE6
:209AA00001236CE07B68002B03D1F9F7D7FF002365E07B6A002B06D107F11403184601F0E1
:209AC0006DFA01237B62F9F7C9FF00F099FEF9F78DFF3B6A93F844305BB2B3F1FF3F03D1FC
:209AE0003B6A002283F844203B6A93F845305BB2B3F1FF3F03D13B6A002283F84520F9F7C1
:209B0000ADFF3A1D07F114031146184601F05CFA0346002B24D1386A00F044FA0346002B8A
:209B200018D03B6A24337A681146184601F0F0F8386A00F0E5F900F071FE0346002B87D136
:209B4000164B4FF080525A60BFF34F8F00BFBFF36F8F13E0386A00F0D3F900F05FFE77E7DE
:209B6000386A00F0CDF900F059FE386A00F01AFA0346002B3FF46CAF002300E068E718462E
:209B80002837BD4680BD00BFA02F0300383103006C2D0300AC2F0300AC2E030000ED00E005
:209BA00080B58AB000AF7860396000237B627B68FB6100233B62FB69002B06D1754B764A31
:209BC00040F2E3517548FEF7BBFFFB691B6C002B06D0734B704A40F2E7517048FEF7B0FF89
:209BE00001F03CFB0346002B00D009E03B68002B06D06C4B684A40F2EC516848FEF7A0FF50
:209C0000F9F7F4FEFB699B6BBB61BB69002B26D0BB695A1EFB699A63FB691B68002B04D1B3
:209C200001F00AFD0246FB699A60FB691B69002B11D0FB691033184601F0D8F80346002B58
:209C400009D0594B4FF080525A60BFF34F8F00BFBFF36F8F00BFF9F701FF012396E03B68D1
:209C6000002B0DD13B6A002B06D0504B4A4A40F232614A48FEF764FFF9F7F0FE002385E0F1
:209C80007B6A002B06D107F10C03184601F086F901237B62F9F7E2FE00F0B2FDF9F7A6FE04
:209CA000FB6993F844305BB2B3F1FF3F03D1FB69002283F84420FB6993F845305BB2B3F104
:209CC000FF3F03D1FB69002283F84520F9F7C6FE3A4607F10C031146184601F075F9034674
:209CE000002B33D1F86900F05DF90346002B27D0FB691B68002B09D1F9F778FEFB699B686A
:209D0000184601F0C9FA3862F9F7A8FEFB6924333A681146184600F0FBFFF86900F0F0F8CC
:209D200000F07CFD0346002B7FF46AAF1E4B4FF080525A60BFF34F8F00BFBFF36F8F24E083
:209D4000F86900F0DDF800F069FD59E7F86900F0D7F800F063FDF86900F024F90346002BF5
:209D60003FF44EAF3B6A002B0DD0F9F73FFEF86900F01EF87861FB699B687969184601F001
:209D8000B1FBF9F76BFE002300E039E718462837BD4680BDA02F0300483103006C2D0300B4
:209DA000202F0300AC2E030000ED00E00830030080B485B000AF78607B685B6A002B06D0D3
:209DC0007B681B6B1B68C3F10503FB6001E00023FB60FB6818461437BD465DF8047B704787
:209DE00080B586B000AFF860B9607A6000237B61FB689B6B3B61FB681B6C002B0DD1FB68A4
:209E00001B68002B4DD1FB689B68184601F0D4FA7861FB6800229A6043E07B68002B19D180
:209E2000FB685868FB681B6C1A46B96804F078FCFB685A68FB681B6C1A44FB685A60FB683F
:209E40005A68FB689B689A422BD3FB681A68FB685A6026E0FB68D868FB681B6C1A46B968EA
:209E600004F05EFCFB68DA68FB681B6C5B421A44FB68DA60FB68DA68FB681B689A4207D22D
:209E8000FB689A68FB681B6C5B421A44FB68DA607B68022B05D13B69002B02D03B69013B74
:209EA0003B613B695A1CFB689A637B6918461837BD4680BD80B582B000AF786039607B6851
:209EC0001B6C002B18D07B68DA687B681B6C1A447B68DA607B68DA687B689B689A4203D321
:209EE0007B681A687B68DA607B68D9687B681B6C1A46386804F014FC00BF0837BD4680BD10
:209F000080B584B000AF7860F9F770FD7B6893F84530FB7311E07B685B6A002B12D07B681A
:209F20002433184600F062FF0346002B01D001F0B1F8FB7B013BDBB2FB7397F90F30002B95
:209F4000E9DC00E000BF7B68FF2283F84520F9F785FDF9F74BFD7B6893F84430BB7311E00E
:209F60007B681B69002B12D07B681033184600F03DFF0346002B01D001F08CF8BB7B013B91
:209F8000DBB2BB7397F90E30002BE9DC00E000BF7B68FF2283F84420F9F760FD00BF103773
:209FA000BD4680BD80B584B000AF7860F9F71EFD7B689B6B002B02D10123FB6001E00023FC
:209FC000FB60F9F74BFDFB6818461037BD4680BD80B584B000AF7860F9F708FD7B689A6BD9
:209FE0007B68DB6B9A4202D10123FB6001E00023FB60F9F733FDFB6818461037BD4680BD43
:20A0000080B584B000AF786039607B68002B06D11E4B1F4A40F6C8211E48FEF791FD0023D5
:20A02000BB603B68002B24D00023FB601EE01A4AFB68DB0013445B687A689A4205D1FB6814
:20A04000DB00154A1344BB6013E0BB68002B0AD1114AFB6852F83330002B04D1FB68DB008F
:20A060000D4A1344BB60FB680133FB60FB68092BDDD9BB68002B05D0BB683A681A60BB6853
:20A080007A685A6000BF1037BD4680BDC83003005C3103006C2D03006044FF1F80B586B08A
:20A0A00000AFF860B9607A60FB687B61F9F79EFC7B6993F844305BB2B3F1FF3F03D17B6953
:20A0C000002283F844207B6993F845305BB2B3F1FF3F03D17B69002283F84520F9F7BEFC48
:20A0E0007B699B6B002B06D17B6924337A68B968184600F033FE7869FFF702FF00BF1837D1
:20A10000BD4680BD80B58CB004AFF860B9607A603B60FB6A002B06D1234B244A40F24A2115
:20A120002348FEF70DFD3B6B002B06D1214B1F4A40F24B211E48FEF703FD68237B617B69F4
:20A14000682B06D01C4B194A40F253211848FEF7F7FC7B693B6B002B1ED0FB6A002B1BD0C0
:20A160003B6BFB61FB69FA6A1A63FB69022283F8652000230393FB69029307F118030193B7
:20A18000BB6A00933B687A68B968F86800F016F8F86900F0BBF801E00023BB61BB6918465D
:20A1A0002037BD4680BD00BF703103004835030090310300BC310300D831030080B586B0FA
:20A1C00000AFF860B9607A603B60BB6A1A6B7B6803F18043013B9B0013443B613B6923F025
:20A1E00007033B613B6903F00703002B06D0434B434A4FF458714348FEF7A2FCBB68002B84
:20A2000021D000237B6114E0BA687B69134493F90010BA6A7B69134434330A461A70BA689F
:20A220007B69134493F90030002B06D07B6901337B617B690F2BE7D900E000BFBB6A00226E
:20A2400083F8432003E0BB6A002283F834203B6A042B06D92C4B2A4A40F297312948FEF729
:20A260006FFC3B6A042B01D904233B62BB6A3A6ADA62BB6A3A6A5A64BB6A00229A64BB6A0B
:20A2800004331846FFF7ECF8BB6A18331846FFF7E7F8BB6ABA6A1A613B6AC3F10502BB6A63
:20A2A0009A61BB6ABA6A5A62BB6A4C3314220021184603F08BFBBB6A60330422002118466F
:20A2C00003F084FBBB6A643301220021184603F07DFBBB6A196B3B68FA683869F9F7E0FA2A
:20A2E0000246BB6A1A607B6A002B02D07B6ABA6A1A6000BF1837BD4680BD00BFF4310300DD
:20A300005C350300903103003832030080B584B000AF7860F9F76AFB404B1B6801333F4A68
:20A3200013603F4B1B68002B09D13D4A7B6813603A4B1B68012B10D100F0D4FE0DE0394B73
:20A340001B68002B09D1364B1B68DA6A7B68DB6A9A4202D8324A7B681360334B1B68013348
:20A36000314A13607B68DA6A304B1B689A4203D97B68DB6A2D4A13607B68DA6A2C4913460B
:20A380009B0013449B000B4404331B68FB607B68FA689A60FB689A687B68DA60FB689B68A5
:20A3A0007A6804325A607B681A1DFB689A607B68DA6A13469B0013449B001D4A1A447B689F
:20A3C0005A617B68DA6A1A4913469B0013449B000B441B68591C164813469B0013449B00C7
:20A3E00003441960F9F73AFB0E4B1B68002B10D00B4B1B68DA6A7B68DB6A9A4209D20D4B3D
:20A400004FF080525A60BFF34F8F00BFBFF36F8F00BF00BF1037BD4680BD00BF8845FF1FC3
:20A42000B044FF1F9445FF1FA445FF1F9045FF1FB444FF1F00ED00E080B584B000AF786046
:20A440000023FB607B68002B13D0124B1B68002B06D0114B114A40F249511148FEF770FB70
:20A4600000F0CEF90021786801F0FAF800F0D6F9F860FB68002B09D10A4B4FF080525A60A2
:20A48000BFF34F8F00BFBFF36F8F00BF00BF1037BD4680BDB045FF1F4C3203007435030078
:20A4A0009031030000ED00E080B584B000AF7860F9F79CFA7B68002B02D1354B1B6800E0D1
:20A4C0007B68BB60BB6804331846FFF733F8BB689B6A002B04D0BB6818331846FFF72AF89A
:20A4E000BB68043319462B48FEF7C7FF0023FB6010E0BA68FB68134464331B78DBB2012B48
:20A5000005D1BA68FB681344643300221A70FB680133FB60FB68002BEBDDF9F79FFA1E4B0C
:20A520001B68002B05D0F9F761FA00F07BFEF9F795FA174B1B68BA689A4225D1164B1B68A8
:20A54000002B15D0154B1B68002B06D0144B154A40F2FD611448FEF7F3FA144B4FF080520B
:20A560005A60BFF34F8F00BFBFF36F8F00BF0BE0084B1A680E4B1B689A4203D1044B0022A6
:20A580001A6001E000F066FB00BF1037BD4680BDB044FF1F7445FF1F9445FF1FB045FF1FD6
:20A5A0004C320300803503009031030000ED00E08845FF1F80B584B000AF78600023FB6078
:20A5C0007B68BB607B68002B06D10E4B0E4A40F227710E48FEF7B4FABB685B690C4A934212
:20A5E0000AD1BB689B6A0B4A934205D0BB689B6A002B01D10123FB60FB6818461037BD46AA
:20A6000080BD00BFA832030090350300903103007445FF1F4845FF1F80B584B000AF786063
:20A620007B68FB607B68002B06D1394B394A40F251713948FEF784FA384B1B68FA689A42C4
:20A6400062D0FB68002B5FD0F9F7D0F9F868FFF7B1FF0346002B55D0FB6804331846FEF7C6
:20A6600069FFFB68DA6A2E4B1B689A4203D9FB68DB6A2B4A1360FB68DA6A2A4913469B0079
:20A6800013449B000B4404331B68BB60FB68BA689A60BB689A68FB68DA60BB689B68FA68DB
:20A6A00004325A60FB681A1DBB689A60FB68DA6A13469B0013449B001A4A1A44FB685A6186
:20A6C000FB68DA6A174913469B0013449B000B441B68591C134813469B0013449B000344BE
:20A6E0001960FB68DA6A0D4B1B68DB6A9A4209D30D4B4FF080525A60BFF34F8F00BFBFF33E
:20A700006F8F00BFF9F7AAF900BF1037BD4680BDB0320300A835030090310300B044FF1F08
:20A720009045FF1FB444FF1F00ED00E080B58AB004AF0023FB600023BB603A1D07F108010D
:20A7400007F10C031846F8F793FF7968BB68FA68029201930023009300230A461E491F488E
:20A76000FFF7D0FC03461E4A13601D4B1B68002B02D001237B6101E000237B617B69012B1B
:20A7800002D100F0DBFF78617B69012B12D101233B613B6983F3108800BF124B4FF0FF3252
:20A7A0001A60114B01221A60104B00221A60F9F7B3F80AE07B69B3F1FF3F06D10C4B0D4A5F
:20A7C0004FF404610C48FEF7BBF90C4B1B6800BF1837BD4680BD00BFC0320300ADB0020099
:20A7E000AC45FF1FA845FF1F9445FF1F8C45FF1FC8320300B435030090310300D809FE1FAE
:20A8000080B400AF044B1B680133034A136000BFBD465DF8047B7047B045FF1F80B586B0C4
:20A8200000AF00237B6100233B61704B1B68002B06D16F4B6F4A40F6B3016F48FEF780F9E9
:20A84000F9F7D4F8694B1B68013B684A1360674B1B68002B40F0C380684B1B68002B00F080
:20A86000BE808BE0664BDB68DB687B617B699B6ABB607B69DB697A69126A9A607B691B6A2E
:20A880007A69D2695A60BB685A687B6918339A4203D17B691A6ABB685A607B6900229A62D5
:20A8A000BB681B685A1EBB681A607B695B697B607B699B687A69D2689A607B69DB687A6952
:20A8C00092685A607B685A687B6904339A4203D17B69DA687B685A607B6900225A617B68ED
:20A8E0001B685A1E7B681A607B69DA6A454B1B689A4203D97B69DB6A424A13607B69DA6ABD
:20A90000414913469B0013449B000B4404331B683B607B693A689A603B689A687B69DA60E0
:20A920003B689B687A6904325A607B691A1D3B689A607B69DA6A13469B0013449B00324A5C
:20A940001A447B695A617B69DA6A2F4913469B0013449B000B441B68591C2B4813469B00C6
:20A9600013449B00034419607B69DA6A274B1B68DB6A9A4202D3264B01221A60204B1B6816
:20A98000002B7FF46FAF7B69002B01D000F04AFC204B1B68FB60FB68002B10D000F04EF8F8
:20A9A0000346002B02D01A4B01221A60FB68013BFB60FB68002BF1D1164B00221A60144BA9
:20A9C0001B68002B0BD001233B61134B4FF080525A60BFF34F8F00BFBFF36F8F00BFF9F757
:20A9E0003DF83B6918461837BD4680BDB045FF1FDC320300C8350300903103008845FF1FBE
:20AA00004845FF1F9045FF1FB444FF1FB044FF1F9C45FF1F9845FF1F00ED00E080B483B042
:20AA200000AF054B1B687B607B6818460C37BD465DF8047B704700BF8C45FF1F80B588B08C
:20AA400000AF0023FB61754B1B68002B40F0DB80734B1B680133BB61714ABB691360BB69C8
:20AA6000002B1CD16F4B1B681B68002B06D06E4B6E4A40F6C7216E48FEF762F8694B1B6832
:20AA80007B616C4B1B68674A13606A4A7B691360694B1B680133684A136000F0C3FB674B81
:20AAA0001B68BA699A42C0F0A7805E4B1B681B68002B04D1614B4FF0FF321A609CE0594BD8
:20AAC0001B68DB68DB683B613B695B68FB60BA69FB689A4203D2594AFB6813608CE03B694F
:20AAE0005B69BB603B699B683A69D2689A603B69DB683A6992685A60BB685A683B690433FB
:20AB00009A4203D13B69DA68BB685A603B6900225A61BB681B685A1EBB681A603B699B6ADD
:20AB2000002B1ED03B699B6A7B603B69DB693A69126A9A603B691B6A3A69D2695A607B68D3
:20AB40005A683B6918339A4203D13B691A6A7B685A603B6900229A627B681B685A1E7B684C
:20AB60001A603B69DA6A364B1B689A4203D93B69DB6A334A13603B69DA6A324913469B0087
:20AB800013449B000B4404331B683B603B693A689A603B689A683B69DA603B689B683A6913
:20ABA00004325A603B691A1D3B689A603B69DA6A13469B0013449B00224A1A443B695A6136
:20ABC0003B69DA6A1F4913469B0013449B000B441B68591C1B4813469B0013449B00034468
:20ABE00019603B69DA6A184B1B68DB6A9A42FFF45CAF0123FB6158E7144B1B68002B07D04C
:20AC00000123FB6104E0124B1B680133104A1360FB6918462037BD4680BD00BFB045FF1FC4
:20AC20008C45FF1F4045FF1FFC320300D8350300903103004445FF1FA045FF1FA845FF1FC8
:20AC40009045FF1FB444FF1FB044FF1F9C45FF1F9845FF1F80B582B000AF254B1B68002BAB
:20AC600003D0244B01221A603DE0224B00221A60214B1B687B600CE07B68002B06D11F4BCA
:20AC80001F4A40F602411F48FDF75AFF7B68013B7B601D497A6813469B0013449B000B44A7
:20ACA0001B68002BE8D07A6813469B0013449B00154A13443B603B685B685A683B685A6090
:20ACC0003B685A683B6808339A4204D13B685B685A683B685A603B685B68DB680B4A13608A
:20ACE000054A7B68136000BF0837BD4680BD00BFB045FF1F9C45FF1F9045FF1F7433030003
:20AD0000EC35030090310300B444FF1FB044FF1F80B582B000AF786039607B68002B06D1B7
:20AD20000A4B0B4A40F61C410A48FDF709FF0A4B1B68183319467868FEF7C3FB01213868B1
:20AD400000F08EFC00BF0837BD4680BD843303000036030090310300B044FF1F80B586B007
:20AD600000AFF860B9607A60FB68002B06D11B4B1B4A40F652411B48FDF7E2FEFB685B6883
:20AD80007B61194B1B687A69DA61174B1B687A6992681A62144B1A687B699B6818325A60C8
:20ADA000114B1B6803F118027B699A600E4B1B68FA689A62FB681B685A1CFB681A607B6872
:20ADC000002B02D04FF0FF33BB607968B86800F047FC00BF1837BD4680BD00BF84330300EF
:20ADE0001836030090310300B044FF1F80B588B000AF78607B68DB68DB68BB61BB69002B64
:20AE000006D15D4B5D4A40F682415D48FDF798FEBB699B6A7B61BB69DB69BA69126A9A60DE
:20AE2000BB691B6ABA69D2695A607B695A68BB6918339A4203D1BB691A6A7B695A60BB6922
:20AE400000229A627B691B685A1E7B691A604D4B1B68002B5FD1BB695B69FB60BB699B68B7
:20AE6000BA69D2689A60BB69DB68BA6992685A60FB685A68BB6904339A4203D1BB69DA68A7
:20AE8000FB685A60BB6900225A61FB681B685A1EFB681A60BB69DA6A3B4B1B689A4203D930
:20AEA000BB69DB6A384A1360BB69DA6A374913469B0013449B000B4404331B68BB60BB691E
:20AEC000BA689A60BB689A68BB69DA60BB689B68BA6904325A60BB691A1DBB689A60BB69FE
:20AEE000DA6A13469B0013449B00284A1A44BB695A61BB69DA6A254913469B0013449B00BD
:20AF00000B441B68591C214813469B0013449B00034419601BE01E4B5B683B61BB693A6951
:20AF2000DA613B699A68BB691A623B699B68BA6918325A60BB6903F118023B699A60BB69CE
:20AF4000134A9A62124B1B680133114A1360BB69DA6A104B1B68DB6A9A4205D90123FB61F1
:20AF60000D4B01221A6001E00023FB61FB6918462037BD4680BD00BFAC3303003836030011
:20AF800090310300B045FF1F9045FF1FB444FF1F4845FF1FB044FF1F9C45FF1F80B483B0AE
:20AFA00000AF7860064B1A687B681A60054B1A687B685A6000BF0C37BD465DF8047B7047DB
:20AFC000A045FF1F8C45FF1F80B586B000AF786039607B68002B06D1284B294A40F6FD41B5
:20AFE0002848FDF7ADFD3B68002B06D1264B244A40F6FE412348FDF7A3FDF8F7F7FC234BFB
:20B000001B683B617B685B683A69D31AFB603B681B68B3F1FF3F02D100237B6126E07B68BD
:20B020001A681B4B1B689A420AD07B685B683A699A4205D301237B613B6800221A6015E0BE
:20B040003B681B68FA689A420BD23B681A68FB68D21A3B681A607868FFF7A0FF00237B61AA
:20B0600004E03B6800221A6001237B61F8F7F6FC7B6918461837BD4680BD00BFEC3303001A
:20B080005436030090310300F83303008C45FF1FA045FF1F80B400AF034B01221A6000BFB2
:20B0A000BD465DF8047B70479C45FF1F80B582B000AF786000F056F8084B1B68012B09D9F3
:20B0C000074B4FF080525A60BFF34F8F00BFBFF36F8F00BFF8F748FDECE700BFB444FF1FB9
:20B0E00000ED00E080B582B000AF00237B600CE07A6813469B0013449B00124A13441846AA
:20B10000FEF78EF97B6801337B607B68042BEFD90D48FEF785F90D48FEF782F90C48FEF711
:20B120007FF90C48FEF77CF90B48FEF779F90B4B054A1A600A4B054A1A6000BF0837BD46E1
:20B1400080BD00BFB444FF1F1845FF1F2C45FF1F4845FF1F5C45FF1F7445FF1F4045FF1FEF
:20B160004445FF1F80B582B000AF19E0F8F73EFC104BDB68DB687B607B6804331846FEF7C7
:20B18000D9F90D4B1B68013B0B4A13600B4B1B68013B0A4A1360F8F761FC786800F010F8FE
:20B1A000064B1B68002BE1D100BF00BF0837BD4680BD00BF5C45FF1F8845FF1F7045FF1FA5
:20B1C00080B582B000AF78607B6893F86530002B08D17B681B6B1846FEF704F87868FEF7ED
:20B1E00001F814E07B6893F86530012B03D17868FDF7F8FF0BE07B6893F86530022B06D0A3
:20B20000054B064A40F69C710548FDF799FC00BF0837BD4680BD00BF203403006C3603007C
:20B220009031030080B400AF0A4B1B681B68002B04D1094B4FF0FF321A6005E0054B1B6816
:20B24000DB681B68044A136000BFBD465DF8047B704700BF4045FF1FA845FF1F80B483B046
:20B2600000AF0B4B1B68002B02D101237B6008E0084B1B68002B02D102237B6001E0002389
:20B280007B607B6818460C37BD465DF8047B70479445FF1FB045FF1F80B586B000AF7860C5
:20B2A0007B683B6100237B617B68002B79D03B69DA6A3E4B1B68DB6A9A4269D23B699B69C1
:20B2C000002B06DB394B1B68DB6AC3F105023B699A613B6959693B69DA6A13469B00134423
:20B2E0009B00334A134499424AD13B6904331846FEF720F92D4B1B68DA6A3B69DA623B69DF
:20B30000DA6A2C4B1B689A4203D93B69DB6A294A13603B69DA6A264913469B0013449B002B
:20B320000B4404331B68FB603B69FA689A60FB689A683B69DA60FB689B683A6904325A606D
:20B340003B691A1DFB689A603B69DA6A13469B0013449B00164A1A443B695A613B69DA6AE2
:20B36000134913469B0013449B000B441B68591C0F4813469B0013449B000344196004E063
:20B380000A4B1B68DA6A3B69DA6201237B6108E03B695A6C054B1B68DB6A9A4201D2012374
:20B3A0007B617B6918461837BD4680BDB044FF1FB444FF1F9045FF1F80B586B000AF7860D3
:20B3C0007B683B6100237B617B68002B76D03E4B1B683A699A4206D03C4B3D4A41F24F01A9
:20B3E0003C48FDF7ADFB3B699B6C002B06D13A4B374A41F250013748FDF7A2FB3B699B6C3B
:20B400005A1E3B699A643B69DA6A3B695B6C9A4254D03B699B6C002B50D13B69043318468F
:20B42000FEF788F83B695A6C3B69DA623B69DB6AC3F105023B699A613B69DA6A274B1B682D
:20B440009A4203D93B69DB6A244A13603B69DA6A234913469B0013449B000B4404331B6827
:20B46000FB603B69FA689A60FB689A683B69DA60FB689B683A6904325A603B691A1DFB68F7
:20B480009A603B69DA6A13469B0013449B00144A1A443B695A613B69DA6A114913469B0093
:20B4A00013449B000B441B68591C0D4813469B0013449B000344196001237B617B69184616
:20B4C0001837BD4680BD00BFB044FF1F543403007C360300903103006C3403009045FF1F72
:20B4E000B444FF1F80B588B000AF786039607B68BB6101237B617B68002B00F08B80BB697D
:20B500009B6C002B06D1454B454A41F29F014548FDF716FBBB695B6C3A689A4202D93B68B7
:20B52000FB6102E0BB695B6CFB61BB69DB6AFA699A426FD0BB699B6C7A699A426AD13A4BF5
:20B540001B68BA699A4206D1384B354A41F2BA013448FDF7F5FABB69DB6A3B61BB69FA69B7
:20B56000DA62BB699B69002B04DBFB69C3F10502BB699A61BB6959693A6913469B0013444B
:20B580009B002B4A1344994244D1BB6904331846FDF7D0FFBB69DA6A264B1B689A4203D9C4
:20B5A000BB69DB6A234A1360BB69DA6A204913469B0013449B000B4404331B68FB60BB6903
:20B5C000FA689A60FB689A68BB69DA60FB689B68BA6904325A60BB691A1DFB689A60BB69F7
:20B5E000DA6A13469B0013449B00114A1A44BB695A61BB69DA6A0E4913469B0013449B00E4
:20B600000B441B68591C0A4813469B0013449B000344196000BF2037BD4680BD6C340300F2
:20B620009436030090310300B044FF1F84340300B444FF1F9045FF1F80B400AF074B1B68EB
:20B64000002B04D0054B1B689A6C01329A64034B1B681846BD465DF8047B7047B044FF1F12
:20B6600080B586B000AF786039602E4B1B687B612D4B1B6804331846FDF75CFF7B68B3F101
:20B68000FF3F24D13B68002B21D0284B5B683B61254B1B683A699A60234B1B683A699268C8
:20B6A000DA60214B1A683B699B6804325A601E4B1B681A1D3B699A601B4B1B681B4A5A6101
:20B6C0001A4B1B680133194A136000BF26E07A697B681344FB60144B1B68FA685A60FA68DB
:20B6E0007B699A4209D2124B1A680F4B1B68043319461046FDF7E5FE10E00E4B1A680A4B10
:20B700001B68043319461046FDF7DBFE0A4B1B68FA689A4202D2084AFB68136000BF1837CD
:20B72000BD4680BD8C45FF1FB044FF1F7445FF1F4445FF1F4045FF1FA845FF1F80B588B02F
:20B7400004AF0023FB6000F081FA1A4B1B68002B20D00023BB6000237B603A46391D07F140
:20B7600008031846F7F79EFF39687B68BA68029201930323009300230A460F490F48FEF737
:20B78000C1FC03460E4A13600D4B1B68002B01D00123FB60FB68002B06D10A4B0A4A40F242
:20B7A00019110A48FDF7CCF9FB6818461037BD4680BD00BFE445FF1FB836030075B80200E6
:20B7C000E845FF1FC0360300B0370300C836030080B584B000AFF860B9607A6008E0FB688C
:20B7E0009B69BA681344BB60FB681B6AF8689847FB689A69BB68D118BB687A68F86800F0C3
:20B80000E1F80346002BEAD100BF00BF1037BD4680BDFFFF80B584B000AF78603960144B35
:20B820001B68DB68DB68FB60FB6804331846FDF781FEFB6893F8243003F00403002B05D0FD
:20B840003A687968F868FFF7C3FF08E0FB6893F8243023F00103DAB2FB6883F82420FB68FB
:20B860001B6AF868984700BF1037BD4680BD00BFDC45FF1F80B584B000AF786007F10803CD
:20B88000184600F05BF8F860BB681946F86800F005F800F0D9F800BFF0E7FFFF80B584B022
:20B8A00000AF78603960FEF7ABFF07F10803184600F068F8F860BB68002B31D13B68002BA2
:20B8C0000AD17A68FB689A4206D8FEF7A7FFF9687868FFF79FFF26E03B68002B08D0144B13
:20B8E0001B681B68002B01D1012300E000233B60104B18687A68FB68D31A3A681946FEF780
:20B90000CDFBFEF78BFF0346002B0CD10A4B4FF080525A60BFF34F8F00BFBFF36F8F02E08E
:20B92000FEF77CFFFFE700BF1037BD4680BD00BFE045FF1FE445FF1F00ED00E080B485B0EC
:20B9400000AF78600E4B1B681B68002B01D1012200E000227B681A607B681B68002B05D11B
:20B96000074B1B68DB681B68FB6001E00023FB60FB6818461437BD465DF8047B704700BF19
:20B98000DC45FF1F80B584B000AF7860FFF746F8F8600B4B1B68FA689A4205D200F030F9E5
:20B9A0007B6801221A6002E07B6800221A60044AFB681360FB6818461037BD4680BD00BF7B
:20B9C000EC45FF1F80B586B000AFF860B9607A603B6000237B61FB68BA685A60FB68FA6815
:20B9E0001A61BA687B689A4212D87A683B68D21AFB689B699A4202D301237B611BE0104B22
:20BA00001A68FB68043319461046FDF75AFD12E07A683B689A4206D2BA683B689A4202D369
:20BA200001237B6107E0074B1A68FB68043319461046FDF746FD7B6918461837BD4680BDF4
:20BA4000E045FF1FDC45FF1F80B588B000AFBCE07B68002B14DA3B1D0433FB61FB69002B36
:20BA600006D1624B624A40F206316248FDF768F8FB691B68FA695068FA699268114698479A
:20BA80007B68002BC0F2A180FB68BB61BB695B69002B04D0BB6904331846FDF74BFD3B46E9
:20BAA0001846FFF76FFF78617B68013B082B00F2898001A252F823F0DDBA0200DDBA02006C
:20BAC00045BB020059BB02009BBB0200DDBA0200DDBA020045BB020059BB0200BB6993F8FD
:20BAE000243043F00103DAB2BB6983F82420BA68BB699B69D118BB687A69B869FFF762FF9B
:20BB00000346002B60D0BB6993F8243003F00403002B09D0BA68BB699B6913447A6919469D
:20BB2000B869FFF755FE08E0BB6993F8243023F00103DAB2BB6983F82420BB691B6AB86960
:20BB4000984741E0BB6993F8243023F00103DAB2BB6983F8242038E0BB6993F8243043F00E
:20BB60000103DAB2BB6983F82420BA68BB699A61BB699B69002B06D11F4B1D4A40F259315A
:20BB80001C48FCF7DDFFBB699A697B69D1187B697A69B869FFF716FF17E0BB6993F8243091
:20BBA00003F00203002B03D1B869FDF71BFB0CE0BB6993F8243023F00103DAB2BB6983F832
:20BBC000242002E000BF00E000BF0C4B1B68391D00221846FDF70AFF0346002B7FF438AF66
:20BBE00000BF00BF2037BD4680BD00BF68370300C8370300C836030074370300E445FF1FD7
:20BC000080B582B000AF09E00E4B1B68DB681B683B604FF0FF313868FFF7FCFD094B1B6813
:20BC20001B68002BF0D1074B1B687B60064B1B68044A1360044A7B68136000BF0837BD46AB
:20BC400080BD00BFDC45FF1FE045FF1F80B582B002AFF7F7CBFE154B1B68002B20D114483C
:20BC6000FDF7DEFB1348FDF7DBFB134B104A1A60124B104A1A6000230093114B114A1021D1
:20BC80000A20FDF711FD0346084A1360074B1B68002B05D0054B1B680B491846FEF7B0F972
:20BCA000F7F7DCFE00BFBD4680BD00BFE445FF1FB445FF1FC845FF1FDC45FF1FE045FF1FF3
:20BCC0009046FF1FF045FF1F9C37030081F0004102E000BF83F0004330B54FEA41044FEAA2
:20BCE000430594EA050F08BF90EA020F1FBF54EA000C55EA020C7FEA645C7FEA655C00F060
:20BD0000E2804FEA5454D4EB5555B8BF6D420CDD2C4480EA020281EA030382EA000083EA40
:20BD2000010180EA020281EA0303362D88BF30BD11F0004F4FEA01314FF4801C4CEA113179
:20BD400002D0404261EB410113F0004F4FEA03334CEA133302D0524263EB430394EA050F38
:20BD600000F0A780A4F10104D5F1200E0DDB02FA0EFC22FA05F2801841F1000103FA0EF255
:20BD8000801843FA05F359410EE0A5F120050EF1200E012A03FA0EFC28BF4CF0020C43FAC6
:20BDA00005F3C01851EBE37101F0004507D54FF0000EDCF1000C7EEB00006EEB0101B1F581
:20BDC000801F1BD3B1F5001F0CD349085FEA30004FEA3C0C04F101044FEA445212F5800F88
:20BDE00080F09A80BCF1004F08BF5FEA500C50F1000041EB045141EA050130BD5FEA4C0CD0
:20BE0000404141EB0101013C28BFB1F5801FE9D291F0000F04BF01460020B1FA81F308BFAF
:20BE20002033A3F10B03B3F120020CDA0C3208DD02F1140CC2F10C0201FA0CF021FA02F165
:20BE40000CE002F11402D8BFC2F1200C01FA02F120FA0CFCDCBF41EA0C019040E41AA2BF65
:20BE600001EB0451294330BD6FEA04041F3C1CDA0C340EDC04F11404C4F1200220FA04F05A
:20BE800001FA02F340EA030021FA04F345EA030130BDC4F10C04C4F1200220FA02F001FAB0
:20BEA00004F340EA0300294630BD21FA04F0294630BD94F0000F83F4801306BF81F480112F
:20BEC0000134013D4EE77FEA645C18BF7FEA655C29D094EA050F08BF90EA020F05D054EAA0
:20BEE000000C04BF1946104630BD91EA030F1EBF0021002030BD5FEA545C05D140004941A0
:20BF000028BF41F0004130BD14F580043CBF01F5801130BD01F0004545F0FE4141F470018F
:20BF20004FF0000030BD7FEA645C1ABF194610467FEA655C1CBF0B46024650EA013406BF4C
:20BF400052EA033591EA030F41F4002130BD00BF90F0000F04BF0021704730B54FF48064A8
:20BF600004F132044FF000054FF0000150E700BF90F0000F04BF0021704730B54FF48064E6
:20BF800004F1320410F0004548BF40424FF000013EE700BF42004FEAE2014FEA31014FEA82
:20BFA00002701FBF12F07F4393F07F4F81F06051704732F07F4208BF704793F07F4F04BFCE
:20BFC00041F40021704730B54FF4607401F0004521F000411CE700BF50EA010208BF704753
:20BFE00030B54FF000050AE050EA010208BF704730B511F0004502D5404261EB41014FF41E
:20C00000806404F132045FEA915C3FF4D8AE4FF003025FEADC0C18BF03325FEADC0C18BF99
:20C02000033202EBDC02C2F1200300FA03FC20FA02F001FA03FE40EA0E0021FA02F114448B
:20C04000BDE600BF70B54FF0FF0C4CF4E06C1CEA11541DBF1CEA135594EA0C0F95EA0C0F9B
:20C0600000F0DEF82C4481EA030621EA4C5123EA4C5350EA013518BF52EA033541F4801141
:20C0800043F4801338D0A0FB02CE4FF00005E1FB02E506F00042E0FB03E54FF00006E1FB40
:20C0A00003569CF0000F18BF4EF0010EA4F1FF04B6F5007F64F5407404D25FEA4E0E6D4170
:20C0C00046EB060642EAC62141EA55514FEAC52040EA5E504FEACE2EB4F1FD0C88BFBCF56E
:20C0E000E06F1ED8BEF1004F08BF5FEA500E50F1000041EB045170BD06F0004646EA010132
:20C1000040EA020081EA0301B4EB5C04C2BFD4EB0C0541EA045170BD41F480114FF0000E74
:20C12000013C00F3AB8014F1360FDEBF002001F0004170BDC4F10004203C35DA0C341BDCE3
:20C1400004F11404C4F1200500FA05F320FA04F001FA05F240EA020001F0004221F0004155
:20C1600010EBD37021FA04F642EB06015EEA430E08BF20EAD37070BDC4F10C04C4F12005BF
:20C1800000FA04F320FA05F001FA04F240EA020001F0004110EBD37041F100015EEA430E46
:20C1A00008BF20EAD37070BDC4F1200500FA05F24EEA020E20FA04F301FA05F243EA0203F6
:20C1C00021FA04F001F0004121FA04F220EA020000EBD3705EEA430E08BF20EAD37070BDF9
:20C1E00094F0000F0FD101F00046400041EB010111F4801F08BF013CF7D041EA060195F001
:20C20000000F18BF704703F00046520043EB030313F4801F08BF013DF7D043EA0603704763
:20C2200094EA0C0F0CEA135518BF95EA0C0F0CD050EA410618BF52EA4306D1D181EA0301CC
:20C2400001F000414FF0000070BD50EA410606BF1046194652EA430619D094EA0C0F02D16B
:20C2600050EA013613D195EA0C0F05D152EA03361CBF104619460AD181EA030101F0004178
:20C2800041F0FE4141F470014FF0000070BD41F0FE4141F4780170BD70B54FF0FF0C4CF422
:20C2A000E06C1CEA11541DBF1CEA135594EA0C0F95EA0C0F00F0A7F8A4EB050481EA030EA7
:20C2C00052EA03354FEA013100F088804FEA03334FF0805545EA131343EA12634FEA0222B0
:20C2E00045EA111545EA10654FEA00260EF000419D4208BF964244F1FD0404F5407402D272
:20C300005B084FEA3202B61A65EB03055B084FEA32024FF480104FF4002CB6EB020E75EB02
:20C32000030E22BFB61A754640EA0C005B084FEA3202B6EB020E75EB030E22BFB61A7546EC
:20C3400040EA5C005B084FEA3202B6EB020E75EB030E22BFB61A754640EA9C005B084FEA97
:20C360003202B6EB020E75EB030E22BFB61A754640EADC0055EA060E18D04FEA051545EA38
:20C3800016754FEA06164FEAC30343EA52734FEAC2025FEA1C1CC0D111F4801F0BD141EA12
:20C3A00000014FF000004FF0004CB6E711F4801F04BF01430020B4F1FD0C88BFBCF5E06F55
:20C3C0003FF6AFAEB5EB030C04BFB6EB020C5FEA500C50F1000041EB045170BD0EF0004ECA
:20C3E0004EEA113114EB5C04C2BFD4EB0C0541EA045170BD41F480114FF0000E013C90E6A0
:20C4000045EA060E8DE60CEA135594EA0C0F08BF95EA0C0F3FF43BAF94EA0C0F0AD150EA43
:20C4200001347FF434AF95EA0C0F7FF425AF104619462CE795EA0C0F06D152EA03353FF4B0
:20C44000FDAE1046194622E750EA410618BF52EA43067FF4C5AE50EA41047FF40DAF52EAC6
:20C4600043057FF4EBAE12E74FF0FF3C06E000BF4FF0010C02E000BF4FF0010C4DF804CD01
:20C480004FEA410C7FEA6C5C4FEA430C18BF7FEA6C5C1BD001B050EA410C0CBF52EA430CDC
:20C4A00091EA030F02BF90EA020F0020704710F1000F91EA030F58BF994208BF90422CBFB9
:20C4C000D8176FEAE37040F0010070474FEA410C7FEA6C5C02D150EA013C07D14FEA430C78
:20C4E0007FEA6C5CD6D152EA033CD3D05DF8040B704700BF8446104662468C4619466346CA
:20C5000000E000BF01B5FFF7B7FF002848BF10F1000F01BD4DF808EDFFF7F4FF0CBF01200E
:20C5200000205DF808FB00BF4DF808EDFFF7EAFF34BF012000205DF808FB00BF4DF808ED26
:20C54000FFF7E0FF94BF012000205DF808FB00BF4DF808EDFFF7CEFF94BF012000205DF875
:20C5600008FB00BF4DF808EDFFF7C4FF34BF012000205DF808FB00BF4FEA410C7FEA6C5C04
:20C5800002D150EA013C0AD14FEA430C7FEA6C5C02D152EA033C02D14FF0000070474FF067
:20C5A000010070474FEA410212F5001215D211D56FF47873B3EB625212D94FEAC12343F086
:20C5C000004343EA505311F0004F23FA02F018BF404270474FF00000704750EA013005D1A2
:20C5E00011F0004008BF6FF0004070474FF00000704700BF4FEA4102B2F1E04324BFB3F55B
:20C60000001CDCF1FE5C0DD901F0004C4FEAC0024CEA5070B2F1004F40EB830008BF20F04C
:20C620000100704711F0804F21D113F13872BCBF01F00040704741F480114FEA5252C2F119
:20C640001802C2F1200C10FA0CF320FA02F018BF40F001004FEAC1234FEAD32303FA0CFC73
:20C6600040EA0C0023FA02F34FEA4303CCE77FEA625307D150EA01331EBF4FF0FE4040F44E
:20C680004000704701F0004040F0FE4040F40000704700BF7BB972B90029BEBF00204FF0F6
:20C6A000004106E008BF00281CBF6FF000414FF0FF3000F09DB9ADF1080C6DE904CE002932
:20C6C00009DB002B1ADB00F035F8DDF804E0DDE9022304B07047404261EB4101002B1BDBF9
:20C6E00000F028F8DDF804E0DDE9022304B0404261EB4101524263EB43037047524263EB01
:20C70000430300F017F8DDF804E0DDE9022304B0404261EB41017047524263EB430300F09D
:20C7200009F8DDF804E0DDE9022304B0524263EB430370472DE9F047089D0C46002B4ED133
:20C7400094468C458646B2FA82F262D94AB1C2F12003914020FA03F30CFA02FC194300FAFB
:20C7600002FE4FEA1C471FFA8CF6B1FBF7F44FEA1E4307FB141143EA014304FB06F19942E8
:20C780000AD91CEB030304F1FF3080F01281994240F20F81023C6344591A1FFA8EF3B1FB47
:20C7A000F7F007FB101143EA014300FB06F69E420AD91CEB030300F1FF3180F0FC809E424A
:20C7C00040F2F980634402389B1B40EA044000211DB1D3400022C5E90032BDE8F0878B42BC
:20C7E00005D90DB1C5E9000100210846F5E7B3FA83F1002946D1A34202D39042C0F0F08096
:20C80000861A64EB03030120002DE6D0C5E90063E3E7002A40F09080A1EB0C044FEA1C48A1
:20C820001FFA8CF70121B4FBF8F64FEA1E4308FB164443EA044307FB06F0984208D91CEB78
:20C84000030306F1FF3402D2984200F2CD8026461C1A1FFA8EF3B4FBF8F008FB104443EA64
:20C86000044300FB07F79F4208D91CEB030300F1FF3402D29F4200F2B0802046DB1B40EA28
:20C880000640A5E7C1F120068B4022FA06F71F4320FA06FC04FA01F343EA0C03F44000FA30
:20C8A00001F8380C4FEA1349B4FBF0FE1FFA87FC00FB1E4449EA04440EFB0CF9A14502FAA5
:20C8C00001F20AD93C190EF1FF3A80F08480A14540F28180AEF1020E3C44A4EB09041FFA84
:20C8E00083F9B4FBF0F300FB134449EA044403FB0CFCA44507D93C1903F1FF3067D2A445F4
:20C9000065D9023B3C4443EA0E40A0FB0293A4EB0C049C42CE469C4651D34ED055B1B8EB13
:20C920000E0364EB0C0404FA06F6CB401E43CC40C5E90064002150E7C2F1200320FA03F1C7
:20C940000CFA02FC24FA03F394400C434FEA1C4800FA02FE1FFA8CF7B3FBF8F008FB10318F
:20C96000230C43EA014300FB07F1994208D91CEB030300F1FF362CD299422AD90238634478
:20C980005B1AA4B2B3FBF8F108FB113344EA034401FB07F3A34208D91CEB040401F1FF3687
:20C9A00013D2A34211D902396444E41A41EA004139E70446F0E6084606E7C845AED2B9EBCA
:20C9C000020E63EB070C0138A8E73146EDE7034699E73046D4E7D6467FE7634402384DE742
:20C9E0000646234608460FE7023E634430E700BF704700BF024B0146186800F02DB800BF63
:20CA0000500BFE1F024B0146186801F0B1BE00BF500BFE1F70B50F4E0C463168054611B971
:20CA200001F052FE30602146284601F04DFE431C03D14FF0FF34204670BDC41C24F00304E1
:20CA4000A042F8D0211A284601F03EFE0130F2D1EFE700BFD846FF1F2DE9F843CD1C25F042
:20CA6000030508350C2D38BF0C25002D064601DBA94204D90C2333600020BDE8F883DFF81A
:20CA8000D48000F069F8D8F800301C4644BB29463046FFF7BFFF431C044658D1D8F8004015
:20CAA0002746002F43D1002C4BD023683946304604EB030901F008FE814542D121686D1A24
:20CAC00029463046FFF7A6FF01303AD023682B442360D8F800305A6862BBC8F800700FE020
:20CAE0002268521B20D40B2A17D96119A342256018BF5960636808BFC8F8001062514B60F2
:20CB0000304600F02FF804F10B00231D20F00700C21A1CBF1B1AA350AFE76268A3420CBF42
:20CB2000C8F800205A60EBE723466468AEE73C467F68B6E71A465B68A342FBD1002353600F
:20CB4000DEE70C233360304600F00CF894E70560D6E700BFDC46FF1F014801F0CCBD00BFC6
:20CB60004248FF1F014801F0C8BD00BF4248FF1F024B0A460146186800F002B8500BFE1F61
:20CB80002DE9F041804615460C4621B9BDE8F0411146FFF761BF2AB901F0EAFD0024204679
:20CBA000BDE8F08102F072FE8542064602D8B5EB500FF4D829464046FFF74EFF0746002898
:20CBC000ECD0B5422A46214628BF324601F0A8FD2146404601F0CCFD3C46E0E770B5044677
:20CBE0000D4645EC104B164602F012FD51EC100B7EB1C5F30A53C3F16B03002B09DD1B050A
:20CC000003F17F55002405F5401522462B46FFF719FA41EC100B70BD2DE9F04F9DB0824618
:20CC20000F92002218920C464FF000084FF000090A46179211782B293BD02CD80D2926D88D
:20CC4000082926D800292FD000220D92179D2A78302A7DD16A7802F0DF02582A6ED10293B3
:20CC60000D9B019318AB0093894A19AB17A9504601F02EFE10F00F0604463ED0062E1AD18C
:20CC80000F9B0BB101351D6042464B4640E02029DAD10132CDE72D29D6D101210D91511C3D
:20CCA00017915278002AD1D10F9B002BECD01C60EAE70021F2E7189A3AB135211AA802F0B7
:20CCC000A1FD1899504602F06BF9013E199A042E06D8DFE806F022032B2E2200DDE91A8951
:20CCE000E10548BF49F0004929F000431B0D1B051BB901F0F9FC222303600F9B13B10F9AA8
:20CD0000179B13600D9B002BBED0424609F1004343EC102B1DB0BDE8F08FDDE91A8302F216
:20CD2000334223F4801343EA0259D9E7DFF86891D6E76FF000494FF0FF38D1E7179B5A1C01
:20CD400017925B78302BF9D0002BD6D0012300E000230027CDE905770493179B0A930A22D0
:20CD600017980578A5F13003D9B2092924D94949012200F042FE00282DD000202A46059DC8
:20CD800083460346652A01D0452A13D11DB9049A024389D00025179C621C179262782B2A8E
:20CDA0006DD02D2A71D04FF0000CA2F13001092978D91794002696E005990829DDBF0699BB
:20CDC00002FB0133069302FB0737059B0130013305931790C4E7179B5A1C17925A78059B1C
:20CDE000ABB383461D46A2F13003092B12D90123C8E7179B5A1C17925A780130302AF8D0FB
:20CE0000A2F13103082B00F2EF84179B0A93834600200546303A00F1010312D09B4400EB25
:20CE2000050C2B460A219C4513D12B18082B05F10105054419DC06990A2303FB0123069349
:20CE40000023179A511C179152781846CBE70598D4E7082B03F1010303DC069E4E430696DC
:20CE6000E1E7102BD8BF4F43DDE70F2BDCBF0A2303FB0727E4E74FF0000B012387E74FF0AE
:20CE8000000CA21C1792A2788FE74FF0010CF8E708380300E33703000000F07F179A511C77
:20CEA00017915278302AF9D0A2F13101082981D8303A0792179A0C92179A561C17965278A2
:20CEC000A2F1300EBEF1090F38D90C99761A082E44F61F6603DC07998E42A8BF0E46BCF1C8
:20CEE000000F00D07642002D4FD1049908437FF404AF002B7FF4D8AE692A29D026DC492A1B
:20CF000026D04E2A7FF4D0AE9B4917A801F002FF00283FF4C9AE179B1B78282B2FD19749D3
:20CF20001AAA17A801F00AFF052828D11B9BDDF8688043F0FF4949F4E009DEE6079E0A21A6
:20CF400001FB0621A1F130020792B5E76E2AD9E78B4917A801F0DEFE00283FF4A5AE179B9D
:20CF60008849013B17A8179301F0D4FE10B9179B01331793DFF81C924FF00008BDE68248E6
:20CF800001F0E6FB59EC108BB7E6A6EB0B030C93059B0698002B08BF2B46102D05932C461C
:20CFA000A8BF1024FEF7D4FF092D8046894613DC0C9B002B3FF4A1AE0C9B78DD162B45DCA2
:20CFC000724901EBC301D1E9000142464B46FFF739F88046894690E66C4B03EBC40353E938
:20CFE0001223FFF72FF8804638468946FEF7B0FF02460B4640464946FEF76EFE0F2D804617
:20D000008946D5DD0C9B2C1B1C44002C25DC00F0A280644214F00F020AD05C4B03EBC20313
:20D0200040464946D3E90023FFF736F980468946241100F090801F2C40F3B28022234FF0D9
:20D0400000084FF00009CAF8003056E60C9AC5F12503934219DA2C1B144414F00F030AD077
:20D060004A4901EBC30142464B46D1E90001FEF7E9FF8046894634F00F046CD0B4F59A7FF2
:20D0800041DD2223CAF8003074E7404CC5F10F0504EBC50142464B46D1E90001FEF7D2FF3B
:20D0A0000C9B5D1B04EBC504D4E900238FE71633A8DB364BABEB060203EBC203D3E90023C6
:20D0C00040464946FFF7E8F883E7002306932223DFF8C090CAF800304FF000081899504653
:20D0E00001F05EFF0699504601F05AFF0599504601F056FF1099504601F052FF0799504632
:20D1000001F04EFFF9E50023214F0493241140464946012C22DC0BB180468946049B1C49FF
:20D12000A9F1547901EBC30142464B46D1E90001FEF788FF174B0A460B4017498B42804698
:20D140009FD8A1F580118B4286BFDFF850904FF0FF3802F15479002304934CE0E20704D58A
:20D16000D7E90023FEF76EFF0123049A0132049264100837CDE700BFEE370300F437030063
:20D18000E5370300E8370300BD3C0300F03B0300C83B03000000F07F0000A07CFFFFEF7F27
:20D1A00014F0100318BF6A23AA4F0493404649460023E20704D5D7E90023FEF743FF01232C
:20D1C000641007F10807F4D10BB180468946049B43B1C9F30A52C2F16B03002B49464EDC0E
:20D1E0006A2304930022002340464946FFF792F900287FF423AF069B0093059A0A992B46DC
:20D20000504601F035FF109000283FF43AAF0C9BABEB060B002BB4BF5B46002311930C9B74
:20D2200023EAE3731593002307930593109B5046596801F075FE069000283FF448AF109B95
:20D240001A69023203F10C0192000C3001F068FA49EC108B1AAA19A95046CDE90A8902F0CE
:20D2600047FA189000283FF432AF0121504601F099FF05900346D0B90023059327E71F2BCE
:20D280000EDD342BDEBF4FF0FF33C2F14B0293404FF00008CCBF4FF05C7903EA01099FE700
:20D2A0004FF0FF3202FA03F303EA080898E7199C1A9A002CABBF119B159B159E119FACBF67
:20D2C000E7181E1B049BE41A1444634B013C9C42C2F1360280F2B2801B1B1F2BC2BFC4F113
:20D2E0007F4404F57F0404F57B444FF00105C8BFE234A2EB0302DABF9D40002405FA04F432
:20D3000007EB020B049B5F4516441E443B46A8BF5B46B342A8BF3346002BC2BFABEB030B61
:20D32000F61AFF1A119B002B16DD05991A46504601F0F8FF059000289ED00146189A5046C4
:20D3400001F046FF0E9000283FF4C1AE1899504601F026FE0E9B1893BBF1000F71DC0C9BD0
:20D36000002B08DD159A0699504601F0DBFF069000283FF4AAAE002E08DD069932465046E5
:20D3800002F02AF8069000283FF49FAE002F08DD05993A46504602F01FF8059000283FF47A
:20D3A00096AE069A1899504602F09EF8079000283FF48DAEC3680E9300230599C36002F0EB
:20D3C00077F800284ADA0E9B53EA080340F0BC80C9F31303002B40F0B78029F000431B0D4D
:20D3E0001B05B3F1D66F40F2AF80079B5B6923B9079B1B69012B40F3A7800799012250467C
:20D4000001F0EAFF0599079002F052F8002840F39B8029F00043049A1B0D1B05002A79D096
:20D42000B3F1D66F6DD8B3F15C7F45D84FF000084FF000092223CAF800304FE600240125DD
:20D440005EE718995A46504601F0C6FF1890002885D13CE62038030002FCFFFFCB4640F00A
:20D46000A4800E9AC9F31303002A41D09C4A934259D1049B42467BB9B8F1FF3F40F08A8072
:20D48000984B99453FF423AE974BDDF8108009EA030303F5801921E6934B09EA0303B3F174
:20D4A000D46F17D918F101011CD18E4A91453FF40EAE03F5801980468C4B4046494600223F
:20D4C000FEF7C0FD884B0B4080468946002B7FF405AEAFE71E0DC6F16B064FF0FF31B1404D
:20D4E0008845E6D0002C5ED014EA0B0FE4D01EE0002B4AD1B8F1000F8BD064B314EA0B0FFD
:20D500002BE0A3F580136FEA13596FEA09594FF0FF38D1E7A3F580136FEA13596FEA09597C
:20D520004FF0FF38DAE59CB114EA090F0CD040464946049AFFF752FBDDE90A0153EC102B36
:20D54000FEF7CAFB80468946049B002BB4D1C5E515EA080FEAE718EA050FF5D0049A40469D
:20D560004946FFF73BFBDDE90A0153EC102BFEF7B1FB0022002304460D46FEF7CBFF00283B
:20D580007FF454AFA046A946DEE7002CB6D115EA080FE2E724B114EA090F3FF49FADC6E7D2
:20D5A00018EA050FF9E72A42A0E70599079802F0F7F855EC104B00224FF0804320462946CF
:20D5C000FEF7BCFF00286DD00E9B002B78D1B8F1000F56D1C9F31303002B59D1444B002262
:20D5E00020462946FEF7A0FF002858D120462946404B0022FEF726FD04460D4605F1004301
:20D6000008940993384B0BEA03031493149A3A4B9A42DDE9086740F0A880ABF1547949EC73
:20D62000108B01F0F5FFDDE9082351EC100BFEF709FD42464B46FEF74FFB0B462A492F4A91
:20D640001940914280465BD90B9A264B9A4203D10A9B01333FF43BADDFF888904FF0FF3885
:20D660001899504601F09CFC0699504601F098FC0599504601F094FC0799504601F090FCB8
:20D68000D4E5B8F1010F03D1B9F1000F3FF4CEAE9FED0F7B164D8DED087B0024B2E7154D47
:20D6A0000024ABE7134B204629460022FEF7CAFC0E9B04460D46002BA0D0CDE90845A1E738
:20D6C0009FED057B8DED087B55EC174B9AE700BF000000000000F0BF000000000000F03F80
:20D6E000FFFF0F00FFFFEF7F0000F07F000050390000F03F0000E03F0000E07FFFFF9F7CF3
:20D7000003F15479049B4E46002BA9D129F00043149A1B0D1B059A42A2D12046294603F007
:20D72000AFF9FEF761FC0B46024629462046FEF7D1FAC9F313060E9B46EA08061E4304465A
:20D740000D464BD02EA3D3E90023FEF7EDFE00287FF4C4AC2CA3D3E9002320462946FEF748
:20D7600001FF00283FF47CAFB8E4049B13B3149BB3F1D46F1ED826A3D3E900232046294619
:20D78000FEF7DCFE90B12946204603F059F9012838BF0120FEF7DCFB0E9B04460D46D3B980
:20D7A00001F1004312901393DDE91267149A07F1D6639F1A9DED0A0B01F02AFF304653ECA7
:20D7C000102B3946FEF73EFCDDE90A23FEF784FA8046894696E7CDE91245E5E70EA3D3E9A2
:20D7E0000023FEF7A1FEBCE7652A3FF444AB452A3FF441AB0123FFF778BB00BFAFF3008062
:20D800009535A094FFFFDF3F35E5AF350000E03F0000C0FFFFFFDF419535A094FFFFCF3FEA
:20D820000A4601460248034B0068FFF7F5B900BF500BFE1FE409FE1F0CB430B5174B0C1E3B
:20D840001D689DB008DA8B232B604FF0FF301DB0BDE8304002B070474FF40273ADF8143081
:20D8600014BF04F1FF332346049307934FF6FF7302900690ADF81630209A21AB02A92846AB
:20D88000019302F0F1F8431CBCBF8B232B60002CDDD0029B00221A70D9E700BF500BFE1FED
:20D8A0000EB400B59CB01DAB029006906FF00041094807910491094953F8042B05910068CD
:20D8C000019302A902F0D0F8029B00221A701CB05DF804EB03B07047500BFE1F0802FFFF0C
:20D8E0000EB430B59CB01FAC4FF4017254F8045BADF814200290069000F020FF0B4B039010
:20D9000007900B930A48019400230F9314934FF6FF73ADF816302A46234602A9006802F0FF
:20D92000F7F91CB0BDE8304003B0704735D90200500BFE1F0020704730B51446002C9BB097
:20D9400005461A4605DA8B2303604FF0FF301BB030BD4FF40273ADF80C3014BF04F1FF3373
:20D960002346029305934FF6FF7300910491ADF80E3069461E9B02F077F8431CBCBF8B2300
:20D980002B60002CE3D0009B00221A70DFE7FFFF07B5009313460A46014603480068FFF72A
:20D9A000CBFF03B05DF804FB500BFE1F10B501390244904201D1002005E0037811F8014F5C
:20D9C000A34201D0181B10BD0130F2E702440346934200D1704703F8011BF9E710B5024697
:20D9E000147813460132002CFAD1013B11F8012B03F8012F002AF9D110BD10B56AB10139A1
:20DA0000841810F8012B11F8013F9A4203D1A04201D0002AF5D1D01A10BD1046FCE7FFFFAC
:20DA200038B50B4B1D686B6B044653B92420FEF7E1FF0246686320B9064B07483221FBF708
:20DA40007FF8696B2046BDE8384000F007B800BF500BFE1F49390300603903002DE9F041AA
:20DA60000C46804602F04CFE21460546404602F04BFE43699907044603F26C7706D1642214
:20DA800097FBF2F302FB1373002B70D14FF4C87297FBF2F302FB1373B3FA83F35B09644E70
:20DAA000302202FB036600F0DBFB00F0E5FB614B1B68002B6AD06B68BB425AD12F68D8E931
:20DAC0000023D5E90801002F5BD1824273EB01015EDB012323622B6D61684FF4616293FB06
:20DAE000F2F002FB10333C2293FBF2F502FB153223689B1AA2682360491B121A3B2B616069
:20DB0000A26051DD013161603C3B236063683B2B50DD0132A2603C3B6360A368172B4FDDA2
:20DB2000E2690132E261A2690132072AA8BF0022A261E268183B0132A3602369E26056F83A
:20DB400023108A420EDD0B2BA2EB0102E26003F1010209BF636922610022013302BF22612B
:20DB60006361E26100F082FB2046BDE8F081012395E7384600F0CAFA00289FD14FF0FF33DA
:20DB800004E0824273EB010102DA0023236209E0D5E9120182428B41B4BF01230023236270
:20DBA000002B98D1AB6A97E7002BAFDA013961603C33AAE7002BB0DA013AA2603C33ABE79C
:20DBC000002BCFDAE269013AE261A269013A48BF0622A261E2681833013AE260A360002AF1
:20DBE000C0D12369013B05D42361236956F82330E360B7E70B23236163695A1E626192070F
:20DC000003F26B7305D1642193FBF1F201FB123262B94FF4C87293FBF2F102FB1133B3FA2E
:20DC200083F35B0903F5B673E361DEE70123F9E7243A03003848FF1FF7B501683B2904461A
:20DC400011D93C22684600F08BFD019A63680099002A0B446360BBBF3C3203F1FF3322608B
:20DC60002260B8BF636061683B2911D93C22684600F076FD019AA3680099002A0B44A360A7
:20DC8000BBBF3C3203F1FF3362606260B8BFA360A168172911D91822684600F061FD019A74
:20DCA000E3680099002A0B44E360BBBF183203F1FF33A260A260B8BFE36021690B2911D974
:20DCC0000C22684600F04CFD019A63690099002A0B446361BBBF0C3203F1FF33226122610E
:20DCE000B8BF636163699A071CD1642193FBF1F201FB1232C2B903F26C734FF4C87293FBFF
:20DD0000F2F102FB1133002B14BF1C231D23E268002A0BDC344D0B206421E668002E11DD6C
:20DD200003B0F0BD1C23F2E71D23F0E72E480225D4E90321012932D19342F1DAD21AC4E970
:20DD40000325F5E72269013A2261013216D163695A1E9707C4E9040219D192FBF1F701FB6C
:20DD60001722B2B903F26B734FF4C87293FBF2F702FB1733002B14BF1C231D232269012ABE
:20DD800014BF55F822201A463244E260C5E71C23F4E71D23F2E71C23CAE71D23C8E750F803
:20DDA0002160B242BCDD0131921B0C29E2602161BED1636900215A1C216191076261EAD1F3
:20DDC000642192FBF1F601FB1622002AE5D103F26D734FF4C87293FBF2F102FB1133002B07
:20DDE00014BF1C231D23A3E7F43903002DE9F74F074602F085FC82463846FFF71DFFD7E9E3
:20DE000000433C2202FB0344BB687D694FF4616202FB0344D7E90363B94A52F82320013ED5
:20DE2000012B164411DDA9070FD1642295FBF2F302FB135343B905F26C734FF4C87293FBA3
:20DE4000F2F102FB113303B9013605F51C53103344F620629342FE6100F24D81462D40F3A9
:20DE60009980462340F26D1C64214FF4C8709A0740F08A8093FBF1F201FB1232002A40F07F
:20DE8000868003F26C7292FBF0FE00FB1E22002A14BF62464FF4B77201339D421644E6D1BE
:20DEA000984B4FEAE478C6FB034800F0D9F900F0E3F9954B1B68002B00F013817869DAF88B
:20DEC0000430D7F8209000F26C70834240F0A480DAE90823DAF85000DAF828C0DAE9121BEE
:20DEE000121A63EBE0730193B1EB0C036BEBEC7E9C4278EB0E0E80F2B580DAF8001029B196
:20DF0000019B944278EB0303C0F2BA80B9F1000F40F08F80ACEB00004FF001093B68D7F8F0
:20DF20000CB00419034448EBE0783B603846FFF783FEFA68B2EB0B0278D0012A00F3A8800C
:20DF4000931CD8BF0122FB69D31840F1AA806B1E980740F0A080642193FBF1F001FB103303
:20DF6000002B40F09B804FF4C87305F26B7595FBF3F103FB1155002D40F26D1318BF4FF405
:20DF8000B673FB61164451E040F26D1284E74FF4B77281E784D0452340F26D1C64214FF442
:20DFA000C87012E062BB93FBF1F201FB123252BB03F26C7292FBF0FE00FB1E22002A14BFD6
:20DFC00062464FF4B772B61A013B9D4203F00302E8DBDAB9642295FBF2F302FB1353C3B91A
:20DFE00005F26C734FF4C87293FBF2F102FB1133002B40F26D1308BF4FF4B773F61A4FE7C5
:20E0000040F26D12DFE74FF4B772DCE740F26D13F4E74FF4B773F1E700F078F800287FF48D
:20E0200057AFB9F1010FA8BF4FF00109B9F1010F59D1DAF850301C1948EBE3784FF001092E
:20E0400000F014F90436072396FBF3F3C3EBC303F61A4ED4C7F82090BE612046414603B014
:20E06000BDE8F08F091A4FEAE0736BEB030E8C4278EB0E0ED5DBDAF8001000293FF440AF3C
:20E08000B9F1000F2DDDA0EB0C004FF0000945E74FF0FF3257E74FF4B67372E740F26D138D
:20E0A0006FE7A90717D1642095FBF0F100FB1151A1B94FF4C87105F26C7595FBF1F001FB05
:20E0C0001055002D40F26D1108BF4FF4B7718B42A8BF5B1A55E740F26D11F8E74FF4B771ED
:20E0E000F5E74FF00009DAF828301C1948EBE378A6E70736AEE74FF0FF34A046ADE700BF05
:20E10000C4390300805101003848FF1F2DE9F047044602F0F5FA40F2B1739C4240F3998097
:20E120006FF4F667E519A4F2B27340F26D12AD1002FB03556FF4C86C6FF06302A4F26D73D2
:20E14000454F93FBF2F31D444FF4C87204EB0C034460B3FBF2F301461D4400F1500C0B7A2B
:20E160004A694A2B33D1A60705EB020306D14FF0640E94FBFEF60EFB164636B94FF4C87EE9
:20E1800094FBFEF60EFB1646FEB93B2AD4BF002201221344013B8A69D617C3FB07268B6A50
:20E1A000D21846EBE373C1E9082328318C45D6D1D0E90843D0E912128C429341B4BF01232E
:20E1C000002303600120BDE8F0870022E1E7442B01D1AB18DFE7A30705D1642694FBF6F346
:20E1E00006FB13437BBB4FF4C87394FBF3F603FB1646B6FA86F67609DFF860E0D1F80C901B
:20E200004FF0300A2B464FF000080AFB06E608F10108C14556F828E017DC03F1040807265E
:20E2200098FBF6F6C6EBC606A8EB0606921B0E6906F1FF3648BF0732C6EBC6063244724509
:20E2400005DA1344A7E70126D6E77344DFE7073AF5E70020B7E700BF80510100203A0300D0
:20E26000014800F047BA00BF4048FF1F014800F043BA00BF4048FF1F014B186800F002B8EE
:20E28000500BFE1F2DE9F04F8DB0074602F038FABC49BD4D0446384600F028FE064610BBFF
:20E2A000BA4BBB4A1860BB4BA0621860BA4B2065C3E900224A2100220023C4E90300C4E9F7
:20E2C0000500C4E90D00C4E90F00C4E90823C4E912232868217284F83010FEF793FB2E6019
:20E2E0000DB0BDE8F08F2968002940F08E802868FEF788FB304600F021FA411C3846FEF7EC
:20E30000ABFB2860002840F08680A24ADFF88882DFF878A200231360A04ACAF80030002021
:20E320000021C8E90022C4E90333C4E90533C4E90801C4E90D33C4E90F33C4E912014A2263
:20E340002272A36284F83020236533783A2B08BF013633783C2B62D1751C914A91490AAB82
:20E360002846FFF7BDFA0028BADD0A9BDA1E072AB6D8EB5C3E2BB3D102360A9BF518F35CFA
:20E380002D2B5AD101354FF0FF390023ADF81E30ADF8203008AF0AABCDE9013703930DF154
:20E3A0001E03009380490AAB07AA2846FFF798FA002895DDBDF81E30BDF820603C2202FB57
:20E3C0000366BDF81C304FF4616202FB03660A9B09FB06F605EB0309EB5C3C2B40F0EE807A
:20E3E00009F10105714A6F490AAB2846FFF778FA002828DC99F801303E2B24D1684BA66218
:20E40000C8E90033CAF800606AE700F077F900287FF46DAF64E7314600F07AF975E7604A63
:20E4200063490AAB3046FFF75BFA00287FF758AF0A9B033B072BA0D952E72B2B08BF0135FB
:20E440004FF00109A1E70A9BDA1E072A3FF648AFEB5C3E2B7FF444AF09F102090A9B09EB3D
:20E46000030519F803302D2B40F0B78001354FF0FF390023ADF81C30ADF81E30ADF82030E8
:20E480000A930AABCDE9027301930DF11E03009345490AAB07AA2846FFF722FA002800F32A
:20E4A000A280A6F5616304930A9B27461D444FF0000B2B782C2B08BF013595F80090B9F1C9
:20E4C0004D0F40F0A3800AAB0DF12602CDE9013209AA0092374903930DF122022846FFF7E8
:20E4E000FFF903287FF4FCAEBDF822104B1E0B2B3FF6F6AEBDF82420531E042B3FF6F0AE11
:20E50000BDF82630062B3FF6EBAEC7E9031287F808907B610A9B05EB030900254FF002032F
:20E52000ADF81C30ADF81E50ADF820500A9599F800302F2B40F096800AAB08AACDE9013272
:20E540000DF11E0200921C49039307AA4846FFF7C7F9A84200F386804A2100220023C4E9DB
:20E560000355C4E90555C4E90823C4E90D55C4E90F55C4E912232172A56284F83010256582
:20E58000AEE600BF843A03001848FF1F3448FF1F873A03003848FF1FDC09FE1FBD3C0300EF
:20E5A0002848FF1F8B3A0300C03A03001C48FF1F9E3A0300AC3A0300BF3A03003E4A3F49B6
:20E5C0000AAB4846FFF78CF900287FF717AF0A9B033B072B7FF642AF82E62B2B08BF0135E3
:20E5E0004FF0010945E7BDF81E20BDF820303C2101FB0233BDF81C204FF4616101FB0233F9
:20E6000009FB03F34FE74FF0010B52E7B9F14A0F06BF01354B4644230A220BA9284605936A
:20E6200001F0B0F9DDF82C90059BADF82600A94514D14D23BBF1000F07D123720321022390
:20E64000C4E90313C4F814B067E784F830300B220123C4E90D230023E3635EE780B23B7292
:20E6600078615AE7BDF81E20BDF820303C2101FB0233BDF81C204FF4616101FB0233BB61B7
:20E680000A9D28374D44BBF1000FBCD0049B23650B4BC8F800306068074BA662C8F8043019
:20E6A000FFF734FDA26A236DCAF800209B1A054A18BF0123136013E61C48FF1F9E3A0300ED
:20E6C0002848FF1F3848FF1F38B5064D0023044608462B60FAF7EEFB431C02D12B6803B135
:20E6E000236038BD3C48FF1F014B1868704700BF500BFE1F704770477047704710F8012B36
:20E7000011F8013B012A28BF9A42F7D0D01A7047034611F8012B03F8012B002AF9D170470E
:20E720000A44914200F1FF3300D1704710B511F8014B03F8014F9142F9D110BD034613F8EA
:20E74000012B002AFBD1181A01387047FFFFFFFF9FED010B704700BF000000000000F87FF4
:20E7600010B591FBF2F402FB14110460416010BD38B50546002941D051F8043C0C1F002B1D
:20E78000B8BFE418FEF7E8F91D4A136833B9636014602846BDE83840FEF7E4B9A34208D948
:20E7A000206821188B4201BF19685B6809182160EDE71A465B680BB1A342FAD911685018D9
:20E7C000A0420BD120680144501883421160E0D118685B68536008441060DAE702D90C23E2
:20E7E0002B60D6E7206821188B4204BF19685B68636004BF091821605460CAE738BD00BFFB
:20E80000DC46FF1F0369B3EB611F2DE9F0434FEA611204DC002303610023436130E000F10A
:20E82000140411F01F0104EB830604EB82050CD100F110072946B14230D39B1A9B00EA1E0F
:20E84000964238BF0023234415E054F82270C1F12008CF4005F1040EA1467645F44611D8D6
:20E860009A1A9200043A0135AE4238BF0022A318A75007B104331A1B9210A3420261CBD07A
:20E88000BDE8F083DCF800C00CFA08FC4CEA070749F8047B5EF8047BCF40DEE751F804CBFD
:20E8A00047F804CFC7E7A0F13003092B02D82038C0B27047A0F16103052B01D84738F7E7EA
:20E8C000A0F14103052B01D82738F1E7002070472DE9F04F85B08A4602930B680190904683
:20E8E0009C1CA14614F8010B3028FAD0A9EB0303A3F1020BFFF7D7FF0546002868D1A049A3
:20E9000001224846FFF779F80746002867D199F801002646FFF7C7FF002862D02346187825
:20E920003028994603F10103F9D0FFF7BCFFB0FA80F56D094FF0010B4A4616460132307887
:20E94000FFF7B1FF0028F8D18D4901223046FFF754F800283FD144B9741C224616460132B3
:20E960003078FFF7A0FF0028F8D1A41BA700337803F0DF03502B3ED173782B2B33D02D2B5D
:20E9800034D0711C00240878FFF78DFF431EDBB2182B30D8A0F1100211F8010FFFF783FF53
:20E9A00000F1FF3C5FFA8CFCBCF1180F4FF00A031ED904B152421744CAF80010EDB1BBF173
:20E9C000000F0CBF06250025284605B0BDE8F08F00252C46B0E7002CC7D12746C7E74E4625
:20E9E0002F460125C3E70024B11CCCE70124FBE703FB0200CEE73146DEE7A6EB0903013B5D
:20EA00002946072B0ADC019800F08AFA044640B95C4B0246E4215C48FAF792F801315B106F
:20EA2000EFE700F1140A002355469B46B14537D345F804BBA5EB0A05AD102561584600F0E6
:20EA400061FB6D01D8F800602D1AB54254DDAD1B2946204600F0F9FE814678B16B1E5911E6
:20EA600003F01F025AF821104FF0010909FA02F20A4203D04B4536DC4FF0020929462046DF
:20EA8000FFF7C0FE2F44D8F80830BB4242DA0198214600F085FA0E9A00231360A32593E73F
:20EAA00016F8012D2E2A12D0202B04D145F804BB4FF0000B5B4630780393FFF7F4FE039B15
:20EAC00000F00F0098404BEA000B0433AEE7B145EAD82B49039301223046FEF78EFF039BD8
:20EAE0000028E1D1A2E7A91E204600F0AEFE0028C2D04FF00309C1E709DA751B21460198CA
:20EB00002A4600F069FC7F1B044600F1140A4FF00009B8E7D8F80450BD426FDDED1BAE42EF
:20EB200034DCD8F80C30022B22D0032B24D0012B15D1AE4213D1012E0BD1029AD8F80430E7
:20EB4000136001232361CAF800300E9B62251C603AE7711E204600F078FE0028EDD1019801
:20EB6000214600F01DFA0E9A0023136050252BE70F9B002BF3D1E0E70F9B002BDDD1EEE7AA
:20EB8000E3370300DA3A0300EB3A03006F1EB9F1000F30D127B13946204600F056FE81460A
:20EBA0007A1101235AF8222007F01F07BB4013422946204618BF49F00209FFF723FED8F8CE
:20EBC0000470761B0225B9F1000F47D0D8F80C30022B15D0032B17D0012B09D119F0020FE6
:20EBE00006D0DAF8003049EA030919F0010F0ED145F0100532E04FF00109D1E70125E2E7BA
:20EC00000F9BC3F101030F930F9B002BF0D0D4F810B004F114034FEA8B0A03EB8B014FF03C
:20EC2000000C184653F8042BB2F1FF3F1BD001320260022D04F114033CD1D8F80020013A1C
:20EC4000B24209D17111012253F8213006F01F0602FA06F61E423AD145F020050E9B1C60A8
:20EC6000029B1F60B0E6994243F804CCD9D8A3689B4517DB61680198013100F051F98146D9
:20EC800018B91A4B02468421C5E62269023204F10C0192000C30FFF743FD2146019800F0F1
:20ECA0007FF94C4623695A1C04EB8303226101225A61BEE722695A450BDD01212046FFF73D
:20ECC000A1FDD8F808300137BB42FFF6E0AE0125C2E716F01F06FAD05344C6F1200653F853
:20ECE000040C00F00FFAB042E7DBF0E7DA3A0300C2F10802920070B5C2F120064368046805
:20ED000003FA06F52C43D340046040F8043F8842F4D370BD30B50368013311F8014B14B936
:20ED20000360012030BD13F8012BA2F14105192D98BF2032A242F0D00020F3E72DE9F04F70
:20ED40000B6801685E1102EB860613F01F0387B018BF04360025371F82469046019346F897
:20ED6000045CB9463C460295AB464A784B1C039342B3104605910492FFF795FD002851D122
:20ED8000049A0599202A18D8029B9B4513DD4C4506D2072D04DC2A4649462046FFF7A8FF11
:20EDA000444552D90023A4F1040944F8043CCDF808B04C461D460399D7E7292A57D10231E4
:20EDC000CAF80010BBF1000F51D04C4506D2072D04DC2A4649462046FFF78AFF444536D98C
:20EDE000A8F10402234653F8041B42F8041F9F42F9D23B1B23F0030304330134033EB44286
:20EE000088BF04234344002243F8042B9F42FBD23B681BB9474528D101233B60052007B02C
:20EE2000BDE8F08F0135082D0BF1010B06DD4445C1D9002344F8043C0125043C226800F0B6
:20EE40000F0040EA02102060B5E70825B3E7019B002BDDD0C3F120034FF0FF32DA4056F861
:20EE6000043C134046F8043CD2E7043FD0E70420D5E7FFFF2DE9F84FDFF86CA00646894695
:20EE8000174601F051FDDAF8004034B14B46984613F8012B3AB13D2AF9D1304601F04AFD6F
:20EEA0000020BDE8F88FA8EB0908A34654F8040B0028F2D042464946FEF79FFD0028F4D19F
:20EEC00054F8043C03EB080513F808303D2BECD1DAF80030ABEB03039B1030463B6001F0F8
:20EEE00029FD681CDDE700BFF80BFE1F07B501AAFFF7C0FF03B05DF804FB82B001B901A90C
:20EF000042B14BB113780B601278101E18BF012002B070471046FBE76FF00100F8E7FFFF7E
:20EF200070B5C66904460D4676B91020FDF762FD0246E06120B9184B18486B21F9F700FE8F
:20EF4000C0E901660660C660E669F36883B1E369DB6853F82500B8B9012101FA05F6721D20
:20EF60009200204601F0CCFC60B1C0E901560EE021220421204601F0C3FCE369F060DB6884
:20EF8000002BE4D1002070BD026843F825200023C0E90333F7E700BF49390300543B0300A4
:20EFA00070B5C66905460C4676B91020FDF722FD0246E86120B9094B09488F21F9F7C0FD82
:20EFC000C0E901660660C6603CB1EB696268DB6853F82210216043F8224070BD49390300FA
:20EFE000543B03002DE9F0410D6907460C461E4601F1140C0020DCF8003099B202FB0161DF
:20F000001E0C0B0C02FB063389B2013001EB034185424CF8041B4FEA1346ECDC0EB3A3688D
:20F02000AB4219DC616838460131FFF779FF804628B902460C4B0D48BA21F9F781FD226998
:20F04000023204F10C0192000C30FFF769FB21463846FFF7A5FF444604EB850301355E61DD
:20F0600025612046BDE8F081DA3A0300543B03002DE9F8430C4615461F46092208330646D0
:20F0800093FBF2F3002101229A4209DB3046FFF747FF40B90246194B1948D321F9F750FD10
:20F0A00052000131F0E7089B4361092D4FF00103036116DD04F10909C8462C4418F8013B0D
:20F0C0000146303B0A223046FFF78CFFA045F5D1A5F108044C442D1B6319BB4204DBBDE839
:20F0E000F8830A340925F6E714F8013B0146303B0A223046FFF776FFEEE700BFDA3A03009A
:20F10000543B0300B0F5803F034636BF030400201020B3F1807F3CBF1B020830B3F1805FEE
:20F120003CBF1B010430B3F1804F03D3002B0ADB013070479B0001D5023070475B0001D5B8
:20F1400003307047202070470368024613F007000BD0D90721D4980749BF5B089B08012093
:20F1600013605CBF13600220704799B209B91B0C1020D9B209B908301B0A190704BF1B09A0
:20F180000430990704BF9B080230D90703D45B0800F1010003D013607047002070472020E3
:20F1A0007047FFFF10B50C460121FFF7B9FE024628B9054B054840F24511F9F7C1FC012395
:20F1C0004461036110BD00BFDA3A0300543B03002DE9F04F14460A6923699A42A8BF234697
:20F1E0000F46A4BF0C461F46D4F810A0D7F81090A36861680AEB0906B34285B0B8BF01310A
:20F20000FFF78EFE30B90246444B45484FF4B171F9F796FC00F1140505EB86082B4600221D
:20F22000434521D307F1140104F1140202EB8A0201EB89030293131B153B23F003030433E6
:20F2400004F11507BA4238BF04230193029B03918B420CD8002E03DD58F8043D002B5BD018
:20F26000066105B0BDE8F08F43F8042BD8E7B1F800A0BAF1000F24D004F1140EA9464FF0E9
:20F28000000C5EF8047BD9F800301FFA87FB9BB20AFB0B334FEA174BD9F8007063444FEAA5
:20F2A000174C0AFB0BC707EB13479BB243EA0743724549F8043B4FEA174CE2D8019B45F89E
:20F2C00003C0039BB3F802900431B9F1000F21D02B6804F1140CAE464FF0000ABCF800B068
:20F2E000BEF8027009FB0B7757449BB243EA07434EF8043B5CF8043B4FEA134ABEF800306D
:20F3000009FB0A3303EB174362454FEA134AE5D8019FEB51043599E7013E9BE7DA3A0300FD
:20F32000543B03002DE9F843154612F0030207460E4607D0254C013A002354F82220FFF7BD
:20F3400051FE0646AD103DD0FC697CB91020FDF751FB0246F86128B91D4B1E4840F2B311F8
:20F36000F9F7EEFBC0E901440460C460D7F81C80D8F808404CB940F271213846FFF712FF6D
:20F380000023C8F80800044603604FF00009EB070AD5314622463846FFF71AFF3146804613
:20F3A0003846FFF7FDFD46466D100BD0206838B9224621463846FFF70BFF2060C0F800906D
:20F3C0000446E4E73046BDE8F88300BFB83B030049390300543B03002DE9F0470C46496866
:20F3E000236903EB6218A368074691464FEA621A08F10106B3420BDB3846FFF791FD05460D
:20F4000048B90246284B29484FF4EF71F9F798FB01315B00EEE7002300F1140100F110020B
:20F420001846534533DB20692AEAEA7A04F1140319F01F0901EB8A0103EB800C2BD0C9F1E4
:20F44000200E8A460022186800FA09F010434AF8040B53F8042B9C4522FA0EF2F3D8ACEB9C
:20F460000403153B23F00303043304F11500844538BF0423CA500AB108F10206013E384661
:20F480002E612146FFF78CFD2846BDE8F08742F8040F0133C5E7043953F8042B41F8042F1D
:20F4A0009C45F9D8EAE700BFDA3A0300543B03000A6903460069801A30B50ED11433143152
:20F4C00003EB820401EB820154F8045D51F8042D954203D005D24FF0FF3030BDA342F3D39B
:20F4E000FBE70120F9E7FFFF2DE9F74F89460646114648461446FFF7DBFF051E12D1294630
:20F500003046FFF70DFD024628B93F4B40F237213E48F9F715FB0123C0E90435104603B0A3
:20F52000BDE8F08FBCBF4B46A1463046D9F80410BABF1C4601250025FFF7F2FC024618B936
:20F54000314B40F24521E3E7D9F810702669C56009F1100309F1140504F1140E00F1140B81
:20F5600005EB87080EEB86060193D9464FF0000C019B5EF8040B53F804AF01931FFA8AF360
:20F58000194683B2CB1A000C6344C0EB1A4000EB23409BB243EA0043764549F8043B4FEABB
:20F5A000204CE5D8331B153B23F0030315340433A64238BF04231D445B441E462C46444586
:20F5C0000ED308F10301491B21F00301033DA84538BF00210B4453F8041D91B117619DE796
:20F5E00054F8041BE646080C1CFA81FC714400EB2C4089B241EA004146F8041B4FEA204C18
:20F60000DDE7013FE7E700BFDA3A0300543B030082B08DED000B019A0F4B1340A3F150735A
:20F62000002B08DC5B42B3F1A07F4FEA235204DA4FF400231341002208E0A2F114031E2B18
:20F64000DABF4FF00042DA40012200231946104641EC100B02B070470000F07F2DE9F04114
:20F66000066900F1140808EB8606371F56F8042C1046FFF747FDC0F120030A280B601B4956
:20F6800015DCC0F10B0C22FA0CF3B84543EA010534BF56F8083C0023153002FA00F023FA70
:20F6A0000CF303431C4645EC104BBDE8F081B8453ABF56F8083CA6F1080700230B3812D08B
:20F6C000C0F1200123FA01F482402243474542F07F558CBF57F8042C00228340CA4045F49B
:20F6E00040151343DEE742EA0105DBE70000F03F2DE9F7430F46012159EC108B1646FFF77E
:20F700000FFC044630B90246234B244840F20F31F9F716FAC9F30A55C9F313030DB143F435
:20F7200080130193B8F1000323D068460093FFF70BFDDDE90012D0B1C0F1200302FA03F3A5
:20F740000B43C24063610192019BA361002B0CBF012202222261A5B1A5F2334505443D6057
:20F76000C0F135003060204603B0BDE8F0836161EAE701A8FFF7E8FC019B636120300122F9
:20F78000E8E704EB8203A0F2324038601869FFF7B9FCC0EB4210E5E7DA3A0300543B0300EC
:20F7A0002DE9F04F85B0CDE9001002A9FFF756FF009803A955EC104BFFF750FF019B1969C0
:20F7C000009B1B69C91ADDE902329B1A5BEC10AB03EB4113002BCEBF2A46C3EB03335A4688
:20F7E0002F46D946CCBF02EB035702EB03594B46524620463946FCF74FFD41EC100B05B010
:20F80000BDE8F08F013970B549111469013102F1140300EB810103EB8404051FA3420CD387
:20F82000A31A113B23F003031132A24288BF002318440023884205D370BD53F8046B45F8D0
:20F84000046FEBE740F8043BF4E700F1140200694B11984210B511DB0ADD11F01F0107D0DB
:20F8600052F8234024FA01F000FA01F18C420BD102EB8303934203D8002010BD0346F7E7FF
:20F8800053F8041D0029F5D00120F6E751F8043C181F002BBCBF0B58C01870472DE9F0436F
:20F8A000364E86460D46284615F8014B375D17F00807F8D12D2C26D12C780127851C3BBBB8
:20F8C000302C32D00A234FF0FF380026B8FBF3F803FB08F96FEA09093046A4F1300CBCF105
:20F8E000090F29D86446A34237DDB6F1FF3F07D080452FD301D1A1452CDB00FB03400126A5
:20F9000015F8014BE9E72B2C04BF2C78851CD6E7102BD8D1302CD6D1287800F0DF005828CC
:20F92000D1D16C7810230235CDE72B7803F0DF03582BF6D00823C6E7A4F1410CBCF1190FD3
:20F9400001D8373CCFE7A4F1610CBCF1190F04D8573CC8E74FF0FF36D2E7731C06D12223D8
:20F96000CEF80030304632B9BDE8F08307B14042002AF9D006B1691E1160F5E749380300DC
:20F98000FFF78CBF13460A46014602480068FFF785BF00BF500BFE1F0346084641B1FF2A61
:20F9A00004D98A221A604FF0FF3070470A70012070472DE9F0478E681F46BE420B688246EA
:20F9C0000C4690462DD8B1F90C2012F4906F26D06569096905EB4505A3EB010905EBD575DD
:20F9E0007B1C4B446D109D4238BF1D46530527D52946FDF731F8064660B321694A46FEF7DD
:20FA00008FFEA38923F4906343F08003A381266165614E44A5EB09052660A5603E46BE42BD
:20FA200000D93E4620683246414600F04EFEA3689B1BA3602368334423600020BDE8F08721
:20FA40002A46FDF79DF806460028E0D121695046FEF78EFE0C23CAF80030A38943F0400324
:20FA6000A3814FF0FF30E9E72DE9F04F98468B891B069DB007460D46144610D50B6973B9F0
:20FA80004021FCF7E9FF2860286130B90C233B604FF0FF301DB0BDE8F08F40236B610023B5
:20FAA000099320238DF82930CDF80C803023DFF89C818DF82A304FF0010923469A4613F875
:20FAC000012B0AB1252AF9D1BAEB040B0BD05B46224629463846FFF76CFF013000F0A780F8
:20FAE000099A5A4409929AF80030002B00F09F8000234FF0FF32CDE905230AF1010A049320
:20FB000007938DF853301A935446052214F8011B4E4800F0A5FE049AD8B9D00644BF202339
:20FB20008DF85330110744BF2B238DF853309AF800302A2B15D0079A544600204FF00A0CA0
:20FB4000214611F8013B303B092B4BD9B0B1079214E0A0EB080309FA03F313430493A246E4
:20FB6000D2E7039B191D1B680391002BBBBF5B4242F0020207930793B8BF049223782E2B34
:20FB80000AD163782A2B32D1039B1A1D1B68039243EAE37302340593DFF8C0A02178032224
:20FBA000504600F05DFE38B1049BA0EB0A004022824013430134049314F8011B24488DF8E8
:20FBC0002810062200F04CFE002836D0214B1BBB039B073323F0070308330393099B33443A
:20FBE00009936AE70CFB02320C460120A8E700230134059319464FF00A0C204610F8012B9D
:20FC0000303A092A03D9002BC6D00591C4E70CFB012104460123F0E703AB00932A460E4BF1
:20FC200004A93846AFF30080421C0646D6D1AB895B063FF52DAF09982CE703AB00932A461C
:20FC4000054B04A9384600F047FAEDE7B83C0300C23C030000000000B3F90200BE3C030081
:20FC600038B54B1C144603D14FF0FF35284638BD938923F0200393815368526BCDB28AB194
:20FC8000A26B9A4208DD23685A1E226003F8015C636801336360E9E7214600F0DCFC0028D0
:20FCA000F1D0E1E72169226841B1914206D212F8011CA94202D1013A2260EAE7C4E90F23B8
:20FCC00004F1440363630323A363234603F8465F23600123DEE710B50C46496B69B104F1A7
:20FCE0004403994201D0FEF743FD236C63600020606313B1E36B236010BD23692360002313
:20FD00006360A38943F02003A3814FF0FF30F3E72DE9F0470C46ADF5227D0021CDE9441126
:20FD2000A649A0910DF10408A549A64FCDF818810646A19100931378002B00F05A81F95C71
:20FD400011F0080102F1010519D06368002B0FDD23681A78BA5C120701D42A46EBE7459A93
:20FD60000132459262680133013A62602360ECE7A19B2146304698470028E9D0EDE7252B2B
:20FD800012D099466368002B40F39380226813784B4540F02E816368013B6360459B013205
:20FDA000013322604593D8E74191439153782A2B02BF1023951C41930A22A94619F8011B6F
:20FDC000A1F13003092B1ED9DFF8FCA10322504600F046FD38B1419AA0EB0A000123834091
:20FDE000134341934D4615F8013B782B06D8572B10D8252BC5D057D8002B65D0032347939E
:20FE00000A2342936BE0439B02FB0311303943914D46D2E7A3F15802202AEFD801A151F833
:20FE200022F000BF13FF0200FDFD0200FDFD020035FF0200FDFD0200FDFD0200FDFD0200BB
:20FE4000FDFD0200FDFD0200FDFD0200FDFD02004BFF020031FF0200AFFE0200AFFE0200D6
:20FE6000AFFE0200FDFD020025FF0200FDFD0200FDFD0200FDFD0200FDFD02005BFF020065
:20FE80002DFF0200CFFE0200FDFD0200FDFD020057FF0200FDFD020031FF0200FDFD0200EB
:20FEA000FDFD020013FF0200453B022BA6D8052314E0A19B21463046984700283FF466AF83
:20FEC0004498002840F08D804FF0FF308DE0419B43F40873419310234293042347936368D0
:20FEE000002B48DD419B590604D423681A78BA5C120747D4479B022B56DC6B46224641A9F4
:20FF0000304600F015FA012873D002287FF425AFD6E7419A42F40072419210226E2B4292DD
:20FF200002D9DAE7002342930323D7E70823D3E70A22F3E72946404600F054FB419B43F01B
:20FF40004003419305460123C8E7419B43F0400341930023C2E70223C0E74198C3063FF5D8
:20FF6000FCAE009B459A191D00911B68C0074CBF1A801A60F1E6A19B214630469847002836
:20FF8000B0D09DE7459A013245926268013A002A626002DD01332360A7E7A19B2146304646
:20FFA00098470028A1D08BE7042B0FDC6B46224641A9304600F016FAA5E700BF61FC02001A
:20FFC000D7FC020049380300BE3C03000A4B002B3FF4C3AE6B46224641A93046AFF300800C
:20FFE00091E7A3895B063FF56FAF0DF5227DBDE8F0874498F9E700BF000000002DE9F04725
:020000040003F7
:20000000164698468A680B69DDF820909342B8BF1346336091F8432007460C460AB1013309
:2000200033602368990642BF336802333360256815F0060506D104F1190AE36832689B1A79
:20004000AB4226DC94F843302268003B18BF012392062BD404F1430241463846C8470130DC
:200060001ED02368226903F00603042B02BFE5683368ED1AA3680CBF25EAE5750025934268
:20008000C4BF9B1AED1800261A34B5421AD1002008E00123524641463846C847013003D1F0
:2000A0004FF0FF30BDE8F0870135C6E7E1185A1C302081F84300224494F8451082F8431044
:2000C0000233C7E70123224641463846C8470130E6D00136D9E7FFFF2DE9FF470F7E0C9E2E
:2000E000782F914680460C469A4601F1430207D8622F0AD8002F00F0DD80582F00F0C380CB
:2001000004F1420684F842703AE0A7F16303152BF6D801A151F823F0710103008501030052
:20012000010103000101030001010300010103008501030001010300010103000101030013
:20014000010103009B02030013020300530203000101030001010300BD02030001010300B9
:200160001302030001010300010103005B02030033681A1D1B68326004F1420684F84230EB
:200180000123A8E031682368081D30601E0601D50D6803E05D06FBD5B1F900506168002D65
:2001A00078DA2D20002984F84300A1602DDA5E486D420A231646B5FBF3F103FB1157C75DB4
:2001C00006F8017D2F46BB420D46F4D9082B0BD12368DF0708D5236961689942DEBF302394
:2001E00006F8013C06F1FF36921B2261CDF800A04B4603AA21464046FFF700FF01306FD172
:200200004FF0FF3004B0BDE8F08723F004032360CDE721683368080653F8045B02D449064E
:2002200048BFADB26F2F4048336014BF0A230823002184F843106668A660002EBADB216864
:2002400021F004012160002DB4D1002EB2D11646BCE7236843F0200323603448782784F8AA
:200260004570236831681F0651F8045B02D45F0648BFADB23160D90744BF43F020032360EA
:200280001DB11023D4E72848E9E7236823F020032360F6E724480A23CDE733682568616902
:2002A000181D30602E061B6801D5196002E06806FBD5198000232361164697E733681A1D67
:2002C00032601E6862680021304600F0C9FA08B1801B606063682361002384F8433085E711
:2002E0002369324649464046D047013088D023689B0714D4E068039B9842B8BF184681E733
:200300000123324649464046D04701303FF478AF0135E36803995B1AAB42F1DCEAE7002548
:2003200004F11906F5E700BFC93C0300DA3C03002DE9F84315468A6880460C4632B98A6959
:20034000002A14BF4FF0FF3201228A602268DFF89090D1065FBF1A68111D196016680027DF
:20036000A06988B1012807D12B681A7863699B5C53B9002F31D022E0022820D12B681B78D3
:2003800019F803301B071AD42368DA065EBF2B681B7806F8013B2A686B6801322A60A268F5
:2003A000013B013A6B600137A26042B1002BD7DCD4F880312946404698470028D0D023684C
:2003C00013F0100305D1E2680132E260A26902B1337023693B4423610020BDE8F88300BF83
:2003E000493803002DE9F04F98467A4B0C468246164693E8070087B003AB83E80700764B71
:20040000A169764A032908BF1A46A36801925A1EB2F5AE7F88BF6FF4AE75274682BF03EB6C
:20042000050940F25D13A36057F81C3B43F4506398BF4FF0000923603D464FF0000B3168F1
:2004400003AB097853F82B00022200F009FA002840D0BBF1010F12D162682AB922680821A9
:2004600042F4007261602260226822F4A0622260A268511EA160DAB94FF0020BDFE7BBF1A2
:20048000020F06D0A268511EA1608AB94FF0010BD5E7226802F4C061B1F5007F1FD142F4C5
:2004A00080722260A26810216160511EA160B2B13268511C3160127805F8012B7268013A99
:2004C000002A726006DCD4F88021314650469047002874D10BF1010BBBF1030FAFD163686F
:2004E0000BB90A23636063683D496069C91A00F079F84FF0000BA368226873B33168606983
:2005000091F800C010F80C0038B3BCF1300F16D1100514D50BF1010BB9F1000F03D00133FA
:2005200009F1FF39A3607368013B002B73600DDD336801333360A368013BA360DBE722F403
:20054000106222600B7805F8013BECE7D4F880313146504698470028EDD02368D9050DD57F
:20056000BD4209D915F8011CD4F87C3132465046984705F1FF394D46BD4228D0226812F0C6
:20058000100213D12A706368019E39465046B047D8F8003021681A1DC8F8002011F0200F85
:2005A0001B680FD01860E3680133E3602369ED1B5D442B442361002007B0BDE8F08F4FF03D
:2005C000000BCAE7CA074CBF18801860EBE70120F2E700BF083D03003D0A030081F90200DA
:2005E000FB3C030070B50B7804465E2B0BBF4B784A1C8A1C002108BF0121013804F1FF0571
:2006000000F8011FA842FBD10BB9501E70BD81F00101E1541046024612F8015B2D2D05D0D2
:200620005D2D16D0002DF1D02B46F2E746785D2EFAD0B342F8DC02301A4601329642A154A4
:20064000FBDCF21A013A5D1CB342A8BF0022AB18E1E71046DAE72DE9F0410C46496B04F1A1
:20066000440399421DD14FF48061FCF7F5F918B94FF0FF30BDE8F0814FF48063A36394F858
:200680004630606380F8FF3394F8453080F8FE3394F8443080F8FD3300F2FD302060002066
:2006A000E8E7A66B77003A46FCF76AFA05460028DED000EB0608014632464046FEF730F890
:2006C000C4E90D57C4F80080E9E7884210B501EB020402D98442234607D8431EA14208D077
:2006E00011F8012B03F8012FF8E7024401468A4200D110BD13F8014D02F8014DF7E7FFFF47
:2007000000487047A00BFE1F2DE9F0414D4A0C460023D0E90001FBF7BDFF002ABCBF02F5BB
:20072000A83202F5C0724FF4616100F52F20B2FBF1F301FB13224FF03C01ACBF00F66C2042
:2007400000F66B20A360B2FBF1F301FB132263602260C31C072293FBF2F2C2EBC2029B1A6E
:20076000394955D50733A361A0F50E33A3F52C7393FBF1F1354B03FB010048F6AC63B0FB9B
:20078000F3F3034440F2B45CB0FBFCF29B1A40F26D172F4AB0FBF2F264269B1AB3FBF7F208
:2007A000B3FBFCF3B2FBF6F5EB1A034407FB1233992003EB8307023703F1010EB7FBF0FC66
:2007C00000FB0CF002304FF00508B0FBF8F0AEEB000040F2F95E77458CBF6FF00907022750
:2007E00067444FF4C87C0CFB0121012F98BF0131B3F5997F12D3A3F59973E361A1F26C71E8
:200800000023E060C4E9047123622046BDE8F0810028A361A8DB90FBF1F1ABE712F0030F90
:2008200002D106FB15255DB94FF4C875B2FBF5F605FB1622B2FA82F252093B331344DCE741
:200840000122FAE780510100B13A02004FC5FDFFB03A0200FFFFFFFFFFFFFFFFFFFFFFFFE5
:2008600001F0FF01102A2BDB10F0070F08D010F8013B013A8B422DD010F0070F42B3F6D13E
:20088000F0B441EA012141EA014122F007047FF000070023F0E80256083C85EA010586EAEB
:2008A000010685FA47F5A3FA87F586FA47F6A5FA87F68EB9EED1F0BC01F0FF0102F00702E6
:2008C00032B110F8013B013A83EA010313B1F8D10020704701387047002D06BF3546033849
:2008E000073815F0010F07D1013015F4807F02BF013015F4C03F0130F0BC0138704700BF0D
:2009000070B5A1FB02543CB92946FCF7A5F8064628B90026304670BD0C220260F9E72A46F6
:200920002146FDF753F8F5E70148FDF7E4BE00BF4148FF1F0148FDF7E0BE00BF4148FF1FAF
:20094000242B2DE9F0478646904601D8012B06D1FDF7CAFE162303600020BDE8F08736486B
:200960000D462A4615F8014B065D16F00806F8D12D2C24D12C780126951C2BBB302C30D00F
:200980000A2306F1004C0CF1FF3C0022BCFBF3F9104603FB19CAA4F13007092F28D83C462D
:2009A000A34234DD571C07D081452DD301D1A2452ADB00FB0340012215F8014BEBE72B2C90
:2009C00004BF2C78951CD8E7102BDAD1302CD8D12A7802F0DF02582AD3D16C78102302356C
:2009E000CFE72B7803F0DF03582BF6D00823C8E7A4F14107192F01D8373CD1E7A4F1610780
:200A0000192F04D8573CCBE74FF0FF32D4E7531C08D12223CEF800306046B8F1000F9CD0F5
:200A2000691E06E006B14042B8F1000F95D0002AF6D1C8F8001090E749380300FFF780BF02
:200A40004A0011D212F5001211D20DD56FF47873B3EB62520ED44FEAC12343F0004343EA49
:200A6000505323FA02F070474FF00000704750EA013002D14FF0FF3070474FF000007047BE
:200A800038B50022002304460D46FBF74DFD28B920462946BDE8384000F00AB8204605F16A
:200AA000004100F005F8404261EB410138BD00BFD0B50C4B002206460F46FBF7C3FAFFF700
:200AC000BFFF0446FBF744FA074B0022FBF7BAFA02460B4630463946FBF7FCF8FFF7B0FFAB
:200AE0002146D0BD0000F03D0000F04108B553EC102BC3F30A50A0F2FF3113299C460EDC93
:200B0000002903F0004022DB134B43FA01F101EA0C01002241EA000343EC102B08BD33291C
:200B200009DDB1F5806FF9D110461946FBF7D4F841EC100B08BD6146A0F213434FF0FF3CE7
:200B40002CFA03F322EA030041EC100B08BD0022034643EC102B08BD0000F0FF00000604CA
:200B6000342E362E300000004275696C7420776974682052656E6573617320416476616EA8
:200B800063656420466C657869626C6520536F667477617265205061636B616765207665AC
:200BA0007273696F6E20342E362E3000F8B500BFF8BC08BC9E467047F8B500BFF8BC08BC91
:200BC0009E467047FFFFFFFF5FF800F00106FE1F5FF800F02D03FE1F5FF800F08101FE1F99
:200BE0005FF800F06506FE1F5FF800F09104FE1F5FF800F0F101FE1F5FF800F0A103FE1FCF
:200C00005FF800F0F107FE1F0D0A537461727420786D6F64656D20726563656976696E67CD
:200C2000000000000D0A46696C653A257300FFFF25692E25692E2569000000006E756C6C8C
:200C4000000000002564000025312E3135670000256C670025312E3137670000222200002B
:200C60007525303478000000EFBBBF0066616C73650000007472756500FFFFFF00010000CC
:200C8000204A756E20323720323032362031373A35353A32390000000D0A52544320696ECC
:200CA000697469616C697A6174696F6E206661696C65642E00FFFFFF0000C1C081C140016F
:200CC00001C3C003800241C201C6C006800741C70005C1C581C4400401CCC00C800D41CDA4
:200CE000000FC1CF81CE400E000AC1CA81CB400B01C9C009800841C801D8C018801941D904
:200D0000001BC1DB81DA401A001EC1DE81DF401F01DDC01D801C41DC0014C1D481D5401523
:200D200001D7C017801641D601D2C012801341D30011C1D181D0401001F0C030803141F103
:200D40000033C1F381F240320036C1F681F7403701F5C035803441F4003CC1FC81FD403D23
:200D600001FFC03F803E41FE01FAC03A803B41FB0039C1F981F840380028C1E881E9402903
:200D800001EBC02B802A41EA01EEC02E802F41EF002DC1ED81EC402C01E4C024802541E5A3
:200DA0000027C1E781E640260022C1E281E3402301E1C021802041E001A0C060806141A103
:200DC0000063C1A381A240620066C1A681A7406701A5C065806441A4006CC1AC81AD406DA3
:200DE00001AFC06F806E41AE01AAC06A806B41AB0069C1A981A840680078C1B881B9407903
:200E000001BBC07B807A41BA01BEC07E807F41BF007DC1BD81BC407C01B4C074807541B522
:200E20000077C1B781B640760072C1B281B3407301B1C071807041B00050C1908191405102
:200E40000193C053805241920196C056805741970055C19581944054019CC05C805D419D22
:200E6000005FC19F819E405E005AC19A819B405B0199C059805841980188C0488049418902
:200E8000004BC18B818A404A004EC18E818F404F018DC04D804C418C0044C18481854045A2
:200EA0000187C047804641860182C042804341830041C181818040404653505F5355434390
:200EC000455353203D3D2065727200002E2E2F7372632F4273702F6273705F5744542E63AA
:200EE00000FFFFFF7761746368646F675F74696D65725F696E6974007761746368646F67C0
:200F00005F636C65617200FF2A2A20525F414443305F5363616E5374617274204150492043
:200F20006661696C6564202A2A200D0A000000002A2A20525F414443305F4F70656E204132
:200F40005049206661696C6564202A2A200D0A002A2A20525F414443305F5363616E43661E
:200F60006720415049206661696C6564202A2A200D0A00002043503A253033640000000007
:200F80002D2D2D2D5B25645D000000002A2A20525F616463315F4F70656E2041504920666D
:200FA00061696C6564202A2A200D0A002A2A20525F616463315F5363616E43666720415064
:200FC00049206661696C6564202A2A200D0A00000D0A6164633120696E697469616C697A3B
:200FE00065642E0D0A0000002A2A2074696D657220696E6974206661696C6564202A2A2061
:201000000D0A00002A2A20525F616463315F5363616E537461727420415049206661696C93
:201020006564202A2A200D0A0000000070776D5F726561643A253033642000FF0D0A20462B
:201040006C61685F48505F4F70656E20415049206661696C656400000D0A20466C61685FE3
:2010600048505F537461727455704172656153656C65637420415049206661696C6564004E
:201080000D0A436C6F736520415049206661696C656420696E20426C616E6B436865636BE7
:2010A00020415049205B25785D0000000D0A466C617368206572726F725B25785D0000001D
:2010C0004572617365206572726F722025640D0A000000000D0A446F6E65212045726173AD
:2010E000653A5B307825785D2073697A653A5B307825785D206E3A5B307825785D0000007D
:201100000D0A5772697465206572723A202564000D0A636F64655F666C6173685F77726991
:2011200074655B616464723A307825787C73697A653A25785D0000000D0A646174615F6680
:201140006C6173685F77726974655B616464723A307825787C73697A653A25785D00FFFF7F
:201160000D0A69326320696E697469616C206572726F722E000000000D0A7363695F693288
:20118000635F6576656E743D5B25785D206174205B25645D00FFFFFF0D0A2E2E2E4F544101
:2011A00020446F6E652E205772697465206C617374207061636B6167653A256400000000AD
:2011C0000D0A2E2E2E4F54412077726974653A25642E00000D0A2E2E2E496D6167652D207D
:2011E0007772697465206572726F722E000000000D0A2E2E2E416C6C20646F6E652E00009E
:201200000D0A52656369657665643A20256400FF0D0A0D0A2D2D2D20506F776572206D65DA
:20122000746572207363616E696E67202E2E2E000D0A20504D5F54595045203D202530343B
:20124000580000000D0A203170682076657273696F6E20706F776572206D657465722069BD
:201260006E7374616C6C6564000000000D0A203370682076657273696F6E20706F77657262
:20128000206D6574657220696E7374616C6C6564000000000D0A204E6F7420666F756E648D
:2012A0002E0000000D0A206572726F722072656164696E67732E00FF0D0A67707420696EAC
:2012C000697469616C206572726F722E000000000D0A204750542073746F70206661696CBF
:2012E00065642C20436C6F73696E672053534920616E6420475054200D0A00000D0A2047E8
:201300005054207374617274206661696C65642C20436C6F73696E672053534920616E64D9
:2013200020475054200D0A000D0A202A2A20525F4750545F506572696F6453657420415085
:2013400049206661696C6564202A2A200D0A00000D0A202A2A20525F4750545F496E666FE2
:2013600047657420415049206661696C6564202A2A200D0A000000000D0A202A2A20525FC7
:201380004750545F447574794379636C6553657420415049206661696C6564202A2A200D21
:2013A0000A00FFFF47505420696E697469616C206572726F722E0D0A000000004750542096
:2013C0007374617274206572726F722E0D0A00FF0D0A53657420636861726765206375721A
:2013E00072656E7420746F20256400000D0A5365742050574D20746F203130302500000058
:201400000D0A257300000000253034642D253032642D2530326454253032643A253032649C
:201420003A253032640000000D0A466F756E64206C617465737420636F6D706C65746564EA
:201440002073657373696F6E2049443A256420617420706F736974696F6E202564000000C5
:201460000D0A4E6F20636F6D706C65746564206368617267696E672073657373696F6E2014
:20148000666F756E6420696E2071756575652E000D0A51756575652069732066756C6C2CAF
:2014A0002077696C6C2064656C65746520746865206F6C64657374206F6E652E5B723A25F9
:2014C000647C773A25645D000D0A53746F72652073657373696F6E20646174612E00000065
:2014E0000D0A4C6F616465642073657373696F6E7320646174612E000D0A4661696C6564B1
:201500002073657373696F6E7320646174612E20416464723A5B307825785D4B65793A5BBC
:20152000307825785D7C4352433A5B307825785D000000000D0A53746F726520636F6E6694
:20154000696720646174612E00000000253033642C0000000D0A406572726F723A25730068
:201560000D0A466163746F727920726573657420636F6D706C657465642C207265626F6FF9
:2015800074696E672073797374656D2E2E2E00FF0D0A2B2B2B2B2B2B2B2B2B2B2B2B2B2BDA
:2015A0002B2B2B2B2B2B2B2B2B2B2B2B2B2B2B2B2B2B2B2B2B2B2B2B2B2B2B2B2B0D0A0035
:2015C00075385744435F4D61696E5461736B203D2025640D0A00000075385744435F436F50
:2015E0006E74726F6C5461736B203D2025640D0A0000000075385744435F436F6D6D5461E1
:20160000736B203D2025640D0A00FFFF0D0A73697A653A25647C455350207278643A257398
:2016200000000000430000004D00000074730000616D7000747970006573760063746D0006
:20164000636B776800000000656D7074790000000D0A433A25647C4D3A25647C413A256485
:201660007C547970653A25647C6573763A253034787C74733A25737C204368617267696EF7
:201680006754696D653A202564207C2043686172696E6720456E657267793A20256400008C
:2016A0000D0A52657365742073797374656D206E6F772E000D0A2D2D2D5374617274204F8E
:2016C00054412E205B25645D000000006E4500000D0A6E65772044657669636549443A2576
:2016E00073000000432D585858585858000000000D0A446576696365494420636C656172DC
:2017000065642E000D0A2D2D2D6E65772044657669636520547970653A2564000D0A53612A
:20172000766564206E657720636F6E66696775726174696F6E2E00000D0A2D2D2D55706473
:201740006174652074696D653A2025642D253032642D2530326420253032643A253032643D
:201760003A253032640000000D0A207365742064617465206572726F722E00000D0A2073E1
:2017800065742074696D65206572726F722E00000D0A57656C636F6D6520636F6D6D616EAB
:2017A000642066726F6D204553502E000D0A2D2D2D506572666F726D696E67206661637446
:2017C0006F72792072657365742028636C656172696E6720746573742064617461292E00EE
:2017E0000D0A2D2D2D41757468656E74696361746564205354415254206661696C65642CA9
:20180000204F54412069732072756E6E696E672E00000000756964000D0A2D2D2D4175746F
:2018200068656E74696361746564205354415254206661696C6564206279204553502C200D
:201840006D697373696E67207573657249442E000D0A2D2D2D41757468656E7469636174DC
:201860006564205354415254206661696C6564206279204553502C2075736572494420634E
:20188000616E2774206265205A45524F2E0000006368746C000000000D0A2D2D2D536573F5
:2018A00073696F6E2074696D65206C696D69743A202564206D696E75746573006368656CBD
:2018C000000000000D0A2D2D2D53657373696F6E20656E65726779206C696D69743A20251E
:2018E000642E2564206B5768000000000D0A2D2D2D41757468656E7469636174656420532F
:2019000054415254206279204553502E207573657249443A256400000D0A2D2D2D41757464
:2019200068656E746963617465642053544F50206661696C65642C204F54412069732072E5
:20194000756E6E696E672E000D0A2D2D2D41757468656E746963617465642053544F502063
:201960006661696C6564206279204553502C206D697373696E67207573657249440000004D
:201980000D0A2D2D2D41757468656E746963617465642053544F50206661696C65642062F9
:2019A00079204553502C2077726F6E67207573657249443A256400000D0A20476F6C6465DC
:2019C0006E2061646D696E2073686F77732075702E0000000D0A41757468656E74696361CC
:2019E0007465642053544F50206279204553502E000000000D0A2D2D2D50696E67206672EF
:201A00006F6D204553502E000D0A2D2D2D41736B20666F7220626F6F74206D65737361671C
:201A2000652066726F6D204553502E000D0A2D2D2D53657373696F6E206461746120636F09
:201A40006E6669726D65642C2064656C6574652069742066726F6D207468652071756575D0
:201A6000652E00000D0A2D2D2D52657175657374205254206368617267696E6720646174CA
:201A8000612066726F6D204553502E000D0A2D2D2D52657175657374206C61746573742087
:201AA0006368617267696E672073657373696F6E2066726F6D204553502E00004500000070
:201AC000253034642D253032642D2530326454253032643A253032643A2530326400000060
:201AE0007374000025647C256400000025642C25642C25647C25642C25642C25640000000F
:201B0000766900006368670073650000656500004100000065727200626F6F7400000000D4
:201B2000253034780000000073760000696D747200000000706861007371747900000000F5
:201B400073657373000000007C256C6400000000253034642D253032642D253032645425C0
:201B60003032643A253032643A2530326425730062676E0066696E0064757200585800004E
:201B80000D0A53656E74205254206368617267696E672073746174757320726573706F6EF0
:201BA000736520746F204553502E00000D0A53656E74206C61746573742063686172676928
:201BC0006E672073657373696F6E20726573706F6E736520746F204553502E000D0A537466
:201BE0006174653A206368617267696E672E00000D0A53746174653A2073746F707065646F
:201C00002E0000000D0A2B2B2B72656C617920656E657267697A65642E0000000D0A2D2D65
:201C20002D72656C6179206465656E657267697A65642E000D0A41637469766174652043DB
:201C4000502C2063757272656E743A25640000000D0A446561637469766174652043502C32
:201C60002063757272656E743A2564000D0A3E3E3E203E3E3E2053746172742074696D65D6
:201C80003A2025642D253032642D2530326420253032643A253032643A25303264000000DC
:201CA0000D0A4368617267696E6720537461727465642E2053657373696F6E3A25647C542E
:201CC000696D653A256400000D0A204368617267696E672053544F505045442E20536573F4
:201CE00073696F6E3A25647C54696D653A253032643A253032643A253032647C506F7765D7
:201D0000723A2425640000000D0A3E3E3E203E3E3E20436861726765205374617274207493
:201D2000696D653A2025642D253032642D2530326420253032643A253032643A2530326400
:201D4000000000000D0A3E3E3E203E3E3E204368617267652053746F70202074696D653A7F
:201D60002025642D253032642D2530326420253032643A253032643A253032640000000035
:201D80000D0A4368617267696E672073657373696F6E20697320746F6F2073686F72742EF9
:201DA0002077696C6C2069676E6F726520697421000000000D0A53657373696F6E20697392
:201DC0002076616C6964206E6F772E000D0A53746F70206368617267696E67202D207469C7
:201DE0006D65206C696D697420726561636865643A202564206D696E7574657300000000DE
:201E00000D0A4572726F723A2053657373696F6E20706F696E746572206973204E554C4CEB
:201E200020647572696E6720656E65726779206C696D697420636865636B00000D0A576123
:201E4000726E696E673A20496E76616C696420706F776572206D6574657220726561646994
:201E60006E6773202853746172743A256C642C2053746F703A256C64292C20736B697070D8
:201E8000696E6720656E65726779206C696D697420636865636B00000D0A5761726E696E77
:201EA000673A20506F776572206D657465722072656164696E67732064656372656173654E
:201EC00064202853746172743A256C642C2053746F703A256C64292C20736B697070696E85
:201EE0006720656E65726779206C696D697420636865636B000000000D0A4572726F723A19
:201F000020456E6572677920636F6E73756D7074696F6E20746F6F206C617267652C2077F8
:201F20006F756C64206361757365206F766572666C6F77000D0A5761726E696E673A20558C
:201F40006E726561736F6E61626C6520656E6572677920636F6E73756D7074696F6E3A2014
:201F600025642E2564206B57682C206C696D6974696E6720746F203939392E39206B5768AF
:201F8000000000000D0A53746F70206368617267696E67202D20656E65726779206C696DC8
:201FA000697420726561636865643A2025642E2564206B57682028636F6E73756D65643A94
:201FC0002025642E2564206B576829000D0A53746F70206368617267696E67206E6F772C6E
:201FE00020616C72656164792063686172676564203320646179732E00FFFFFF0D0A256402
:202000002D253032642D2530326420253032643A253032643A253032640000000D0A3D3DAA
:202020003D3D3D3D3D3D3D3D3D3D3D3D3D3D3D3D3D3D3D3D3D3D3D3D3D3D3D3D3D3D3D3D00
:202040003D3D3D3D0D0A0000455620415050205625642E25647C25730D0A00003D3D3D3D04
:202060003D3D3D3D3D3D3D3D3D3D3D3D3D3D3D3D3D3D3D3D3D3D3D3D3D3D3D3D3D3D3D3DC0
:202080003D3D0D0A000000000D0A4368617267696E672073657373696F6E73206869737406
:2020A0006F7279206C6F6164206661696C65642E2057696C6C2073746172742066726F6D79
:2020C00020302E000D0A4368617267696E672073657373696F6E7320686973746F7279205F
:2020E0006C6F6164207375636365737366756C6C792E00000D0A436F6E666967206C6F6104
:2021000064206661696C65642E2057696C6C207573652064656661756C7420736574746935
:202120006E67732E000000000D0A2D2D2D5374617274204F5441206E6F772E205B25645D76
:20214000000000000D0A204E6577206669726D776172652069732072656164792C20776944
:202160006C6C207265626F6F742E00000D0A204F5441206661696C656420736F6D65686F63
:20218000772C20796F75206D61792072657472792E000000594553004E4F00000D0A6243EA
:2021A000686172676544656163746976617465643A2573000D0A6243504163746976617410
:2021C00065643A25730000000D0A6241434F75747075744163746976617465643A2573006F
:2021E0000D0A624368617267537461727465643A257300000D0A624556436F6E6E656374FA
:2022000065643A25730000000D0A6243686172676541757468656E746963617465643A25BE
:20222000730000000D0A5278643A2025780000000D0A54656D70413A2025642E2530326405
:20224000000000000D0A54656D70423A2025642E25303264000000000D0A52656C61793A45
:20226000256400000D0A6475747920737465703A256400000D0A447574793A2564000000D9
:202280000D0A536574206368617267652063757272656E7420746F202564000064652D614B
:2022A0006374697661746564000000006163746976617465640000000D0A436861726765B4
:2022C0002069732025732E0074657374000000005461675F530000005461675F4E000000C5
:2022E0000D0A57656C636F6D652E2055492077696C6C20666C61736820666F722031302001
:202300007365636F6E64732E000000000D0A466173742031207365636F6E642E2025642D0A
:20232000253032642D2530326420253032643A253032643A25303264000000000D0A536C6F
:202340006F772031207365636F6E642E2025642D253032642D2530326420253032643A2539
:202360003032643A25303264000000004F4E00004F4646000D0A4465627567206D6F646537
:202380003A202573000000000D0A52657365742073797374656D206E6F772E000D0A6773D9
:2023A000455653746174652E73455653746174653A2564000D0A42313A25647C47313A25E1
:2023C000647C52313A2564000D0A414443207261772072656164696E673A00007C56313A1D
:2023E000256400007C56323A256400007C56333A256400007C564E3A256400007C49313AB2
:20240000256400007C49323A256400007C49333A256400000D0A4861726420526573657405
:202420002045535033322E000D0A706F776572206D65746572207561727420746573742E96
:202440000000000068656C6C6F00000025303278200000000D0A2D2D2D5374617274204F2E
:2024600054412E205B25645D000000000D0A20446F204F5441206E6F772E00000D0A7265BA
:20248000616465723A25647C7772697465723A25640000000D0A52656769737465723A2546
:2024A000647C496E6368617267696E673A25647C56616C69643A2564000000000D0A2D2DDF
:2024C0002D53657373696F6E206461746120636F6E6669726D656420627920646562756738
:2024E0002C2064656C6574652069742066726F6D207468652071756575652E000D0A2D2D07
:202500002D53657373696F6E206461746120746F20736176652E00000D0A73697A653A25BF
:20252000640000000D0A73697A653A25647C2564000000000D0A206F6C64207665727369DE
:202540006F6E2E20323A3030616D202E2E2E00000D0A00007C43503A256400007C49313AF3
:2025600025646D41000000007C49323A25646D41000000007C49333A25646D410000000053
:202580007C573A25645768007C50313A256457007C505F414C4C3A25642057007C2564008C
:2025A000000000005744542054687265616400FF00000000436F6D6D2054687265616400B1
:2025C00000000000436F6E74726F6C2054687265616400FF000000004D61696E20546872D0
:2025E0006561640012FFFFFF8C09FE1FE4250300742BFF1FE8250300D82B03000001000010
:202600009C09FE1F0F00FFFF00000000FFFF0000090200000C110C120C130C140000000068
:20262000F02503004DDF010000000000FC2503000100000011C50100000000000000000059
:20264000080F08100CFFFFFFA009FE1F44260300F02BFF1F48260300D82B0300000100005E
:20266000B009FE1F0F00FFFF00000000FFFF0000040200000C0B0C0C0C0D0C0E0000000011
:202680005026030019DB0100000000005C2603000000000000000000000000000000000047
:2026A000000000000000000000000000000000000000FFFFDFDF000000000000000000005E
:2026C0000100000060CB010000000000B0E50000000A0A0055D50100000000009026030040
:2026E000000102000000DFDFFFFFFFFF01000000000009DF0DFF00002DC301000000000037
:20270000E026030000000100000000000000000000000000000000180116009D1F01FFFFC5
:2027200002000000A086010048000000010DDF0607000000000000000000000069CB0100F9
:20274000000000001827030000000100000000000000000000000000000000000000000036
:2027600000000000000000000000FFFFDFDF0000000000000000000002000000C0D4010006
:202780000000000000000000030A050071D40100000000004827030000000000000000006F
:2027A0000000000000000000000000000000000000000000000000000000FFFFDFDF00005D
:2027C000000000000000000000000000C0D401000000000060EA0000010A0400D5D4010061
:2027E000000000009827030001FFFFFFB409FE1FE8270300EC2CFF1FEC270300D82B0300DB
:2028000000010000C409FE1F0F00FFFF00000000FFFF0000000200000C000C010C020C038A
:2028200000000000F4270300B1D701000000000000280300060803030101000000000000B0
:202840000000000000000000008000000000000000800000010000000080000002000000F5
:202860000080000003000000008000000F0000000000010400010000000001040101000039
:202880000000010A020100000000010403010000040000000401000004000000050100000E
:2028A0000400000006010000040000000701000000000100080100000000010509010000E7
:2028C000000001050A010000004000000B010000000001030C010000050000000102000082
:2028E000000001040502000000000104060200000000000007020000040000000A020000A6
:2029000000000100000300004000010401030000400001040203000000000000000400001C
:20292000100000000104000010400000020400000000010508040000000001050904000007
:20294000000000000A040000000001050B0400000080000000050000008000000105000049
:2029600023000000482803007401750176017701C000D400810182014B005100B6008C016F
:202980008D018E018F0131003000AA01AB01AC01AD01000000000000000000000000000077
:2029A000000000000000000000000000000000000000000000000000000000000000000017
:2029C0000000000000000000000000000000000000000000000000000000000000000000F7
:2029E0000000000000000000000000000000000000000000000000000000000000000000D7
:202A00000000000000000000000000000000000000000000000000000000000000000000B6
:202A2000000000000000000075635356434E756D626572203C3D2033000000002E2E2F7280
:202A4000612F6673702F7372632F726D5F6672656572746F735F706F72742F706F72742E09
:202A60006300000028282875696E74385F7429203729202D20756C4D617850524947524FC0
:202A8000555056616C756529203D3D20340000002828285343425F54797065202A29202871
:202AA0002830784530303045303030554C29202B20307830443030554C2920292D3E4943E1
:202AC0005352202620283078314646554C202929203D3D2030000000757843726974696316
:202AE000616C4E657374696E67000000756C43757272656E745072696F72697479203E3D70
:202B00002075634D617853797343616C6C5072696F726974790000005F5F4E5649435F47E6
:202B200065745072696F7269747947726F7570696E672829203C3D20756C4D617850524913
:202B400047524F555056616C756500FF76506F727453564348616E646C65725F4300FFFF87
:202B600078506F727453746172745363686564756C65720076506F7274456E7465724372BD
:202B800069746963616C00FF76506F727445786974437269746963616C00FFFFFFFF00FFE5
:202BA000010203FF0403010C00091408111C101918FFFFFF060008001000180020004000D6
:202BC0006000800000018001000200040008FFFF020403040404FFFF55730200097402002B
:202BE000B9740200157602004D760200E5750200FF750200A17602005D7702000A09000080
:202C00000A0900003F0B0000EF001700E7000300010002000800100028207857616E74658D
:202C20006453697A65202620282030783030303720292029203D3D20300000002E2E2F72FF
:202C4000612F6177732F4672656552544F532F4672656552544F532F536F757263652F7068
:202C60006F727461626C652F4D656D4D616E672F686561705F342E63000000002820282019
:202C8000282073697A655F7420292070784E6577426C6F636B4C696E6B2029202620282073
:202CA00030783030303720292029203D3D20300028202820282073697A655F7420292070EA
:202CC0007652657475726E2029202620282073697A655F7420292028203078303030372039
:202CE000292029203D3D203000000000282070784C696E6B2D3E78426C6F636B53697A6551
:202D000020262078426C6F636B416C6C6F6361746564426974202920213D2030000000002B
:202D200070784C696E6B2D3E70784E65787446726565426C6F636B203D3D202828766F6966
:202D400064202A29302900FF7076506F72744D616C6C6F6300FFFFFF76506F72744672652C
:202D60006500FFFF70785175657565002E2E2F72612F6177732F4672656552544F532F46BD
:202D800072656552544F532F536F757263652F71756575652E6300007852657475726E2012
:202DA000213D2028202820282042617365547970655F7420292030202920290070785374F3
:202DC0006174696351756575650000007853697A65203D3D2073697A656F6628205175657D
:202DE00075655F742029000070784E65775175657565000070784D75746578007848616E3C
:202E0000646C6500212820282070764974656D546F5175657565203D3D202828766F6964D3
:202E2000202A2930292029202626202820707851756575652D3E75784974656D53697A653A
:202E400020213D2028205542617365547970655F7420292030552029202900002128202836
:202E60002078436F7079506F736974696F6E203D3D202820282042617365547970655F7490
:202E80002029203220292029202626202820707851756575652D3E75784C656E677468206A
:202EA000213D203120292029000000002128202820785461736B4765745363686564756C2D
:202EC000657253746174652829203D3D202820282042617365547970655F742029203020D6
:202EE000292029202626202820785469636B73546F5761697420213D20302029202900005E
:202F00006354784C6F636B20213D2028202820696E74385F74202920313237202900000029
:202F2000707851756575652D3E75784974656D53697A65203D3D20300000000021282028A7
:202F400020707851756575652D3E706348656164203D3D202828766F6964202A293029200C
:202F600029202626202820707851756575652D3E752E7853656D6170686F72652E784D75D5
:202F8000746578486F6C64657220213D202828766F6964202A293029202920290000000084
:202FA0002820707851756575652029002128202820282070764275666665722029203D3D77
:202FC000202828766F6964202A293029202920262620282028207078517565756520292D3B
:202FE0003E75784974656D53697A6520213D2028205542617365547970655F7420292030B8
:20300000552029202900000078496E6865726974616E63654F63637572726564203D3D20F6
:203020002820282042617365547970655F7420292030202900000000212820282070764255
:203040007566666572203D3D202828766F6964202A29302920292026262028207078517505
:203060006575652D3E75784974656D53697A6520213D2028205542617365547970655F7464
:203080002029203055202920290000006352784C6F636B20213D2028202820696E74385FEA
:2030A000742029203132372029000000707851756575652D3E75784974656D53697A6520C1
:2030C000213D20300000000078517565756500FF78517565756547656E6572696352657362
:2030E000657400FF78517565756547656E6572696343726561746553746174696300FFFF04
:20310000785175657565437265617465436F756E74696E6753656D6170686F7265537461CB
:203120007469630078517565756547656E6572696353656E6400FFFF785175657565526559
:20314000636569766500FFFF78517565756553656D6170686F726554616B6500765175651E
:203160007565416464546F526567697374727900707578537461636B427566666572202162
:203180003D202828766F6964202A2930290000002E2E2F72612F6177732F467265655254D5
:2031A0004F532F4672656552544F532F536F757263652F7461736B732E6300007078546151
:2031C000736B42756666657220213D202828766F6964202A293029007853697A65203D3D9E
:2031E0002073697A656F6628205443425F7420290000000028202820282075696E743332E5
:203200005F742029207078546F704F66537461636B202620282075696E7433325F742029BD
:2032200020282030783030303720292029203D3D2030554C2029000075785072696F7269EF
:203240007479203C202835290000000075785363686564756C657253757370656E64656448
:20326000203D3D2030000000707850726576696F757357616B6554696D65000028207854F4
:20328000696D65496E6372656D656E74203E20305520290075784E65775072696F72697402
:2032A00079203C2028352900785461736B000000785461736B546F526573756D6500000049
:2032C00049444C45000000007852657475726E20213D2028202D31202900000075785363A8
:2032E000686564756C657253757370656E64656400000000707854434200000028202820E9
:2033000028202820707844656C617965645461736B4C69737420292D3E75784E756D6265B6
:20332000724F664974656D73203D3D2028205542617365547970655F74202920302029201B
:203340003F202820282042617365547970655F74202920312029203A20282028204261738B
:2033600065547970655F74202920302029202920290000007578546F705072696F726974F6
:203380007900000070784576656E744C6973740075785363686564756C6572537573706592
:2033A0006E64656420213D20300000007078556E626C6F636B6564544342000075785363A9
:2033C000686564756C657253757370656E64656420213D202820282042617365547970650E
:2033E0005F7420292030202900000000707854696D654F757400000070785469636B73542F
:203400006F57616974000000707854434220213D202828766F6964202A293029000000007B
:2034200070785443422D3E7563537461746963616C6C79416C6C6F6361746564203D3D202B
:203440002820282075696E74385F742029203220290000007078544342203D3D2070784387
:20346000757272656E7454434200000070785443422D3E75784D75746578657348656C6452
:2034800000000000707854434220213D20707843757272656E745443420000007578496E85
:2034A000646578546F57616974203C20310000007578496E646578546F4E6F746966792085
:2034C0003C203100785461736B546F4E6F74696679000000785469636B436F756E74203DAF
:2034E0003D2028205469636B547970655F74202920300000282028202628207078544342CF
:203500002D3E784576656E744C6973744974656D202920292D3E7078436F6E7461696E6585
:20352000722029203D3D202828766F6964202A29302900007578496E646578546F436C658C
:203540006172203C203100FF785461736B43726561746553746174696300FFFF7072764986
:203560006E697469616C6973654E65775461736B00FFFFFF765461736B44656C617900FFD8
:20358000765461736B53757370656E6400FFFFFF7072765461736B49735461736B537573CE
:2035A00070656E64656400FF765461736B526573756D6500765461736B5374617274536355
:2035C000686564756C657200785461736B526573756D65416C6C00FF785461736B496E6349
:2035E00072656D656E745469636B00FF765461736B537769746368436F6E7465787400FF57
:20360000765461736B506C6163654F6E4576656E744C69737400FFFF765461736B506C613D
:2036200063654F6E4576656E744C6973745265737472696374656400785461736B52656D1F
:203640006F766546726F6D4576656E744C69737400FFFFFF785461736B436865636B466F53
:203660007254696D654F757400FFFFFF70727644656C65746554434200FFFFFF78546173F3
:203680006B5072696F72697479446973696E686572697400765461736B5072696F72697458
:2036A00079446973696E6865726974416674657254696D656F757400546D72205376630026
:2036C0007852657475726E002E2E2F72612F6177732F4672656552544F532F46726565521E
:2036E000544F532F536F757263652F74696D6572732E63007853697A65203D3D2073697ABD
:20370000656F66282054696D65725F7420290000707854696D6572427566666572000000C7
:2037200028207854696D6572506572696F64496E5469636B73203E20302029007854696D17
:203740006572000028207854696D65725461736B48616E646C6520213D202828766F696452
:20376000202A293029202900707843616C6C6261636B00002820707854696D65722D3E782B
:2037800054696D6572506572696F64496E5469636B73203E2030202900000000546D725195
:2037A000000000007854696D65725175657565007854696D657243726561746554696D652F
:2037C000725461736B00FFFF70727650726F636573735265636569766564436F6D6D616E2D
:2037E0006473002E006E6600696E69747900616E00FFFFFF34000000CEFBFFFFCB0300002E
:20380000010000000000000035000000CEFBFFFFCB0300000100000000000000FFFFFFFFE0
:20382000BC89D897B2D29C3C33A7A8D523F649393DA7F444FD0FA5329D978CCF08BA5B25B6
:20384000436FAC6428066811002020202020202020202828282828202020202020202020F7
:20386000202020202020202020881010101010101010101010101010100404040404040494
:20388000040404101010101010104141414141410101010101010101010101010101010116
:2038A0000101010110101010101042424242424202020202020202020202020202020202F8
:2038C000020202021010101020000000000000000000000000000000000000000000000080
:2038E0000000000000000000000000000000000000000000000000000000000000000000C8
:203900000000000000000000000000000000000000000000000000000000000000000000A7
:20392000000000000000000000000000000000000000000000000000000000000000000087
:203940000000000000000000005245454E54206D616C6C6F6320737563636565646564008C
:203960002F646174612F6A656E6B696E732F776F726B73706163652F474E552D746F6F6C5B
:20398000636861696E2F61726D2D31322D6D7061636274692F7372632F6E65776C69622DC4
:2039A00063796777696E2F6E65776C69622F6C6962632F74696D652F6C636C74696D652ED8
:2039C0006300FFFF000000001F0000003B0000005A0000007800000097000000B50000000E
:2039E000D4000000F300000011010000300100004E0100001F0000001C0000001F00000014
:203A00001E0000001F0000001E0000001F0000001F0000001E0000001F0000001E000000B2
:203A20001F0000001F0000001C0000001F0000001E0000001F0000001E0000001F00000093
:203A40001F0000001E0000001F0000001E0000001F0000001F0000001D0000001F00000072
:203A60001E0000001F0000001E0000001F0000001F0000001E0000001F0000001E00000052
:203A80001F000000545A00474D54002531315B2D2B302D39412D5A612D7A5D256E0025318B
:203AA000315B412D5A612D7A5D256E004D256875256E2E256875256E2E256875256E002F23
:203AC000256875256E3A256875256E3A256875256E004300504F5349580042616C6C6F6390
:203AE00020737563636565646564002F646174612F6A656E6B696E732F776F726B737061E1
:203B000063652F474E552D746F6F6C636861696E2F61726D2D31322D6D7061636274692F9B
:203B20007372632F6E65776C69622D63796777696E2F6E65776C69622F6C6962632F737440
:203B4000646C69622F6764746F612D6765746865782E63002F646174612F6A656E6B696ED2
:203B6000732F776F726B73706163652F474E552D746F6F6C636861696E2F61726D2D3132CE
:203B80002D6D7061636274692F7372632F6E65776C69622D63796777696E2F6E65776C69E5
:203BA000622F6C6962632F7374646C69622F6D707265632E6300FFFF050000001900000036
:203BC0007D000000FFFFFFFF0080E03779C34143176E05B5B5B89346F5F93FE9034F384DA3
:203BE000321D30F94877825A3CBF737FDD4F1575000000000000F03F00000000000024407C
:203C000000000000000059400000000000408F40000000000088C34000000000006AF840CF
:203C20000000000080842E4100000000D01263410000000084D797410000000065CDCD4118
:203C4000000000205FA00242000000E876483742000000A2941A6D42000040E59C30A2420E
:203C60000000901EC4BCD64200003426F56B0C430080E03779C3414300A0D885573476435D
:203C800000C84E676DC1AB43003D9160E458E143408CB5781DAF154450EFE2D6E41A4B445B
:203CA00092D54D06CFF08044F64AE1C7022DB544B49DD9794378EA44232D302B2000686C8C
:203CC0004C00656667454647003031323334353637383941424344454600303132333435C3
:203CE0003637383961626364656600412D46612D66383930313233343536375D002B2D0027
:203D0000303000785800FFFFFD3C0300003D0300033D03001000000000000000017A5200D9
:203D2000027C0E011B0C0D0010000000180000000CAAFFFF100000000000000010000000C6
:203D400000000000017A5200027C0E011B0C0D00380000001800000008CBFFFF9E00000016
:203D600000510E1084048503860287015BC7C6C5C40E004C0A420B0A420B0E10840485030D
:203D80008602870151C7C6C5C40E000000000000A489FF7F0100000080B584B000AF0023B7
:203DA000FB6000237B60174BB3F884309BB23B604FF49643BB60134B4FF42A42A3F884207E
:203DC00008E0BB68002B02D14FF4FA73FB60BB68013BBB600B4BB3F884309BB2002BF0D167
:203DE0003B68012B01D100F0BFFB7B6840F2F512934201D17B68FB60FB6818461037BD466C
:203E000080BD00BF00E07F4080B584B000AF78607B685B681B78002B0DD07B685B6893F9A4
:203E20001130184600F0A8FB7B685B6893F91330184600F0A1FB124BB3F884309BB2002BBD
:203E400002D1786800F09CFB00F01CF8F86000F049F8B860FB68002B01D1BB68FB60FFF7AF
:203E60009BFFB860FB68002B01D1BB68FB607B68002283F83420FB6818461037BD4680BD96
:203E800000E07F4080B483B000AF4FF496437B60124BB3221A7007E07B68002B01D11423BC
:203EA00015E07B68013B7B600D4BD3F88030C3F3C033DBB2012BEFD1094B1B7CC3F300136A
:203EC000DBB2002B02D040F2F51300E0002318460C37BD465DF8047B704700BF00007E406F
:203EE00000E07F4080B483B000AF4FF496437B60124B50221A7007E07B68002B01D11423BF
:203F000015E07B68013B7B600D4BD3F88030C3F3C033DBB2012BEFD1094B1B7CC3F3001309
:203F2000DBB2002B02D040F2F51300E0002318460C37BD465DF8047B704700BF00007E400E
:203F400000E07F4080B485B000AFF860B9607A60174AFB689B6A1363164B20221A70154B93
:203F6000D0221A70FB689A6ABB681A44FB689A62FB681B6B5A1EFB681A637B68002B10D04F
:203F800007E07B68002B01D114230BE07B68013B7B60074BD3F88030C3F3C033DBB2012B0F
:203FA000EFD1002318461437BD465DF8047B704700E07F4000007E4080B586B000AFF86018
:203FC000B9607A607B68002B06D1FB685B6893F91130184600F0D0FA314AFB68DB6A136365
:203FE000304BE8221A70BB685A082E4BD2B21A7000237B612AE0FB681B693B61FB689B6AB2
:204000001A46284B12881A8006E03B695A1E3A61002B01D114233EE0214BD3F88030C3F30D
:204020008023DBB2012BF0D0FB689B6A9A1CFB689A62FB68DB6A9A1CFB68DA62FB681B6B01
:204040005A1EFB681A637B6901337B61BB685B087A699A42CFD3134BD0221A707B68002B45
:2040600011D007E07B68002B01D1142313E07B68013B7B600A4BD3F88030C3F3C033DBB26E
:20408000012BEFD106E0FB685B6893F91130184600F066FA002318461837BD4680BD00BFDE
:2040A00000E07F4000007E4080B586B000AFF860B9607A6000237B61174B1B7CC3F300137D
:2040C000DBB2012B0FD1144BD3F88030C3F38033DBB2012B04D1104B1B7C0F4B00221A747A
:2040E00040F2F5137B610C4BD3F88020BB681340002B01D07B687B61FB68002B01D0FB68F5
:204100007B617B69002B01D0FFF7BCFE7B6918461837BD4680BD00BF00E07F4080B485B09B
:2041200000AF786039607B689B69BB60194A3B681363194B40221A70174B08221A70002358
:20414000FB6008E0144A1549FB6831F813301380FB680133FB60FB68072BF3D90E4BD02260
:204160001A7007E0BB68002B01D114230BE0BB68013BBB60074BD3F88030C3F3C033DBB20F
:20418000012BEFD1002318461437BD465DF8047B704700BF00E07F4000007E40C809FE1FCF
:2041A00080B485B000AFF860B9607A60194B4FF6FF721A80174B4FF6FF725A807B689AB2C7
:2041C000FB689BB2DB039BB213439BB243F4F0439AB2104BDA80BB689BB26FEA43536FEA3E
:2041E00053539AB20B4B9A800A4B4FF6FF721A81084B4FF6FF725A81064B4FF6FF729A81B1
:20420000044B4FF6FF72DA8100BF1437BD465DF8047B7047C809FE1F80B584B000AF7860C8
:204220000023FB60786800F07BF8F860FB68002B10D0FB681EE07B689B681A4680217868CF
:20424000FFF7BAFEF86018224FF4A041F868FFF72BFFF8607B681B6B002B02D0FB68002B2E
:20426000E9D0FFF799FDB860FB68002B01D1BB68FB60FB6818461037BD4680BD80B588B04E
:2042800000AFF860B9607A600023FB61FB68BA689A62FB687A681A63F86800F041F8F86180
:2042A000FB69002B01D0FB6933E01C4B0122A3F8E0201EE0FB689B6AB3F5803F06D2FB68FA
:2042C000DB69BB614FF400537B6105E0FB681B6ABB614FF400437B61BA697969F868FFF766
:2042E00031FEF86119224FF4C041F869FFF7DCFEF861FB681B6B002B02D0FB69002BD9D00F
:20430000FFF74AFD3861FB69002B01D13B69FB61FB6918462037BD4680BD00BF00E07F40AF
:2043200080B584B000AF78600023FB604FF49643BB6000F01DF97B685B681B78002B0DD091
:204340007B685B6893F91130184600F015F97B685B6893F91330184600F00EF90C4B4AF62D
:204360000122A3F8842008E0BB68002B02D14FF4FA7309E0BB68013BBB60054BB3F8843010
:204380009BB2012BF0D1FB6818461037BD4680BD00E07F4080B588B000AFF860B9607A6095
:2043A000184BD3F8DC30C3F3C073DBB2BB61F868FFF7B6FFF861FB69002B01D0FB691CE00D
:2043C000BB68590B7B685B0B1A46B869FFF7E8FE4AF26011F868FFF7A1FEF861182200215A
:2043E000F869FFF761FEF861FFF7D6FC7861FB69002B01D17B69FB61FB6918462037BD4650
:2044000080BD00BF00E07F4080B586B000AF78600B46FB701346BB707868FFF781FF7861A0
:204420007B69002B01D07B693BE0BB78002B08D0FB789BB21D4A43F4CC439BB2A2F8E830FB
:2044400026E01A4BD3F8DC30C3F30A039BB23B61164BD3F8DC30C3F30A439BB2FB60FB7818
:2044600003F00103002B0CBF01230023DBB2FA6839691846FFF794FE4AF260117868FFF70E
:204480004DFE7861182200217869FFF70DFE7861FFF782FCB8607B69002B01D1BB687B6176
:2044A0007B6918461837BD4680BD00BF00E07F4080B58AB000AFF860B9601346FB80BB6847
:2044C000FB61264BBB61F868FFF72AFF78627B6A002B01D07B6A3CE000233B6217E0FB887E
:2044E000002B07D13B6A9B00BA6913444FF0FF321A6009E03B6A9B00FA691A443B6A9B00EB
:20450000B9690B4412681A603B6A01333B623B6A032BE4D9FB88002B06D0104BDA89FB886B
:2045200013439AB20D4BDA814AF25011F868FFF7F5FD786218220021786AFFF7B5FD7862A8
:20454000FFF72AFC78617B6A002B01D17B697B627B6A18462837BD4680BD00BFC809FE1F34
:204560005FF800F09D6902005FF800F0856802005FF800F0696802005FF800F0FD690200ED
:204580005FF800F0E57202002D900200E591020000000000800C0300010201010100FFFFB1
:2045A000010A0000000010080000000000000000000000000001C2000000100800000000FD
:2045C0000000000000000000400040000000100800000000000000000000000040004000C3
:2045E000FFFF000000000000000000000000000004000000873A0300873A030043000000EE
:20460000000000000000000000000000000000000000000000000000000000004300000057
:20462000000000000000000000000000000000000000000000000000000000004300000037
:20464000000000000000000000000000000000000000000000000000000000004300000017
:204660000000000000000000000000000000000000000000000000000000000043000000F7
:204680000000000000000000000000000000000000000000000000000000000043000000D7
:2046A0000000000000000000000000000000000000000000000000000000000043000000B7
:2046C0000000000000000000000000000000000000000000000000000000000099F9020046
:2046E000FBEE02000000000048380300E3370300BD3C0300BD3C0300BD3C0300BD3C03003F
:20470000BD3C0300BD3C0300BD3C0300BD3C0300BD3C0300FFFFFFFFFFFFFFFFFFFFFFFFB9
:20472000FFFF00000100415343494900000000000000000000000000000000000000000011
:204740000000000000004153434949000000000000000000000000000000000000000000F0
:204760000000000000000000540BFE1F00000000E046FF1F4847FF1FB047FF1F00000000B7
:20478000000000000000000000000000000000000000000000000000000000000000000019
:2047A0000000000000000000000000000000000000000000000000000100000000000000F8
:2047C0004A000000000000000000000000000000000000000000000000000000000000008F
:2047E00000000000000000004A00000000000000000000000000000000000000000000006F
:20480000000000000000000000000000000000004448FF1F6987010041870100076998002C
:2048200010002000BE17C0710B476F0F66FD87020A4EFC1877CB25066A954A1C8B3D31410E
:20484000E4A6B58501002000E30466F6B8470C1F29070B17F1E2D3E94D445E3F608087FD93
:20486000C711E4382BB538B62200480030460221009454C73C30057A27E84509B7FC34583D
:204880003BD1F8862024C5795265D08A4114F616CD022100FED7406A911049C26F1DE540CE
:2048A000E434777CE565273E25A3B5A0EED427BFDB3E2318FFFFFFFFFFFFFFFFFFFFFFFF31
:2048C000FFFFFFFFFFFFFFFFFFFFFFFFFFFFFFFFFFFFFFFFFFFFFFFFFFFFFFFFFFFFFFFFF8
:2048E000FFFFFFFFFFFFFFFFFFFFFFFFFFFFFFFFFFFFFFFFFFFFFFFFFFFFFFFFFFFFFFFFD8
:20490000FFFFFFFFFFFFFFFFFFFFFFFFFFFFFFFFFFFFFFFFFFFFFFFFFFFFFFFFFFFFFFFFB7
:20492000FFFFFFFFFFFFFFFFFFFFFFFFFFFFFFFFFFFFFFFFFFFFFFFFFFFFFFFFFFFFFFFF97
:20494000FFFFFFFFFFFFFFFFFFFFFFFFFFFFFFFFFFFFFFFFFFFFFFFFFFFFFFFFFFFFFFFF77
:20496000FFFFFFFFFFFFFFFFFFFFFFFFFFFFFFFFFFFFFFFFFFFFFFFFFFFFFFFFFFFFFFFF57
:20498000FFFFFFFFFFFFFFFFFFFFFFFFFFFFFFFFFFFFFFFFFFFFFFFFFFFFFFFFFFFFFFFF37
:2049A000FFFFFFFFFFFFFFFFFFFFFFFFFFFFFFFFFFFFFFFFFFFFFFFFFFFFFFFFFFFFFFFF17
:2049C000FFFFFFFFFFFFFFFFFFFFFFFFFFFFFFFFFFFFFFFFFFFFFFFFFFFFFFFFFFFFFFFFF7
:2049E000FFFFFFFFFFFFFFFFFFFFFFFFFFFFFFFFFFFFFFFFFFFFFFFFFFFFFFFFFFFFFFFFD7
:204A0000FFFFFFFFFFFFFFFFFFFFFFFFFFFFFFFFFFFFFFFFFFFFFFFFFFFFFFFFFFFFFFFFB6
:204A2000FFFFFFFFFFFFFFFFFFFFFFFFFFFFFFFFFFFFFFFFFFFFFFFFFFFFFFFFFFFFFFFF96
:204A4000FFFFFFFFFFFFFFFFFFFFFFFFFFFFFFFFFFFFFFFFFFFFFFFFFFFFFFFFFFFFFFFF76
:204A6000FFFFFFFFFFFFFFFFFFFFFFFFFFFFFFFFFFFFFFFFFFFFFFFFFFFFFFFFFFFFFFFF56
:204A8000FFFFFFFFFFFFFFFFFFFFFFFFFFFFFFFFFFFFFFFFFFFFFFFFFFFFFFFFFFFFFFFF36
:204AA000FFFFFFFFFFFFFFFFFFFFFFFFFFFFFFFFFFFFFFFFFFFFFFFFFFFFFFFFFFFFFFFF16
:204AC000FFFFFFFFFFFFFFFFFFFFFFFFFFFFFFFFFFFFFFFFFFFFFFFFFFFFFFFFFFFFFFFFF6
:204AE000FFFFFFFFFFFFFFFFFFFFFFFFFFFFFFFFFFFFFFFFFFFFFFFFFFFFFFFFFFFFFFFFD6
:204B0000FFFFFFFFFFFFFFFFFFFFFFFFFFFFFFFFFFFFFFFFFFFFFFFFFFFFFFFFFFFFFFFFB5
:204B2000FFFFFFFFFFFFFFFFFFFFFFFFFFFFFFFFFFFFFFFFFFFFFFFFFFFFFFFFFFFFFFFF95
:204B4000FFFFFFFFFFFFFFFFFFFFFFFFFFFFFFFFFFFFFFFFFFFFFFFFFFFFFFFFFFFFFFFF75
:204B6000FFFFFFFFFFFFFFFFFFFFFFFFFFFFFFFFFFFFFFFFFFFFFFFFFFFFFFFFFFFFFFFF55
:204B8000FFFFFFFFFFFFFFFFFFFFFFFFFFFFFFFFFFFFFFFFFFFFFFFFFFFFFFFFFFFFFFFF35
:204BA000FFFFFFFFFFFFFFFFFFFFFFFFFFFFFFFFFFFFFFFFFFFFFFFFFFFFFFFFFFFFFFFF15
:204BC000FFFFFFFFFFFFFFFFFFFFFFFFFFFFFFFFFFFFFFFFFFFFFFFFFFFFFFFFFFFFFFFFF5
:204BE000FFFFFFFFFFFFFFFFFFFFFFFFFFFFFFFFFFFFFFFFFFFFFFFFFFFFFFFFFFFFFFFFD5
:204C0000FFFFFFFFFFFFFFFFFFFFFFFFFFFFFFFFFFFFFFFFFFFFFFFFFFFFFFFFFFFFFFFFB4
:204C2000FFFFFFFFFFFFFFFFFFFFFFFFFFFFFFFFFFFFFFFFFFFFFFFFFFFFFFFFFFFFFFFF94
:204C4000FFFFFFFFFFFFFFFFFFFFFFFFFFFFFFFFFFFFFFFFFFFFFFFFFFFFFFFFFFFFFFFF74
:204C6000FFFFFFFFFFFFFFFFFFFFFFFFFFFFFFFFFFFFFFFFFFFFFFFFFFFFFFFFFFFFFFFF54
:204C8000FFFFFFFFFFFFFFFFFFFFFFFFFFFFFFFFFFFFFFFFFFFFFFFFFFFFFFFFFFFFFFFF34
:204CA000FFFFFFFFFFFFFFFFFFFFFFFFFFFFFFFFFFFFFFFFFFFFFFFFFFFFFFFFFFFFFFFF14
:204CC000FFFFFFFFFFFFFFFFFFFFFFFFFFFFFFFFFFFFFFFFFFFFFFFFFFFFFFFFFFFFFFFFF4
:204CE000FFFFFFFFFFFFFFFFFFFFFFFFFFFFFFFFFFFFFFFFFFFFFFFFFFFFFFFFFFFFFFFFD4
:204D0000FFFFFFFFFFFFFFFFFFFFFFFFFFFFFFFFFFFFFFFFFFFFFFFFFFFFFFFFFFFFFFFFB3
:204D2000FFFFFFFFFFFFFFFFFFFFFFFFFFFFFFFFFFFFFFFFFFFFFFFFFFFFFFFFFFFFFFFF93
:204D4000FFFFFFFFFFFFFFFFFFFFFFFFFFFFFFFFFFFFFFFFFFFFFFFFFFFFFFFFFFFFFFFF73
:204D6000FFFFFFFFFFFFFFFFFFFFFFFFFFFFFFFFFFFFFFFFFFFFFFFFFFFFFFFFFFFFFFFF53
:204D8000FFFFFFFFFFFFFFFFFFFFFFFFFFFFFFFFFFFFFFFFFFFFFFFFFFFFFFFFFFFFFFFF33
:204DA000FFFFFFFFFFFFFFFFFFFFFFFFFFFFFFFFFFFFFFFFFFFFFFFFFFFFFFFFFFFFFFFF13
:204DC000FFFFFFFFFFFFFFFFFFFFFFFFFFFFFFFFFFFFFFFFFFFFFFFFFFFFFFFFFFFFFFFFF3
:204DE000FFFFFFFFFFFFFFFFFFFFFFFFFFFFFFFFFFFFFFFFFFFFFFFFFFFFFFFFFFFFFFFFD3
:204E0000FFFFFFFFFFFFFFFFFFFFFFFFFFFFFFFFFFFFFFFFFFFFFFFFFFFFFFFFFFFFFFFFB2
:204E2000FFFFFFFFFFFFFFFFFFFFFFFFFFFFFFFFFFFFFFFFFFFFFFFFFFFFFFFFFFFFFFFF92
:204E4000FFFFFFFFFFFFFFFFFFFFFFFFFFFFFFFFFFFFFFFFFFFFFFFFFFFFFFFFFFFFFFFF72
:204E6000FFFFFFFFFFFFFFFFFFFFFFFFFFFFFFFFFFFFFFFFFFFFFFFFFFFFFFFFFFFFFFFF52
:204E8000FFFFFFFFFFFFFFFFFFFFFFFFFFFFFFFFFFFFFFFFFFFFFFFFFFFFFFFFFFFFFFFF32
:204EA000FFFFFFFFFFFFFFFFFFFFFFFFFFFFFFFFFFFFFFFFFFFFFFFFFFFFFFFFFFFFFFFF12
:204EC000FFFFFFFFFFFFFFFFFFFFFFFFFFFFFFFFFFFFFFFFFFFFFFFFFFFFFFFFFFFFFFFFF2
:204EE000FFFFFFFFFFFFFFFFFFFFFFFFFFFFFFFFFFFFFFFFFFFFFFFFFFFFFFFFFFFFFFFFD2
:204F0000FFFFFFFFFFFFFFFFFFFFFFFFFFFFFFFFFFFFFFFFFFFFFFFFFFFFFFFFFFFFFFFFB1
:204F2000FFFFFFFFFFFFFFFFFFFFFFFFFFFFFFFFFFFFFFFFFFFFFFFFFFFFFFFFFFFFFFFF91
:204F4000FFFFFFFFFFFFFFFFFFFFFFFFFFFFFFFFFFFFFFFFFFFFFFFFFFFFFFFFFFFFFFFF71
:204F6000FFFFFFFFFFFFFFFFFFFFFFFFFFFFFFFFFFFFFFFFFFFFFFFFFFFFFFFFFFFFFFFF51
:204F8000FFFFFFFFFFFFFFFFFFFFFFFFFFFFFFFFFFFFFFFFFFFFFFFFFFFFFFFFFFFFFFFF31
:204FA000FFFFFFFFFFFFFFFFFFFFFFFFFFFFFFFFFFFFFFFFFFFFFFFFFFFFFFFFFFFFFFFF11
:204FC000FFFFFFFFFFFFFFFFFFFFFFFFFFFFFFFFFFFFFFFFFFFFFFFFFFFFFFFFFFFFFFFFF1
:204FE000FFFFFFFFFFFFFFFFFFFFFFFFFFFFFFFFFFFFFFFFFFFFFFFFFFFFFFFFFFFFFFFFD1
:20500000FFFFFFFFFFFFFFFFFFFFFFFFFFFFFFFFFFFFFFFFFFFFFFFFFFFFFFFFFFFFFFFFB0
:20502000FFFFFFFFFFFFFFFFFFFFFFFFFFFFFFFFFFFFFFFFFFFFFFFFFFFFFFFFFFFFFFFF90
:20504000FFFFFFFFFFFFFFFFFFFFFFFFFFFFFFFFFFFFFFFFFFFFFFFFFFFFFFFFFFFFFFFF70
:20506000FFFFFFFFFFFFFFFFFFFFFFFFFFFFFFFFFFFFFFFFFFFFFFFFFFFFFFFFFFFFFFFF50
:20508000FFFFFFFFFFFFFFFFFFFFFFFFFFFFFFFFFFFFFFFFFFFFFFFFFFFFFFFFFFFFFFFF30
:2050A000FFFFFFFFFFFFFFFFFFFFFFFFFFFFFFFFFFFFFFFFFFFFFFFFFFFFFFFFFFFFFFFF10
:2050C000FFFFFFFFFFFFFFFFFFFFFFFFFFFFFFFFFFFFFFFFFFFFFFFFFFFFFFFFFFFFFFFFF0
:2050E000FFFFFFFFFFFFFFFFFFFFFFFFFFFFFFFFFFFFFFFFFFFFFFFFFFFFFFFFFFFFFFFFD0
:20510000FFFFFFFFFFFFFFFFFFFFFFFFFFFFFFFFFFFFFFFFFFFFFFFFFFFFFFFFFFFFFFFFAF
:20512000FFFFFFFFFFFFFFFFFFFFFFFFFFFFFFFFFFFFFFFFFFFFFFFFFFFFFFFFFFFFFFFF8F
:20514000FFFFFFFFFFFFFFFFFFFFFFFFFFFFFFFFFFFFFFFFFFFFFFFFFFFFFFFFFFFFFFFF6F
:20516000FFFFFFFFFFFFFFFFFFFFFFFFFFFFFFFFFFFFFFFFFFFFFFFFFFFFFFFFFFFFFFFF4F
:20518000FFFFFFFFFFFFFFFFFFFFFFFFFFFFFFFFFFFFFFFFFFFFFFFFFFFFFFFFFFFFFFFF2F
:2051A000FFFFFFFFFFFFFFFFFFFFFFFFFFFFFFFFFFFFFFFFFFFFFFFFFFFFFFFFFFFFFFFF0F
:2051C000FFFFFFFFFFFFFFFFFFFFFFFFFFFFFFFFFFFFFFFFFFFFFFFFFFFFFFFFFFFFFFFFEF
:2051E000FFFFFFFFFFFFFFFFFFFFFFFFFFFFFFFFFFFFFFFFFFFFFFFFFFFFFFFFFFFFFFFFCF
:20520000FFFFFFFFFFFFFFFFFFFFFFFFFFFFFFFFFFFFFFFFFFFFFFFFFFFFFFFFFFFFFFFFAE
:20522000FFFFFFFFFFFFFFFFFFFFFFFFFFFFFFFFFFFFFFFFFFFFFFFFFFFFFFFFFFFFFFFF8E
:20524000FFFFFFFFFFFFFFFFFFFFFFFFFFFFFFFFFFFFFFFFFFFFFFFFFFFFFFFFFFFFFFFF6E
:20526000FFFFFFFFFFFFFFFFFFFFFFFFFFFFFFFFFFFFFFFFFFFFFFFFFFFFFFFFFFFFFFFF4E
:20528000FFFFFFFFFFFFFFFFFFFFFFFFFFFFFFFFFFFFFFFFFFFFFFFFFFFFFFFFFFFFFFFF2E
:2052A000FFFFFFFFFFFFFFFFFFFFFFFFFFFFFFFFFFFFFFFFFFFFFFFFFFFFFFFFFFFFFFFF0E
:2052C000FFFFFFFFFFFFFFFFFFFFFFFFFFFFFFFFFFFFFFFFFFFFFFFFFFFFFFFFFFFFFFFFEE
:2052E000FFFFFFFFFFFFFFFFFFFFFFFFFFFFFFFFFFFFFFFFFFFFFFFFFFFFFFFFFFFFFFFFCE
:20530000FFFFFFFFFFFFFFFFFFFFFFFFFFFFFFFFFFFFFFFFFFFFFFFFFFFFFFFFFFFFFFFFAD
:20532000FFFFFFFFFFFFFFFFFFFFFFFFFFFFFFFFFFFFFFFFFFFFFFFFFFFFFFFFFFFFFFFF8D
:20534000FFFFFFFFFFFFFFFFFFFFFFFFFFFFFFFFFFFFFFFFFFFFFFFFFFFFFFFFFFFFFFFF6D
:20536000FFFFFFFFFFFFFFFFFFFFFFFFFFFFFFFFFFFFFFFFFFFFFFFFFFFFFFFFFFFFFFFF4D
:20538000FFFFFFFFFFFFFFFFFFFFFFFFFFFFFFFFFFFFFFFFFFFFFFFFFFFFFFFFFFFFFFFF2D
:2053A000FFFFFFFFFFFFFFFFFFFFFFFFFFFFFFFFFFFFFFFFFFFFFFFFFFFFFFFFFFFFFFFF0D
:2053C000FFFFFFFFFFFFFFFFFFFFFFFFFFFFFFFFFFFFFFFFFFFFFFFFFFFFFFFFFFFFFFFFED
:2053E000FFFFFFFFFFFFFFFFFFFFFFFFFFFFFFFFFFFFFFFFFFFFFFFFFFFFFFFFFFFFFFFFCD
:20540000FFFFFFFFFFFFFFFFFFFFFFFFFFFFFFFFFFFFFFFFFFFFFFFFFFFFFFFFFFFFFFFFAC
:20542000FFFFFFFFFFFFFFFFFFFFFFFFFFFFFFFFFFFFFFFFFFFFFFFFFFFFFFFFFFFFFFFF8C
:20544000FFFFFFFFFFFFFFFFFFFFFFFFFFFFFFFFFFFFFFFFFFFFFFFFFFFFFFFFFFFFFFFF6C
:20546000FFFFFFFFFFFFFFFFFFFFFFFFFFFFFFFFFFFFFFFFFFFFFFFFFFFFFFFFFFFFFFFF4C
:20548000FFFFFFFFFFFFFFFFFFFFFFFFFFFFFFFFFFFFFFFFFFFFFFFFFFFFFFFFFFFFFFFF2C
:2054A000FFFFFFFFFFFFFFFFFFFFFFFFFFFFFFFFFFFFFFFFFFFFFFFFFFFFFFFFFFFFFFFF0C
:2054C000FFFFFFFFFFFFFFFFFFFFFFFFFFFFFFFFFFFFFFFFFFFFFFFFFFFFFFFFFFFFFFFFEC
:2054E000FFFFFFFFFFFFFFFFFFFFFFFFFFFFFFFFFFFFFFFFFFFFFFFFFFFFFFFFFFFFFFFFCC
:20550000FFFFFFFFFFFFFFFFFFFFFFFFFFFFFFFFFFFFFFFFFFFFFFFFFFFFFFFFFFFFFFFFAB
:20552000FFFFFFFFFFFFFFFFFFFFFFFFFFFFFFFFFFFFFFFFFFFFFFFFFFFFFFFFFFFFFFFF8B
:20554000FFFFFFFFFFFFFFFFFFFFFFFFFFFFFFFFFFFFFFFFFFFFFFFFFFFFFFFFFFFFFFFF6B
:20556000FFFFFFFFFFFFFFFFFFFFFFFFFFFFFFFFFFFFFFFFFFFFFFFFFFFFFFFFFFFFFFFF4B
:20558000FFFFFFFFFFFFFFFFFFFFFFFFFFFFFFFFFFFFFFFFFFFFFFFFFFFFFFFFFFFFFFFF2B
:2055A000FFFFFFFFFFFFFFFFFFFFFFFFFFFFFFFFFFFFFFFFFFFFFFFFFFFFFFFFFFFFFFFF0B
:2055C000FFFFFFFFFFFFFFFFFFFFFFFFFFFFFFFFFFFFFFFFFFFFFFFFFFFFFFFFFFFFFFFFEB
:2055E000FFFFFFFFFFFFFFFFFFFFFFFFFFFFFFFFFFFFFFFFFFFFFFFFFFFFFFFFFFFFFFFFCB
:20560000FFFFFFFFFFFFFFFFFFFFFFFFFFFFFFFFFFFFFFFFFFFFFFFFFFFFFFFFFFFFFFFFAA
:20562000FFFFFFFFFFFFFFFFFFFFFFFFFFFFFFFFFFFFFFFFFFFFFFFFFFFFFFFFFFFFFFFF8A
:20564000FFFFFFFFFFFFFFFFFFFFFFFFFFFFFFFFFFFFFFFFFFFFFFFFFFFFFFFFFFFFFFFF6A
:20566000FFFFFFFFFFFFFFFFFFFFFFFFFFFFFFFFFFFFFFFFFFFFFFFFFFFFFFFFFFFFFFFF4A
:20568000FFFFFFFFFFFFFFFFFFFFFFFFFFFFFFFFFFFFFFFFFFFFFFFFFFFFFFFFFFFFFFFF2A
:2056A000FFFFFFFFFFFFFFFFFFFFFFFFFFFFFFFFFFFFFFFFFFFFFFFFFFFFFFFFFFFFFFFF0A
:2056C000FFFFFFFFFFFFFFFFFFFFFFFFFFFFFFFFFFFFFFFFFFFFFFFFFFFFFFFFFFFFFFFFEA
:2056E000FFFFFFFFFFFFFFFFFFFFFFFFFFFFFFFFFFFFFFFFFFFFFFFFFFFFFFFFFFFFFFFFCA
:20570000FFFFFFFFFFFFFFFFFFFFFFFFFFFFFFFFFFFFFFFFFFFFFFFFFFFFFFFFFFFFFFFFA9
:20572000FFFFFFFFFFFFFFFFFFFFFFFFFFFFFFFFFFFFFFFFFFFFFFFFFFFFFFFFFFFFFFFF89
:20574000FFFFFFFFFFFFFFFFFFFFFFFFFFFFFFFFFFFFFFFFFFFFFFFFFFFFFFFFFFFFFFFF69
:20576000FFFFFFFFFFFFFFFFFFFFFFFFFFFFFFFFFFFFFFFFFFFFFFFFFFFFFFFFFFFFFFFF49
:20578000FFFFFFFFFFFFFFFFFFFFFFFFFFFFFFFFFFFFFFFFFFFFFFFFFFFFFFFFFFFFFFFF29
:2057A000FFFFFFFFFFFFFFFFFFFFFFFFFFFFFFFFFFFFFFFFFFFFFFFFFFFFFFFFFFFFFFFF09
:2057C000FFFFFFFFFFFFFFFFFFFFFFFFFFFFFFFFFFFFFFFFFFFFFFFFFFFFFFFFFFFFFFFFE9
:2057E000FFFFFFFFFFFFFFFFFFFFFFFFFFFFFFFFFFFFFFFFFFFFFFFFFFFFFFFFFFFFFFFFC9
:20580000FFFFFFFFFFFFFFFFFFFFFFFFFFFFFFFFFFFFFFFFFFFFFFFFFFFFFFFFFFFFFFFFA8
:20582000FFFFFFFFFFFFFFFFFFFFFFFFFFFFFFFFFFFFFFFFFFFFFFFFFFFFFFFFFFFFFFFF88
:20584000FFFFFFFFFFFFFFFFFFFFFFFFFFFFFFFFFFFFFFFFFFFFFFFFFFFFFFFFFFFFFFFF68
:20586000FFFFFFFFFFFFFFFFFFFFFFFFFFFFFFFFFFFFFFFFFFFFFFFFFFFFFFFFFFFFFFFF48
:20588000FFFFFFFFFFFFFFFFFFFFFFFFFFFFFFFFFFFFFFFFFFFFFFFFFFFFFFFFFFFFFFFF28
:2058A000FFFFFFFFFFFFFFFFFFFFFFFFFFFFFFFFFFFFFFFFFFFFFFFFFFFFFFFFFFFFFFFF08
:2058C000FFFFFFFFFFFFFFFFFFFFFFFFFFFFFFFFFFFFFFFFFFFFFFFFFFFFFFFFFFFFFFFFE8
:2058E000FFFFFFFFFFFFFFFFFFFFFFFFFFFFFFFFFFFFFFFFFFFFFFFFFFFFFFFFFFFFFFFFC8
:20590000FFFFFFFFFFFFFFFFFFFFFFFFFFFFFFFFFFFFFFFFFFFFFFFFFFFFFFFFFFFFFFFFA7
:20592000FFFFFFFFFFFFFFFFFFFFFFFFFFFFFFFFFFFFFFFFFFFFFFFFFFFFFFFFFFFFFFFF87
:20594000FFFFFFFFFFFFFFFFFFFFFFFFFFFFFFFFFFFFFFFFFFFFFFFFFFFFFFFFFFFFFFFF67
:20596000FFFFFFFFFFFFFFFFFFFFFFFFFFFFFFFFFFFFFFFFFFFFFFFFFFFFFFFFFFFFFFFF47
:20598000FFFFFFFFFFFFFFFFFFFFFFFFFFFFFFFFFFFFFFFFFFFFFFFFFFFFFFFFFFFFFFFF27
:2059A000FFFFFFFFFFFFFFFFFFFFFFFFFFFFFFFFFFFFFFFFFFFFFFFFFFFFFFFFFFFFFFFF07
:2059C000FFFFFFFFFFFFFFFFFFFFFFFFFFFFFFFFFFFFFFFFFFFFFFFFFFFFFFFFFFFFFFFFE7
:2059E000FFFFFFFFFFFFFFFFFFFFFFFFFFFFFFFFFFFFFFFFFFFFFFFFFFFFFFFFFFFFFFFFC7
:205A0000FFFFFFFFFFFFFFFFFFFFFFFFFFFFFFFFFFFFFFFFFFFFFFFFFFFFFFFFFFFFFFFFA6
:205A2000FFFFFFFFFFFFFFFFFFFFFFFFFFFFFFFFFFFFFFFFFFFFFFFFFFFFFFFFFFFFFFFF86
:205A4000FFFFFFFFFFFFFFFFFFFFFFFFFFFFFFFFFFFFFFFFFFFFFFFFFFFFFFFFFFFFFFFF66
:205A6000FFFFFFFFFFFFFFFFFFFFFFFFFFFFFFFFFFFFFFFFFFFFFFFFFFFFFFFFFFFFFFFF46
:205A8000FFFFFFFFFFFFFFFFFFFFFFFFFFFFFFFFFFFFFFFFFFFFFFFFFFFFFFFFFFFFFFFF26
:205AA000FFFFFFFFFFFFFFFFFFFFFFFFFFFFFFFFFFFFFFFFFFFFFFFFFFFFFFFFFFFFFFFF06
:205AC000FFFFFFFFFFFFFFFFFFFFFFFFFFFFFFFFFFFFFFFFFFFFFFFFFFFFFFFFFFFFFFFFE6
:205AE000FFFFFFFFFFFFFFFFFFFFFFFFFFFFFFFFFFFFFFFFFFFFFFFFFFFFFFFFFFFFFFFFC6
:205B0000FFFFFFFFFFFFFFFFFFFFFFFFFFFFFFFFFFFFFFFFFFFFFFFFFFFFFFFFFFFFFFFFA5
:205B2000FFFFFFFFFFFFFFFFFFFFFFFFFFFFFFFFFFFFFFFFFFFFFFFFFFFFFFFFFFFFFFFF85
:205B4000FFFFFFFFFFFFFFFFFFFFFFFFFFFFFFFFFFFFFFFFFFFFFFFFFFFFFFFFFFFFFFFF65
:205B6000FFFFFFFFFFFFFFFFFFFFFFFFFFFFFFFFFFFFFFFFFFFFFFFFFFFFFFFFFFFFFFFF45
:205B8000FFFFFFFFFFFFFFFFFFFFFFFFFFFFFFFFFFFFFFFFFFFFFFFFFFFFFFFFFFFFFFFF25
:205BA000FFFFFFFFFFFFFFFFFFFFFFFFFFFFFFFFFFFFFFFFFFFFFFFFFFFFFFFFFFFFFFFF05
:205BC000FFFFFFFFFFFFFFFFFFFFFFFFFFFFFFFFFFFFFFFFFFFFFFFFFFFFFFFFFFFFFFFFE5
:205BE000FFFFFFFFFFFFFFFFFFFFFFFFFFFFFFFFFFFFFFFFFFFFFFFFFFFFFFFFFFFFFFFFC5
:205C0000FFFFFFFFFFFFFFFFFFFFFFFFFFFFFFFFFFFFFFFFFFFFFFFFFFFFFFFFFFFFFFFFA4
:205C2000FFFFFFFFFFFFFFFFFFFFFFFFFFFFFFFFFFFFFFFFFFFFFFFFFFFFFFFFFFFFFFFF84
:205C4000FFFFFFFFFFFFFFFFFFFFFFFFFFFFFFFFFFFFFFFFFFFFFFFFFFFFFFFFFFFFFFFF64
:205C6000FFFFFFFFFFFFFFFFFFFFFFFFFFFFFFFFFFFFFFFFFFFFFFFFFFFFFFFFFFFFFFFF44
:205C8000FFFFFFFFFFFFFFFFFFFFFFFFFFFFFFFFFFFFFFFFFFFFFFFFFFFFFFFFFFFFFFFF24
:205CA000FFFFFFFFFFFFFFFFFFFFFFFFFFFFFFFFFFFFFFFFFFFFFFFFFFFFFFFFFFFFFFFF04
:205CC000FFFFFFFFFFFFFFFFFFFFFFFFFFFFFFFFFFFFFFFFFFFFFFFFFFFFFFFFFFFFFFFFE4
:205CE000FFFFFFFFFFFFFFFFFFFFFFFFFFFFFFFFFFFFFFFFFFFFFFFFFFFFFFFFFFFFFFFFC4
:205D0000FFFFFFFFFFFFFFFFFFFFFFFFFFFFFFFFFFFFFFFFFFFFFFFFFFFFFFFFFFFFFFFFA3
:205D2000FFFFFFFFFFFFFFFFFFFFFFFFFFFFFFFFFFFFFFFFFFFFFFFFFFFFFFFFFFFFFFFF83
:205D4000FFFFFFFFFFFFFFFFFFFFFFFFFFFFFFFFFFFFFFFFFFFFFFFFFFFFFFFFFFFFFFFF63
:205D6000FFFFFFFFFFFFFFFFFFFFFFFFFFFFFFFFFFFFFFFFFFFFFFFFFFFFFFFFFFFFFFFF43
:205D8000FFFFFFFFFFFFFFFFFFFFFFFFFFFFFFFFFFFFFFFFFFFFFFFFFFFFFFFFFFFFFFFF23
:205DA000FFFFFFFFFFFFFFFFFFFFFFFFFFFFFFFFFFFFFFFFFFFFFFFFFFFFFFFFFFFFFFFF03
:205DC000FFFFFFFFFFFFFFFFFFFFFFFFFFFFFFFFFFFFFFFFFFFFFFFFFFFFFFFFFFFFFFFFE3
:205DE000FFFFFFFFFFFFFFFFFFFFFFFFFFFFFFFFFFFFFFFFFFFFFFFFFFFFFFFFFFFFFFFFC3
:205E0000FFFFFFFFFFFFFFFFFFFFFFFFFFFFFFFFFFFFFFFFFFFFFFFFFFFFFFFFFFFFFFFFA2
:205E2000FFFFFFFFFFFFFFFFFFFFFFFFFFFFFFFFFFFFFFFFFFFFFFFFFFFFFFFFFFFFFFFF82
:205E4000FFFFFFFFFFFFFFFFFFFFFFFFFFFFFFFFFFFFFFFFFFFFFFFFFFFFFFFFFFFFFFFF62
:205E6000FFFFFFFFFFFFFFFFFFFFFFFFFFFFFFFFFFFFFFFFFFFFFFFFFFFFFFFFFFFFFFFF42
:205E8000FFFFFFFFFFFFFFFFFFFFFFFFFFFFFFFFFFFFFFFFFFFFFFFFFFFFFFFFFFFFFFFF22
:205EA000FFFFFFFFFFFFFFFFFFFFFFFFFFFFFFFFFFFFFFFFFFFFFFFFFFFFFFFFFFFFFFFF02
:205EC000FFFFFFFFFFFFFFFFFFFFFFFFFFFFFFFFFFFFFFFFFFFFFFFFFFFFFFFFFFFFFFFFE2
:205EE000FFFFFFFFFFFFFFFFFFFFFFFFFFFFFFFFFFFFFFFFFFFFFFFFFFFFFFFFFFFFFFFFC2
:205F0000FFFFFFFFFFFFFFFFFFFFFFFFFFFFFFFFFFFFFFFFFFFFFFFFFFFFFFFFFFFFFFFFA1
:205F2000FFFFFFFFFFFFFFFFFFFFFFFFFFFFFFFFFFFFFFFFFFFFFFFFFFFFFFFFFFFFFFFF81
:205F4000FFFFFFFFFFFFFFFFFFFFFFFFFFFFFFFFFFFFFFFFFFFFFFFFFFFFFFFFFFFFFFFF61
:205F6000FFFFFFFFFFFFFFFFFFFFFFFFFFFFFFFFFFFFFFFFFFFFFFFFFFFFFFFFFFFFFFFF41
:205F8000FFFFFFFFFFFFFFFFFFFFFFFFFFFFFFFFFFFFFFFFFFFFFFFFFFFFFFFFFFFFFFFF21
:205FA000FFFFFFFFFFFFFFFFFFFFFFFFFFFFFFFFFFFFFFFFFFFFFFFFFFFFFFFFFFFFFFFF01
:205FC000FFFFFFFFFFFFFFFFFFFFFFFFFFFFFFFFFFFFFFFFFFFFFFFFFFFFFFFFFFFFFFFFE1
:205FE000FFFFFFFFFFFFFFFFFFFFFFFFFFFFFFFFFFFFFFFFFFFFFFFFFFFFFFFFFFFFFFFFC1
:20600000FFFFFFFFFFFFFFFFFFFFFFFFFFFFFFFFFFFFFFFFFFFFFFFFFFFFFFFFFFFFFFFFA0
:20602000FFFFFFFFFFFFFFFFFFFFFFFFFFFFFFFFFFFFFFFFFFFFFFFFFFFFFFFFFFFFFFFF80
:20604000FFFFFFFFFFFFFFFFFFFFFFFFFFFFFFFFFFFFFFFFFFFFFFFFFFFFFFFFFFFFFFFF60
:20606000FFFFFFFFFFFFFFFFFFFFFFFFFFFFFFFFFFFFFFFFFFFFFFFFFFFFFFFFFFFFFFFF40
:20608000FFFFFFFFFFFFFFFFFFFFFFFFFFFFFFFFFFFFFFFFFFFFFFFFFFFFFFFFFFFFFFFF20
:2060A000FFFFFFFFFFFFFFFFFFFFFFFFFFFFFFFFFFFFFFFFFFFFFFFFFFFFFFFFFFFFFFFF00
:2060C000FFFFFFFFFFFFFFFFFFFFFFFFFFFFFFFFFFFFFFFFFFFFFFFFFFFFFFFFFFFFFFFFE0
:2060E000FFFFFFFFFFFFFFFFFFFFFFFFFFFFFFFFFFFFFFFFFFFFFFFFFFFFFFFFFFFFFFFFC0
:20610000FFFFFFFFFFFFFFFFFFFFFFFFFFFFFFFFFFFFFFFFFFFFFFFFFFFFFFFFFFFFFFFF9F
:20612000FFFFFFFFFFFFFFFFFFFFFFFFFFFFFFFFFFFFFFFFFFFFFFFFFFFFFFFFFFFFFFFF7F
:20614000FFFFFFFFFFFFFFFFFFFFFFFFFFFFFFFFFFFFFFFFFFFFFFFFFFFFFFFFFFFFFFFF5F
:20616000FFFFFFFFFFFFFFFFFFFFFFFFFFFFFFFFFFFFFFFFFFFFFFFFFFFFFFFFFFFFFFFF3F
:20618000FFFFFFFFFFFFFFFFFFFFFFFFFFFFFFFFFFFFFFFFFFFFFFFFFFFFFFFFFFFFFFFF1F
:2061A000FFFFFFFFFFFFFFFFFFFFFFFFFFFFFFFFFFFFFFFFFFFFFFFFFFFFFFFFFFFFFFFFFF
:2061C000FFFFFFFFFFFFFFFFFFFFFFFFFFFFFFFFFFFFFFFFFFFFFFFFFFFFFFFFFFFFFFFFDF
:2061E000FFFFFFFFFFFFFFFFFFFFFFFFFFFFFFFFFFFFFFFFFFFFFFFFFFFFFFFFFFFFFFFFBF
:20620000FFFFFFFFFFFFFFFFFFFFFFFFFFFFFFFFFFFFFFFFFFFFFFFFFFFFFFFFFFFFFFFF9E
:20622000FFFFFFFFFFFFFFFFFFFFFFFFFFFFFFFFFFFFFFFFFFFFFFFFFFFFFFFFFFFFFFFF7E
:20624000FFFFFFFFFFFFFFFFFFFFFFFFFFFFFFFFFFFFFFFFFFFFFFFFFFFFFFFFFFFFFFFF5E
:20626000FFFFFFFFFFFFFFFFFFFFFFFFFFFFFFFFFFFFFFFFFFFFFFFFFFFFFFFFFFFFFFFF3E
:20628000FFFFFFFFFFFFFFFFFFFFFFFFFFFFFFFFFFFFFFFFFFFFFFFFFFFFFFFFFFFFFFFF1E
:2062A000FFFFFFFFFFFFFFFFFFFFFFFFFFFFFFFFFFFFFFFFFFFFFFFFFFFFFFFFFFFFFFFFFE
:2062C000FFFFFFFFFFFFFFFFFFFFFFFFFFFFFFFFFFFFFFFFFFFFFFFFFFFFFFFFFFFFFFFFDE
:2062E000FFFFFFFFFFFFFFFFFFFFFFFFFFFFFFFFFFFFFFFFFFFFFFFFFFFFFFFFFFFFFFFFBE
:20630000FFFFFFFFFFFFFFFFFFFFFFFFFFFFFFFFFFFFFFFFFFFFFFFFFFFFFFFFFFFFFFFF9D
:20632000FFFFFFFFFFFFFFFFFFFFFFFFFFFFFFFFFFFFFFFFFFFFFFFFFFFFFFFFFFFFFFFF7D
:20634000FFFFFFFFFFFFFFFFFFFFFFFFFFFFFFFFFFFFFFFFFFFFFFFFFFFFFFFFFFFFFFFF5D
:20636000FFFFFFFFFFFFFFFFFFFFFFFFFFFFFFFFFFFFFFFFFFFFFFFFFFFFFFFFFFFFFFFF3D
:20638000FFFFFFFFFFFFFFFFFFFFFFFFFFFFFFFFFFFFFFFFFFFFFFFFFFFFFFFFFFFFFFFF1D
:2063A000FFFFFFFFFFFFFFFFFFFFFFFFFFFFFFFFFFFFFFFFFFFFFFFFFFFFFFFFFFFFFFFFFD
:2063C000FFFFFFFFFFFFFFFFFFFFFFFFFFFFFFFFFFFFFFFFFFFFFFFFFFFFFFFFFFFFFFFFDD
:2063E000FFFFFFFFFFFFFFFFFFFFFFFFFFFFFFFFFFFFFFFFFFFFFFFFFFFFFFFFFFFFFFFFBD
:20640000FFFFFFFFFFFFFFFFFFFFFFFFFFFFFFFFFFFFFFFFFFFFFFFFFFFFFFFFFFFFFFFF9C
:20642000FFFFFFFFFFFFFFFFFFFFFFFFFFFFFFFFFFFFFFFFFFFFFFFFFFFFFFFFFFFFFFFF7C
:20644000FFFFFFFFFFFFFFFFFFFFFFFFFFFFFFFFFFFFFFFFFFFFFFFFFFFFFFFFFFFFFFFF5C
:20646000FFFFFFFFFFFFFFFFFFFFFFFFFFFFFFFFFFFFFFFFFFFFFFFFFFFFFFFFFFFFFFFF3C
:20648000FFFFFFFFFFFFFFFFFFFFFFFFFFFFFFFFFFFFFFFFFFFFFFFFFFFFFFFFFFFFFFFF1C
:2064A000FFFFFFFFFFFFFFFFFFFFFFFFFFFFFFFFFFFFFFFFFFFFFFFFFFFFFFFFFFFFFFFFFC
:2064C000FFFFFFFFFFFFFFFFFFFFFFFFFFFFFFFFFFFFFFFFFFFFFFFFFFFFFFFFFFFFFFFFDC
:2064E000FFFFFFFFFFFFFFFFFFFFFFFFFFFFFFFFFFFFFFFFFFFFFFFFFFFFFFFFFFFFFFFFBC
:20650000FFFFFFFFFFFFFFFFFFFFFFFFFFFFFFFFFFFFFFFFFFFFFFFFFFFFFFFFFFFFFFFF9B
:20652000FFFFFFFFFFFFFFFFFFFFFFFFFFFFFFFFFFFFFFFFFFFFFFFFFFFFFFFFFFFFFFFF7B
:20654000FFFFFFFFFFFFFFFFFFFFFFFFFFFFFFFFFFFFFFFFFFFFFFFFFFFFFFFFFFFFFFFF5B
:20656000FFFFFFFFFFFFFFFFFFFFFFFFFFFFFFFFFFFFFFFFFFFFFFFFFFFFFFFFFFFFFFFF3B
:20658000FFFFFFFFFFFFFFFFFFFFFFFFFFFFFFFFFFFFFFFFFFFFFFFFFFFFFFFFFFFFFFFF1B
:2065A000FFFFFFFFFFFFFFFFFFFFFFFFFFFFFFFFFFFFFFFFFFFFFFFFFFFFFFFFFFFFFFFFFB
:2065C000FFFFFFFFFFFFFFFFFFFFFFFFFFFFFFFFFFFFFFFFFFFFFFFFFFFFFFFFFFFFFFFFDB
:2065E000FFFFFFFFFFFFFFFFFFFFFFFFFFFFFFFFFFFFFFFFFFFFFFFFFFFFFFFFFFFFFFFFBB
:20660000FFFFFFFFFFFFFFFFFFFFFFFFFFFFFFFFFFFFFFFFFFFFFFFFFFFFFFFFFFFFFFFF9A
:20662000FFFFFFFFFFFFFFFFFFFFFFFFFFFFFFFFFFFFFFFFFFFFFFFFFFFFFFFFFFFFFFFF7A
:20664000FFFFFFFFFFFFFFFFFFFFFFFFFFFFFFFFFFFFFFFFFFFFFFFFFFFFFFFFFFFFFFFF5A
:20666000FFFFFFFFFFFFFFFFFFFFFFFFFFFFFFFFFFFFFFFFFFFFFFFFFFFFFFFFFFFFFFFF3A
:20668000FFFFFFFFFFFFFFFFFFFFFFFFFFFFFFFFFFFFFFFFFFFFFFFFFFFFFFFFFFFFFFFF1A
:2066A000FFFFFFFFFFFFFFFFFFFFFFFFFFFFFFFFFFFFFFFFFFFFFFFFFFFFFFFFFFFFFFFFFA
:2066C000FFFFFFFFFFFFFFFFFFFFFFFFFFFFFFFFFFFFFFFFFFFFFFFFFFFFFFFFFFFFFFFFDA
:2066E000FFFFFFFFFFFFFFFFFFFFFFFFFFFFFFFFFFFFFFFFFFFFFFFFFFFFFFFFFFFFFFFFBA
:20670000FFFFFFFFFFFFFFFFFFFFFFFFFFFFFFFFFFFFFFFFFFFFFFFFFFFFFFFFFFFFFFFF99
:20672000FFFFFFFFFFFFFFFFFFFFFFFFFFFFFFFFFFFFFFFFFFFFFFFFFFFFFFFFFFFFFFFF79
:20674000FFFFFFFFFFFFFFFFFFFFFFFFFFFFFFFFFFFFFFFFFFFFFFFFFFFFFFFFFFFFFFFF59
:20676000FFFFFFFFFFFFFFFFFFFFFFFFFFFFFFFFFFFFFFFFFFFFFFFFFFFFFFFFFFFFFFFF39
:20678000FFFFFFFFFFFFFFFFFFFFFFFFFFFFFFFFFFFFFFFFFFFFFFFFFFFFFFFFFFFFFFFF19
:2067A000FFFFFFFFFFFFFFFFFFFFFFFFFFFFFFFFFFFFFFFFFFFFFFFFFFFFFFFFFFFFFFFFF9
:2067C000FFFFFFFFFFFFFFFFFFFFFFFFFFFFFFFFFFFFFFFFFFFFFFFFFFFFFFFFFFFFFFFFD9
:2067E000FFFFFFFFFFFFFFFFFFFFFFFFFFFFFFFFFFFFFFFFFFFFFFFFFFFFFFFFFFFFFFFFB9
:20680000FFFFFFFFFFFFFFFFFFFFFFFFFFFFFFFFFFFFFFFFFFFFFFFFFFFFFFFFFFFFFFFF98
:20682000FFFFFFFFFFFFFFFFFFFFFFFFFFFFFFFFFFFFFFFFFFFFFFFFFFFFFFFFFFFFFFFF78
:20684000FFFFFFFFFFFFFFFFFFFFFFFFFFFFFFFFFFFFFFFFFFFFFFFFFFFFFFFFFFFFFFFF58
:20686000FFFFFFFFFFFFFFFFFFFFFFFFFFFFFFFFFFFFFFFFFFFFFFFFFFFFFFFFFFFFFFFF38
:20688000FFFFFFFFFFFFFFFFFFFFFFFFFFFFFFFFFFFFFFFFFFFFFFFFFFFFFFFFFFFFFFFF18
:2068A000FFFFFFFFFFFFFFFFFFFFFFFFFFFFFFFFFFFFFFFFFFFFFFFFFFFFFFFFFFFFFFFFF8
:2068C000FFFFFFFFFFFFFFFFFFFFFFFFFFFFFFFFFFFFFFFFFFFFFFFFFFFFFFFFFFFFFFFFD8
:2068E000FFFFFFFFFFFFFFFFFFFFFFFFFFFFFFFFFFFFFFFFFFFFFFFFFFFFFFFFFFFFFFFFB8
:20690000FFFFFFFFFFFFFFFFFFFFFFFFFFFFFFFFFFFFFFFFFFFFFFFFFFFFFFFFFFFFFFFF97
:20692000FFFFFFFFFFFFFFFFFFFFFFFFFFFFFFFFFFFFFFFFFFFFFFFFFFFFFFFFFFFFFFFF77
:20694000FFFFFFFFFFFFFFFFFFFFFFFFFFFFFFFFFFFFFFFFFFFFFFFFFFFFFFFFFFFFFFFF57
:20696000FFFFFFFFFFFFFFFFFFFFFFFFFFFFFFFFFFFFFFFFFFFFFFFFFFFFFFFFFFFFFFFF37
:20698000FFFFFFFFFFFFFFFFFFFFFFFFFFFFFFFFFFFFFFFFFFFFFFFFFFFFFFFFFFFFFFFF17
:2069A000FFFFFFFFFFFFFFFFFFFFFFFFFFFFFFFFFFFFFFFFFFFFFFFFFFFFFFFFFFFFFFFFF7
:2069C000FFFFFFFFFFFFFFFFFFFFFFFFFFFFFFFFFFFFFFFFFFFFFFFFFFFFFFFFFFFFFFFFD7
:2069E000FFFFFFFFFFFFFFFFFFFFFFFFFFFFFFFFFFFFFFFFFFFFFFFFFFFFFFFFFFFFFFFFB7
:206A0000FFFFFFFFFFFFFFFFFFFFFFFFFFFFFFFFFFFFFFFFFFFFFFFFFFFFFFFFFFFFFFFF96
:206A2000FFFFFFFFFFFFFFFFFFFFFFFFFFFFFFFFFFFFFFFFFFFFFFFFFFFFFFFFFFFFFFFF76
:206A4000FFFFFFFFFFFFFFFFFFFFFFFFFFFFFFFFFFFFFFFFFFFFFFFFFFFFFFFFFFFFFFFF56
:206A6000FFFFFFFFFFFFFFFFFFFFFFFFFFFFFFFFFFFFFFFFFFFFFFFFFFFFFFFFFFFFFFFF36
:206A8000FFFFFFFFFFFFFFFFFFFFFFFFFFFFFFFFFFFFFFFFFFFFFFFFFFFFFFFFFFFFFFFF16
:206AA000FFFFFFFFFFFFFFFFFFFFFFFFFFFFFFFFFFFFFFFFFFFFFFFFFFFFFFFFFFFFFFFFF6
:206AC000FFFFFFFFFFFFFFFFFFFFFFFFFFFFFFFFFFFFFFFFFFFFFFFFFFFFFFFFFFFFFFFFD6
:206AE000FFFFFFFFFFFFFFFFFFFFFFFFFFFFFFFFFFFFFFFFFFFFFFFFFFFFFFFFFFFFFFFFB6
:206B0000FFFFFFFFFFFFFFFFFFFFFFFFFFFFFFFFFFFFFFFFFFFFFFFFFFFFFFFFFFFFFFFF95
:206B2000FFFFFFFFFFFFFFFFFFFFFFFFFFFFFFFFFFFFFFFFFFFFFFFFFFFFFFFFFFFFFFFF75
:206B4000FFFFFFFFFFFFFFFFFFFFFFFFFFFFFFFFFFFFFFFFFFFFFFFFFFFFFFFFFFFFFFFF55
:206B6000FFFFFFFFFFFFFFFFFFFFFFFFFFFFFFFFFFFFFFFFFFFFFFFFFFFFFFFFFFFFFFFF35
:206B8000FFFFFFFFFFFFFFFFFFFFFFFFFFFFFFFFFFFFFFFFFFFFFFFFFFFFFFFFFFFFFFFF15
:206BA000FFFFFFFFFFFFFFFFFFFFFFFFFFFFFFFFFFFFFFFFFFFFFFFFFFFFFFFFFFFFFFFFF5
:206BC000FFFFFFFFFFFFFFFFFFFFFFFFFFFFFFFFFFFFFFFFFFFFFFFFFFFFFFFFFFFFFFFFD5
:206BE000FFFFFFFFFFFFFFFFFFFFFFFFFFFFFFFFFFFFFFFFFFFFFFFFFFFFFFFFFFFFFFFFB5
:206C0000FFFFFFFFFFFFFFFFFFFFFFFFFFFFFFFFFFFFFFFFFFFFFFFFFFFFFFFFFFFFFFFF94
:206C2000FFFFFFFFFFFFFFFFFFFFFFFFFFFFFFFFFFFFFFFFFFFFFFFFFFFFFFFFFFFFFFFF74
:206C4000FFFFFFFFFFFFFFFFFFFFFFFFFFFFFFFFFFFFFFFFFFFFFFFFFFFFFFFFFFFFFFFF54
:206C6000FFFFFFFFFFFFFFFFFFFFFFFFFFFFFFFFFFFFFFFFFFFFFFFFFFFFFFFFFFFFFFFF34
:206C8000FFFFFFFFFFFFFFFFFFFFFFFFFFFFFFFFFFFFFFFFFFFFFFFFFFFFFFFFFFFFFFFF14
:206CA000FFFFFFFFFFFFFFFFFFFFFFFFFFFFFFFFFFFFFFFFFFFFFFFFFFFFFFFFFFFFFFFFF4
:206CC000FFFFFFFFFFFFFFFFFFFFFFFFFFFFFFFFFFFFFFFFFFFFFFFFFFFFFFFFFFFFFFFFD4
:206CE000FFFFFFFFFFFFFFFFFFFFFFFFFFFFFFFFFFFFFFFFFFFFFFFFFFFFFFFFFFFFFFFFB4
:206D0000FFFFFFFFFFFFFFFFFFFFFFFFFFFFFFFFFFFFFFFFFFFFFFFFFFFFFFFFFFFFFFFF93
:206D2000FFFFFFFFFFFFFFFFFFFFFFFFFFFFFFFFFFFFFFFFFFFFFFFFFFFFFFFFFFFFFFFF73
:206D4000FFFFFFFFFFFFFFFFFFFFFFFFFFFFFFFFFFFFFFFFFFFFFFFFFFFFFFFFFFFFFFFF53
:206D6000FFFFFFFFFFFFFFFFFFFFFFFFFFFFFFFFFFFFFFFFFFFFFFFFFFFFFFFFFFFFFFFF33
:206D8000FFFFFFFFFFFFFFFFFFFFFFFFFFFFFFFFFFFFFFFFFFFFFFFFFFFFFFFFFFFFFFFF13
:206DA000FFFFFFFFFFFFFFFFFFFFFFFFFFFFFFFFFFFFFFFFFFFFFFFFFFFFFFFFFFFFFFFFF3
:206DC000FFFFFFFFFFFFFFFFFFFFFFFFFFFFFFFFFFFFFFFFFFFFFFFFFFFFFFFFFFFFFFFFD3
:206DE000FFFFFFFFFFFFFFFFFFFFFFFFFFFFFFFFFFFFFFFFFFFFFFFFFFFFFFFFFFFFFFFFB3
:206E0000FFFFFFFFFFFFFFFFFFFFFFFFFFFFFFFFFFFFFFFFFFFFFFFFFFFFFFFFFFFFFFFF92
:206E2000FFFFFFFFFFFFFFFFFFFFFFFFFFFFFFFFFFFFFFFFFFFFFFFFFFFFFFFFFFFFFFFF72
:206E4000FFFFFFFFFFFFFFFFFFFFFFFFFFFFFFFFFFFFFFFFFFFFFFFFFFFFFFFFFFFFFFFF52
:206E6000FFFFFFFFFFFFFFFFFFFFFFFFFFFFFFFFFFFFFFFFFFFFFFFFFFFFFFFFFFFFFFFF32
:206E8000FFFFFFFFFFFFFFFFFFFFFFFFFFFFFFFFFFFFFFFFFFFFFFFFFFFFFFFFFFFFFFFF12
:206EA000FFFFFFFFFFFFFFFFFFFFFFFFFFFFFFFFFFFFFFFFFFFFFFFFFFFFFFFFFFFFFFFFF2
:206EC000FFFFFFFFFFFFFFFFFFFFFFFFFFFFFFFFFFFFFFFFFFFFFFFFFFFFFFFFFFFFFFFFD2
:206EE000FFFFFFFFFFFFFFFFFFFFFFFFFFFFFFFFFFFFFFFFFFFFFFFFFFFFFFFFFFFFFFFFB2
:206F0000FFFFFFFFFFFFFFFFFFFFFFFFFFFFFFFFFFFFFFFFFFFFFFFFFFFFFFFFFFFFFFFF91
:206F2000FFFFFFFFFFFFFFFFFFFFFFFFFFFFFFFFFFFFFFFFFFFFFFFFFFFFFFFFFFFFFFFF71
:206F4000FFFFFFFFFFFFFFFFFFFFFFFFFFFFFFFFFFFFFFFFFFFFFFFFFFFFFFFFFFFFFFFF51
:206F6000FFFFFFFFFFFFFFFFFFFFFFFFFFFFFFFFFFFFFFFFFFFFFFFFFFFFFFFFFFFFFFFF31
:206F8000FFFFFFFFFFFFFFFFFFFFFFFFFFFFFFFFFFFFFFFFFFFFFFFFFFFFFFFFFFFFFFFF11
:206FA000FFFFFFFFFFFFFFFFFFFFFFFFFFFFFFFFFFFFFFFFFFFFFFFFFFFFFFFFFFFFFFFFF1
:206FC000FFFFFFFFFFFFFFFFFFFFFFFFFFFFFFFFFFFFFFFFFFFFFFFFFFFFFFFFFFFFFFFFD1
:206FE000FFFFFFFFFFFFFFFFFFFFFFFFFFFFFFFFFFFFFFFFFFFFFFFFFFFFFFFFFFFFFFFFB1
:20700000FFFFFFFFFFFFFFFFFFFFFFFFFFFFFFFFFFFFFFFFFFFFFFFFFFFFFFFFFFFFFFFF90
:20702000FFFFFFFFFFFFFFFFFFFFFFFFFFFFFFFFFFFFFFFFFFFFFFFFFFFFFFFFFFFFFFFF70
:20704000FFFFFFFFFFFFFFFFFFFFFFFFFFFFFFFFFFFFFFFFFFFFFFFFFFFFFFFFFFFFFFFF50
:20706000FFFFFFFFFFFFFFFFFFFFFFFFFFFFFFFFFFFFFFFFFFFFFFFFFFFFFFFFFFFFFFFF30
:20708000FFFFFFFFFFFFFFFFFFFFFFFFFFFFFFFFFFFFFFFFFFFFFFFFFFFFFFFFFFFFFFFF10
:2070A000FFFFFFFFFFFFFFFFFFFFFFFFFFFFFFFFFFFFFFFFFFFFFFFFFFFFFFFFFFFFFFFFF0
:2070C000FFFFFFFFFFFFFFFFFFFFFFFFFFFFFFFFFFFFFFFFFFFFFFFFFFFFFFFFFFFFFFFFD0
:2070E000FFFFFFFFFFFFFFFFFFFFFFFFFFFFFFFFFFFFFFFFFFFFFFFFFFFFFFFFFFFFFFFFB0
:20710000FFFFFFFFFFFFFFFFFFFFFFFFFFFFFFFFFFFFFFFFFFFFFFFFFFFFFFFFFFFFFFFF8F
:20712000FFFFFFFFFFFFFFFFFFFFFFFFFFFFFFFFFFFFFFFFFFFFFFFFFFFFFFFFFFFFFFFF6F
:20714000FFFFFFFFFFFFFFFFFFFFFFFFFFFFFFFFFFFFFFFFFFFFFFFFFFFFFFFFFFFFFFFF4F
:20716000FFFFFFFFFFFFFFFFFFFFFFFFFFFFFFFFFFFFFFFFFFFFFFFFFFFFFFFFFFFFFFFF2F
:20718000FFFFFFFFFFFFFFFFFFFFFFFFFFFFFFFFFFFFFFFFFFFFFFFFFFFFFFFFFFFFFFFF0F
:2071A000FFFFFFFFFFFFFFFFFFFFFFFFFFFFFFFFFFFFFFFFFFFFFFFFFFFFFFFFFFFFFFFFEF
:2071C000FFFFFFFFFFFFFFFFFFFFFFFFFFFFFFFFFFFFFFFFFFFFFFFFFFFFFFFFFFFFFFFFCF
:2071E000FFFFFFFFFFFFFFFFFFFFFFFFFFFFFFFFFFFFFFFFFFFFFFFFFFFFFFFFFFFFFFFFAF
:20720000FFFFFFFFFFFFFFFFFFFFFFFFFFFFFFFFFFFFFFFFFFFFFFFFFFFFFFFFFFFFFFFF8E
:20722000FFFFFFFFFFFFFFFFFFFFFFFFFFFFFFFFFFFFFFFFFFFFFFFFFFFFFFFFFFFFFFFF6E
:20724000FFFFFFFFFFFFFFFFFFFFFFFFFFFFFFFFFFFFFFFFFFFFFFFFFFFFFFFFFFFFFFFF4E
:20726000FFFFFFFFFFFFFFFFFFFFFFFFFFFFFFFFFFFFFFFFFFFFFFFFFFFFFFFFFFFFFFFF2E
:20728000FFFFFFFFFFFFFFFFFFFFFFFFFFFFFFFFFFFFFFFFFFFFFFFFFFFFFFFFFFFFFFFF0E
:2072A000FFFFFFFFFFFFFFFFFFFFFFFFFFFFFFFFFFFFFFFFFFFFFFFFFFFFFFFFFFFFFFFFEE
:2072C000FFFFFFFFFFFFFFFFFFFFFFFFFFFFFFFFFFFFFFFFFFFFFFFFFFFFFFFFFFFFFFFFCE
:2072E000FFFFFFFFFFFFFFFFFFFFFFFFFFFFFFFFFFFFFFFFFFFFFFFFFFFFFFFFFFFFFFFFAE
:20730000FFFFFFFFFFFFFFFFFFFFFFFFFFFFFFFFFFFFFFFFFFFFFFFFFFFFFFFFFFFFFFFF8D
:20732000FFFFFFFFFFFFFFFFFFFFFFFFFFFFFFFFFFFFFFFFFFFFFFFFFFFFFFFFFFFFFFFF6D
:20734000FFFFFFFFFFFFFFFFFFFFFFFFFFFFFFFFFFFFFFFFFFFFFFFFFFFFFFFFFFFFFFFF4D
:20736000FFFFFFFFFFFFFFFFFFFFFFFFFFFFFFFFFFFFFFFFFFFFFFFFFFFFFFFFFFFFFFFF2D
:20738000FFFFFFFFFFFFFFFFFFFFFFFFFFFFFFFFFFFFFFFFFFFFFFFFFFFFFFFFFFFFFFFF0D
:2073A000FFFFFFFFFFFFFFFFFFFFFFFFFFFFFFFFFFFFFFFFFFFFFFFFFFFFFFFFFFFFFFFFED
:2073C000FFFFFFFFFFFFFFFFFFFFFFFFFFFFFFFFFFFFFFFFFFFFFFFFFFFFFFFFFFFFFFFFCD
:2073E000FFFFFFFFFFFFFFFFFFFFFFFFFFFFFFFFFFFFFFFFFFFFFFFFFFFFFFFFFFFFFFFFAD
:20740000FFFFFFFFFFFFFFFFFFFFFFFFFFFFFFFFFFFFFFFFFFFFFFFFFFFFFFFFFFFFFFFF8C
:20742000FFFFFFFFFFFFFFFFFFFFFFFFFFFFFFFFFFFFFFFFFFFFFFFFFFFFFFFFFFFFFFFF6C
:20744000FFFFFFFFFFFFFFFFFFFFFFFFFFFFFFFFFFFFFFFFFFFFFFFFFFFFFFFFFFFFFFFF4C
:20746000FFFFFFFFFFFFFFFFFFFFFFFFFFFFFFFFFFFFFFFFFFFFFFFFFFFFFFFFFFFFFFFF2C
:20748000FFFFFFFFFFFFFFFFFFFFFFFFFFFFFFFFFFFFFFFFFFFFFFFFFFFFFFFFFFFFFFFF0C
:2074A000FFFFFFFFFFFFFFFFFFFFFFFFFFFFFFFFFFFFFFFFFFFFFFFFFFFFFFFFFFFFFFFFEC
:2074C000FFFFFFFFFFFFFFFFFFFFFFFFFFFFFFFFFFFFFFFFFFFFFFFFFFFFFFFFFFFFFFFFCC
:2074E000FFFFFFFFFFFFFFFFFFFFFFFFFFFFFFFFFFFFFFFFFFFFFFFFFFFFFFFFFFFFFFFFAC
:20750000FFFFFFFFFFFFFFFFFFFFFFFFFFFFFFFFFFFFFFFFFFFFFFFFFFFFFFFFFFFFFFFF8B
:20752000FFFFFFFFFFFFFFFFFFFFFFFFFFFFFFFFFFFFFFFFFFFFFFFFFFFFFFFFFFFFFFFF6B
:20754000FFFFFFFFFFFFFFFFFFFFFFFFFFFFFFFFFFFFFFFFFFFFFFFFFFFFFFFFFFFFFFFF4B
:20756000FFFFFFFFFFFFFFFFFFFFFFFFFFFFFFFFFFFFFFFFFFFFFFFFFFFFFFFFFFFFFFFF2B
:20758000FFFFFFFFFFFFFFFFFFFFFFFFFFFFFFFFFFFFFFFFFFFFFFFFFFFFFFFFFFFFFFFF0B
:2075A000FFFFFFFFFFFFFFFFFFFFFFFFFFFFFFFFFFFFFFFFFFFFFFFFFFFFFFFFFFFFFFFFEB
:2075C000FFFFFFFFFFFFFFFFFFFFFFFFFFFFFFFFFFFFFFFFFFFFFFFFFFFFFFFFFFFFFFFFCB
:2075E000FFFFFFFFFFFFFFFFFFFFFFFFFFFFFFFFFFFFFFFFFFFFFFFFFFFFFFFFFFFFFFFFAB
:20760000FFFFFFFFFFFFFFFFFFFFFFFFFFFFFFFFFFFFFFFFFFFFFFFFFFFFFFFFFFFFFFFF8A
:20762000FFFFFFFFFFFFFFFFFFFFFFFFFFFFFFFFFFFFFFFFFFFFFFFFFFFFFFFFFFFFFFFF6A
:20764000FFFFFFFFFFFFFFFFFFFFFFFFFFFFFFFFFFFFFFFFFFFFFFFFFFFFFFFFFFFFFFFF4A
:20766000FFFFFFFFFFFFFFFFFFFFFFFFFFFFFFFFFFFFFFFFFFFFFFFFFFFFFFFFFFFFFFFF2A
:20768000FFFFFFFFFFFFFFFFFFFFFFFFFFFFFFFFFFFFFFFFFFFFFFFFFFFFFFFFFFFFFFFF0A
:2076A000FFFFFFFFFFFFFFFFFFFFFFFFFFFFFFFFFFFFFFFFFFFFFFFFFFFFFFFFFFFFFFFFEA
:2076C000FFFFFFFFFFFFFFFFFFFFFFFFFFFFFFFFFFFFFFFFFFFFFFFFFFFFFFFFFFFFFFFFCA
:2076E000FFFFFFFFFFFFFFFFFFFFFFFFFFFFFFFFFFFFFFFFFFFFFFFFFFFFFFFFFFFFFFFFAA
:20770000FFFFFFFFFFFFFFFFFFFFFFFFFFFFFFFFFFFFFFFFFFFFFFFFFFFFFFFFFFFFFFFF89
:20772000FFFFFFFFFFFFFFFFFFFFFFFFFFFFFFFFFFFFFFFFFFFFFFFFFFFFFFFFFFFFFFFF69
:20774000FFFFFFFFFFFFFFFFFFFFFFFFFFFFFFFFFFFFFFFFFFFFFFFFFFFFFFFFFFFFFFFF49
:20776000FFFFFFFFFFFFFFFFFFFFFFFFFFFFFFFFFFFFFFFFFFFFFFFFFFFFFFFFFFFFFFFF29
:20778000FFFFFFFFFFFFFFFFFFFFFFFFFFFFFFFFFFFFFFFFFFFFFFFFFFFFFFFFFFFFFFFF09
:2077A000FFFFFFFFFFFFFFFFFFFFFFFFFFFFFFFFFFFFFFFFFFFFFFFFFFFFFFFFFFFFFFFFE9
:2077C000FFFFFFFFFFFFFFFFFFFFFFFFFFFFFFFFFFFFFFFFFFFFFFFFFFFFFFFFFFFFFFFFC9
:2077E000FFFFFFFFFFFFFFFFFFFFFFFFFFFFFFFFFFFFFFFFFFFFFFFFFFFFFFFFFFFFFFFFA9
:20780000FFFFFFFFFFFFFFFFFFFFFFFFFFFFFFFFFFFFFFFFFFFFFFFFFFFFFFFFFFFFFFFF88
:20782000FFFFFFFFFFFFFFFFFFFFFFFFFFFFFFFFFFFFFFFFFFFFFFFFFFFFFFFFFFFFFFFF68
:20784000FFFFFFFFFFFFFFFFFFFFFFFFFFFFFFFFFFFFFFFFFFFFFFFFFFFFFFFFFFFFFFFF48
:20786000FFFFFFFFFFFFFFFFFFFFFFFFFFFFFFFFFFFFFFFFFFFFFFFFFFFFFFFFFFFFFFFF28
:20788000FFFFFFFFFFFFFFFFFFFFFFFFFFFFFFFFFFFFFFFFFFFFFFFFFFFFFFFFFFFFFFFF08
:2078A000FFFFFFFFFFFFFFFFFFFFFFFFFFFFFFFFFFFFFFFFFFFFFFFFFFFFFFFFFFFFFFFFE8
:2078C000FFFFFFFFFFFFFFFFFFFFFFFFFFFFFFFFFFFFFFFFFFFFFFFFFFFFFFFFFFFFFFFFC8
:2078E000FFFFFFFFFFFFFFFFFFFFFFFFFFFFFFFFFFFFFFFFFFFFFFFFFFFFFFFFFFFFFFFFA8
:20790000FFFFFFFFFFFFFFFFFFFFFFFFFFFFFFFFFFFFFFFFFFFFFFFFFFFFFFFFFFFFFFFF87
:20792000FFFFFFFFFFFFFFFFFFFFFFFFFFFFFFFFFFFFFFFFFFFFFFFFFFFFFFFFFFFFFFFF67
:20794000FFFFFFFFFFFFFFFFFFFFFFFFFFFFFFFFFFFFFFFFFFFFFFFFFFFFFFFFFFFFFFFF47
:20796000FFFFFFFFFFFFFFFFFFFFFFFFFFFFFFFFFFFFFFFFFFFFFFFFFFFFFFFFFFFFFFFF27
:20798000FFFFFFFFFFFFFFFFFFFFFFFFFFFFFFFFFFFFFFFFFFFFFFFFFFFFFFFFFFFFFFFF07
:2079A000FFFFFFFFFFFFFFFFFFFFFFFFFFFFFFFFFFFFFFFFFFFFFFFFFFFFFFFFFFFFFFFFE7
:2079C000FFFFFFFFFFFFFFFFFFFFFFFFFFFFFFFFFFFFFFFFFFFFFFFFFFFFFFFFFFFFFFFFC7
:2079E000FFFFFFFFFFFFFFFFFFFFFFFFFFFFFFFFFFFFFFFFFFFFFFFFFFFFFFFFFFFFFFFFA7
:207A0000FFFFFFFFFFFFFFFFFFFFFFFFFFFFFFFFFFFFFFFFFFFFFFFFFFFFFFFFFFFFFFFF86
:207A2000FFFFFFFFFFFFFFFFFFFFFFFFFFFFFFFFFFFFFFFFFFFFFFFFFFFFFFFFFFFFFFFF66
:207A4000FFFFFFFFFFFFFFFFFFFFFFFFFFFFFFFFFFFFFFFFFFFFFFFFFFFFFFFFFFFFFFFF46
:207A6000FFFFFFFFFFFFFFFFFFFFFFFFFFFFFFFFFFFFFFFFFFFFFFFFFFFFFFFFFFFFFFFF26
:207A8000FFFFFFFFFFFFFFFFFFFFFFFFFFFFFFFFFFFFFFFFFFFFFFFFFFFFFFFFFFFFFFFF06
:207AA000FFFFFFFFFFFFFFFFFFFFFFFFFFFFFFFFFFFFFFFFFFFFFFFFFFFFFFFFFFFFFFFFE6
:207AC000FFFFFFFFFFFFFFFFFFFFFFFFFFFFFFFFFFFFFFFFFFFFFFFFFFFFFFFFFFFFFFFFC6
:207AE000FFFFFFFFFFFFFFFFFFFFFFFFFFFFFFFFFFFFFFFFFFFFFFFFFFFFFFFFFFFFFFFFA6
:207B0000FFFFFFFFFFFFFFFFFFFFFFFFFFFFFFFFFFFFFFFFFFFFFFFFFFFFFFFFFFFFFFFF85
:207B2000FFFFFFFFFFFFFFFFFFFFFFFFFFFFFFFFFFFFFFFFFFFFFFFFFFFFFFFFFFFFFFFF65
:207B4000FFFFFFFFFFFFFFFFFFFFFFFFFFFFFFFFFFFFFFFFFFFFFFFFFFFFFFFFFFFFFFFF45
:207B6000FFFFFFFFFFFFFFFFFFFFFFFFFFFFFFFFFFFFFFFFFFFFFFFFFFFFFFFFFFFFFFFF25
:207B8000FFFFFFFFFFFFFFFFFFFFFFFFFFFFFFFFFFFFFFFFFFFFFFFFFFFFFFFFFFFFFFFF05
:207BA000FFFFFFFFFFFFFFFFFFFFFFFFFFFFFFFFFFFFFFFFFFFFFFFFFFFFFFFFFFFFFFFFE5
:207BC000FFFFFFFFFFFFFFFFFFFFFFFFFFFFFFFFFFFFFFFFFFFFFFFFFFFFFFFFFFFFFFFFC5
:207BE000FFFFFFFFFFFFFFFFFFFFFFFFFFFFFFFFFFFFFFFFFFFFFFFFFFFFFFFFFFFFFFFFA5
:207C0000FFFFFFFFFFFFFFFFFFFFFFFFFFFFFFFFFFFFFFFFFFFFFFFFFFFFFFFFFFFFFFFF84
:207C2000FFFFFFFFFFFFFFFFFFFFFFFFFFFFFFFFFFFFFFFFFFFFFFFFFFFFFFFFFFFFFFFF64
:207C4000FFFFFFFFFFFFFFFFFFFFFFFFFFFFFFFFFFFFFFFFFFFFFFFFFFFFFFFFFFFFFFFF44
:207C6000FFFFFFFFFFFFFFFFFFFFFFFFFFFFFFFFFFFFFFFFFFFFFFFFFFFFFFFFFFFFFFFF24
:207C8000FFFFFFFFFFFFFFFFFFFFFFFFFFFFFFFFFFFFFFFFFFFFFFFFFFFFFFFFFFFFFFFF04
:207CA000FFFFFFFFFFFFFFFFFFFFFFFFFFFFFFFFFFFFFFFFFFFFFFFFFFFFFFFFFFFFFFFFE4
:207CC000FFFFFFFFFFFFFFFFFFFFFFFFFFFFFFFFFFFFFFFFFFFFFFFFFFFFFFFFFFFFFFFFC4
:207CE000FFFFFFFFFFFFFFFFFFFFFFFFFFFFFFFFFFFFFFFFFFFFFFFFFFFFFFFFFFFFFFFFA4
:207D0000FFFFFFFFFFFFFFFFFFFFFFFFFFFFFFFFFFFFFFFFFFFFFFFFFFFFFFFFFFFFFFFF83
:207D2000FFFFFFFFFFFFFFFFFFFFFFFFFFFFFFFFFFFFFFFFFFFFFFFFFFFFFFFFFFFFFFFF63
:207D4000FFFFFFFFFFFFFFFFFFFFFFFFFFFFFFFFFFFFFFFFFFFFFFFFFFFFFFFFFFFFFFFF43
:207D6000FFFFFFFFFFFFFFFFFFFFFFFFFFFFFFFFFFFFFFFFFFFFFFFFFFFFFFFFFFFFFFFF23
:207D8000FFFFFFFFFFFFFFFFFFFFFFFFFFFFFFFFFFFFFFFFFFFFFFFFFFFFFFFFFFFFFFFF03
:207DA000FFFFFFFFFFFFFFFFFFFFFFFFFFFFFFFFFFFFFFFFFFFFFFFFFFFFFFFFFFFFFFFFE3
:207DC000FFFFFFFFFFFFFFFFFFFFFFFFFFFFFFFFFFFFFFFFFFFFFFFFFFFFFFFFFFFFFFFFC3
:207DE000FFFFFFFFFFFFFFFFFFFFFFFFFFFFFFFFFFFFFFFFFFFFFFFFFFFFFFFFFFFFFFFFA3
:207E0000FFFFFFFFFFFFFFFFFFFFFFFFFFFFFFFFFFFFFFFFFFFFFFFFFFFFFFFFFFFFFFFF82
:207E2000FFFFFFFFFFFFFFFFFFFFFFFFFFFFFFFFFFFFFFFFFFFFFFFFFFFFFFFFFFFFFFFF62
:207E4000FFFFFFFFFFFFFFFFFFFFFFFFFFFFFFFFFFFFFFFFFFFFFFFFFFFFFFFFFFFFFFFF42
:207E6000FFFFFFFFFFFFFFFFFFFFFFFFFFFFFFFFFFFFFFFFFFFFFFFFFFFFFFFFFFFFFFFF22
:207E8000FFFFFFFFFFFFFFFFFFFFFFFFFFFFFFFFFFFFFFFFFFFFFFFFFFFFFFFFFFFFFFFF02
:207EA000FFFFFFFFFFFFFFFFFFFFFFFFFFFFFFFFFFFFFFFFFFFFFFFFFFFFFFFFFFFFFFFFE2
:207EC000FFFFFFFFFFFFFFFFFFFFFFFFFFFFFFFFFFFFFFFFFFFFFFFFFFFFFFFFFFFFFFFFC2
:207EE000FFFFFFFFFFFFFFFFFFFFFFFFFFFFFFFFFFFFFFFFFFFFFFFFFFFFFFFFFFFFFFFFA2
:207F0000FFFFFFFFFFFFFFFFFFFFFFFFFFFFFFFFFFFFFFFFFFFFFFFFFFFFFFFFFFFFFFFF81
:207F2000FFFFFFFFFFFFFFFFFFFFFFFFFFFFFFFFFFFFFFFFFFFFFFFFFFFFFFFFFFFFFFFF61
:207F4000FFFFFFFFFFFFFFFFFFFFFFFFFFFFFFFFFFFFFFFFFFFFFFFFFFFFFFFFFFFFFFFF41
:207F6000FFFFFFFFFFFFFFFFFFFFFFFFFFFFFFFFFFFFFFFFFFFFFFFFFFFFFFFFFFFFFFFF21
:207F8000FFFFFFFFFFFFFFFFFFFFFFFFFFFFFFFFFFFFFFFFFFFFFFFFFFFFFFFFFFFFFFFF01
:207FA000FFFFFFFFFFFFFFFFFFFFFFFFFFFFFFFFFFFFFFFFFFFFFFFFFFFFFFFFFFFFFFFFE1
:207FC000FFFFFFFFFFFFFFFFFFFFFFFFFFFFFFFFFFFFFFFFFFFFFFFFFFFFFFFFFFFFFFFFC1
:207FE000FFFFFFFFFFFFFFFFFFFFFFFFFFFFFFFF80002DE15D29410B8D77679C110F1F8A61
:020000040100F9
:10A15000FFFFFFFFFFFFFFFFFFFFFFFFFFFFFFFF0F
:0400000500002A2DA0
:00000001FF
