:020000040000FA
:200000006023FE1F2D2A000015290000292A0000292A0000292A0000292A0000292A00000C
:20002000000000000000000000000000292A0000292A000000000000292A0000292A000074
:20004000FFFFFFFFFFFFFFFFFFFFFFFFFFFFFFFFFFFFFFFFFFFFFFFFFFFFFFFFFFFFFFFFC0
:20006000FFFFFFFFFFFFFFFFFFFFFFFFFFFFFFFFFFFFFFFFFFFFFFFFFFFFFFFFFFFFFFFFA0
:20008000FFFFFFFFFFFFFFFFFFFFFFFFFFFFFFFFFFFFFFFFFFFFFFFFFFFFFFFFFFFFFFFF80
:2000A000FFFFFFFFFFFFFFFFFFFFFFFFFFFFFFFFFFFFFFFFFFFFFFFFFFFFFFFFFFFFFFFF60
:2000C000FFFFFFFFFFFFFFFFFFFFFFFFFFFFFFFFFFFFFFFFFFFFFFFFFFFFFFFFFFFFFFFF40
:2000E000FFFFFFFFFFFFFFFFFFFFFFFFFFFFFFFFFFFFFFFFFFFFFFFFFFFFFFFFFFFFFFFF20
:20010000FFFFFFFFFFFFFFFFFFFFFFFFFFFFFFFFFFFFFFFFFFFFFFFFFFFFFFFFFFFFFFFFFF
:20012000FFFFFFFFFFFFFFFFFFFFFFFFFFFFFFFFFFFFFFFFFFFFFFFFFFFFFFFFFFFFFFFFDF
:20014000FFFFFFFFFFFFFFFFFFFFFFFFFFFFFFFFFFFFFFFFFFFFFFFFFFFFFFFFFFFFFFFFBF
:20016000FFFFFFFFFFFFFFFFFFFFFFFFFFFFFFFFFFFFFFFFFFFFFFFFFFFFFFFFFFFFFFFF9F
:20018000FFFFFFFFFFFFFFFFFFFFFFFFFFFFFFFFFFFFFFFFFFFFFFFFFFFFFFFFFFFFFFFF7F
:2001A000FFFFFFFFFFFFFFFFFFFFFFFFFFFFFFFFFFFFFFFFFFFFFFFFFFFFFFFFFFFFFFFF5F
:2001C000FFFFFFFFFFFFFFFFFFFFFFFFFFFFFFFFFFFFFFFFFFFFFFFFFFFFFFFFFFFFFFFF3F
:2001E000FFFFFFFFFFFFFFFFFFFFFFFFFFFFFFFFFFFFFFFFFFFFFFFFFFFFFFFFFFFFFFFF1F
:20020000FFFFFFFFFFFFFFFFFFFFFFFFFFFFFFFFFFFFFFFFFFFFFFFFFFFFFFFFFFFFFFFFFE
:20022000FFFFFFFFFFFFFFFFFFFFFFFFFFFFFFFFFFFFFFFFFFFFFFFFFFFFFFFFFFFFFFFFDE
:20024000FFFFFFFFFFFFFFFFFFFFFFFFFFFFFFFFFFFFFFFFFFFFFFFFFFFFFFFFFFFFFFFFBE
:20026000FFFFFFFFFFFFFFFFFFFFFFFFFFFFFFFFFFFFFFFFFFFFFFFFFFFFFFFFFFFFFFFF9E
:20028000FFFFFFFFFFFFFFFFFFFFFFFFFFFFFFFFFFFFFFFFFFFFFFFFFFFFFFFFFFFFFFFF7E
:2002A000FFFFFFFFFFFFFFFFFFFFFFFFFFFFFFFFFFFFFFFFFFFFFFFFFFFFFFFFFFFFFFFF5E
:2002C000FFFFFFFFFFFFFFFFFFFFFFFFFFFFFFFFFFFFFFFFFFFFFFFFFFFFFFFFFFFFFFFF3E
:2002E000FFFFFFFFFFFFFFFFFFFFFFFFFFFFFFFFFFFFFFFFFFFFFFFFFFFFFFFFFFFFFFFF1E
:20030000FFFFFFFFFFFFFFFFFFFFFFFFFFFFFFFFFFFFFFFFFFFFFFFFFFFFFFFFFFFFFFFFFD
:20032000FFFFFFFFFFFFFFFFFFFFFFFFFFFFFFFFFFFFFFFFFFFFFFFFFFFFFFFFFFFFFFFFDD
:20034000FFFFFFFFFFFFFFFFFFFFFFFFFFFFFFFFFFFFFFFFFFFFFFFFFFFFFFFFFFFFFFFFBD
:20036000FFFFFFFFFFFFFFFFFFFFFFFFFFFFFFFFFFFFFFFFFFFFFFFFFFFFFFFFFFFFFFFF9D
:20038000FFFFFFFFFFFFFFFFFFFFFFFFFFFFFFFFFFFFFFFFFFFFFFFFFFFFFFFFFFFFFFFF7D
:2003A000FFFFFFFFFFFFFFFFFFFFFFFFFFFFFFFFFFFFFFFFFFFFFFFFFFFFFFFFFFFFFFFF5D
:2003C000FFFFFFFFFFFFFFFFFFFFFFFFFFFFFFFFFFFFFFFFFFFFFFFFFFFFFFFFFFFFFFFF3D
:2003E000FFFFFFFFFFFFFFFFFFFFFFFFFFFFFFFFFFFFFFFFFFFFFFFFFFFFFFFFFFFFFFFF1D
:20040000FFFFFFFFFFFDFFFFFCFFFFFFFFFFFFFFFCFFFFFFFFFFFFFFFCFFFF00FFFFFF0005
:20042000FCFF0F20FFFF0F20FCFF7F40FFFF7F40FCFF0D40FFFF0D40FFFFFFFF0348044BC5
:20044000834202D0034B03B118477047F006FE1FF006FE1F000000000548064B1B1AD90F0C
:2004600001EBA301491002D0034B03B118477047F006FE1FF006FE1F0000000010B5064C6C
:20048000237843B9FFF7DAFF044B13B10448AFF300800123237010BD0807FE1F00000000C5
:2004A000102E000008B5054B1BB105490548AFF30080BDE80840FFF7CFBF00BF0000000038
:2004C0000C07FE1F102E000000B585B0002368468DF8003000F068FD48B901A800F044FC0F
:2004E00058B901A800F086FF05B05DF804FB064B064A0748142102F0DDF9064B034A0448ED
:20050000282102F0D7F900BFB82B0000042C0000DC2B0000F02B0000FFF7D6BF704700BFDB
:2005200008B5FFF7F9FF002008BD00BF02F0E2BA00F000B88068903820F07F00A0F5807072
:20054000704700BF38B583680C46A3F1900121F07F0101232246054600F0A2FE00280BDBD0
:2005600064B1284600F028FF2378834208BF032305D12370002038BD012038BD2378012B39
:2005800018BF0223F5E700BF30B5836887B00D4602AAA3F110011023044600F081FE002805
:2005A0004FDB204600F008FF02AB06A901E08B424AD013F8012B9042F9D02D4B029A9A42CE
:2005C00044D002232B70A168903921F07F0101230DF10702A1F58071204600F061FE002855
:2005E0002FDB9DF8073003F00F021B092B7120466A7000F0E1FE9DF80730834234D1012299
:2006000000236A702B71A268903A22F07F010123AA1C8039204600F043FE002811DB204627
:2006200000F0CAFEAB78984208BF032302D0012B18BF0223AB70E91C2046FFF783FF07B069
:2006400030BD012007B030BD0323BBE7094B039A9A42B6D1084B049A9A42B2D1074B059A8B
:200660009A42AED10123ADE76B78042BCBD9C6E780002DE15D29410B8D77679C110F1F8AD4
:2006800030B587B004A9012000F0D2FD10B1FF2007B030BD049802A9FFF776FF0446049895
:2006A00000F0FCFD002CF2D101A9022000F0C0FD002846D003208DF813009DF80840284BA0
:2006C0009DF80BE0B4F1010C18BF4FF0010C03F112011A78042A06D0052A18D0121BB2FA38
:2006E00082F252096AB15A78042A05D0052A23D1421E18BF012222B19A78042A09D072451B
:2007000007D006338B42E4D1012007B030BD6246E8E7DA78042A03D09DF813509542F0D128
:200720001A79042A03D09DF80A509542E9D15879831E022BACD9AAE7121AB2FA82F2520949
:20074000D9E704A90198FFF71FFF0446019800F0A5FD012CAED0002C99D19DF81000ACE791
:20076000342C00002DE9F04FDFF850B1B1B014A83C9F3A9C3B9EDDF8F8901D46DBF8003082
:200780000293904600F01AFC002114A800F01AFC17B13D9B002B69DCB8F80A20B8F8083033
:2007A0001344D8F80C2013EB020A23D00027CDF80C8003E000F066FCBA4519D9AAEB0703AC
:2007C000B34228BF334639462246284698461F4400F066FD84464246214614A8BCF1000FAA
:2007E000E8D0DBF800300293029831B0BDE8F08FDDF80C800CA914A800F094FCB9F1000FFF
:2008000012D00CAC0FCCC9F80000C9F80410C9F80820C9F80C300FCCC9F81000C9F8141056
:20082000C9F81820C9F81C300023009341464FF6FF732A4606A800F00BFB04460028D0D197
:2008400028460B9EFFF774FE864205D9C9E713D1BDF81230102B15D00DF1120304AA05A959
:2008600006A800F041FB0028F1DABAE739461A4614A800F007FC8FE7002CB2D0029831B0DD
:20088000BDE8F08FBDF81040202CAAD10599234614AA284600F004FD0028A2D1224614A984
:2008A0000CA8FFF743FE0290034B1B6883424FF00104D1D095E700BF6807FE1FD406FE1F82
:2008C000F0B5074683B000200E4600F06BFD01A9C0B200F0ADFC98B90546019800F06CFDE4
:2008E0000446019800F0DAFC2C2303FB06714B1E033101E08B4205D013F8012FA242F9D083
:200900004FF0FF35284603B0F0BD00BF30B5042583B0426A019504460DEB0501012000F0FB
:2009200025FD98B9019B226DA3620DEB05010220019500F01BFD054660B9019B206A636504
:2009400000F00CFDE065284603B030BD0125284603B030BD0925284603B030BD2DE9F84F7E
:20096000DDE90AB626B3144F884691469A46002404E000F09FFCC0B9A64219D9351BB5F550
:20098000806F28BF4FF4806504EB0A012B463A46404600F085FC844604EB0B012B463A46C1
:2009A00048462C44BCF1000FE3D00120BDE8F88F0020BDE8F88F00BFAC08FE1F2DE9F04754
:2009C0000446AB4AAB4B4262884600218CB00846236500F0E7FC04F12001C0B200F028FCCE
:2009E000002840F09281012100F0DCFC04F14C01C0B200F01DFC002840F087812046FFF729
:200A000085FF20B10123984284F8583016D0002322461946204600F0B5F9054658B904F15A
:200A20002C0903464A460121204600F0ABF9204600F0C6F978BB012384F8583001220023D6
:200A40008DF8272007938C4B22689A420BD08B4B1D68E06C00F022FC206A00F01FFC284660
:200A60000CB0BDE8F087079B01330793079B012B00D0FEE70023CDE90833CDE90A33226A18
:200A80007F49537888F8043053680D68C8F80830C8F80040DDE77B4B099301272846CDE975
:200AA0000A550897FFF7ECFD831E022B064640F28A80C3B2042B84F858308DF8273078D82F
:200AC000012B6BD906A9012000F0B2FB002840F0238107A9022000F0ABFB0646002840F031
:200AE0002281A76A002F00F0FB800546636A069803EBC5033146D3F804A0524600F0F6FBDD
:200B0000002840F0FB800135AF425644EED10023CDE90036DDE906212046FFF71FFF0028E4
:200B20004AD1236D01465A68079800F0DFFB002840F00781D4E91432013A196853F832007C
:200B400003EBC203411A5A68079800F0CFFB0546002840F0EF80069800F0A0FB079800F0A2
:200B60009DFB94F85830FF2B1CD0012B07953FF46AAF08AB22460021204600F003F90028E9
:200B80007FF465AF08AB4A460121204600F0FAF8394B22689A423FF466AF58E72BD0FF2393
:200BA00084F85830384B394A394840F65A0101F081FE052BF3D17AE0364B374A344840F2AB
:200BC0000C6101F077FE2D4B284639461D6800F0E9FB07A9C0B200F02BFB78B1284F3B6809
:200BE000AB4267D02D4B1B68AB425BD1012384F858308DF827300023079324E7394620460C
:200C0000FFF75EFE002866D0E36BDB0663D494F84020237D9A420BD852D394F84120637D81
:200C20009A4205D84CD3B4F84220E38A9A4247D31B4B009300214FF480730193CDE90311BD
:200C4000079B02914A460846FFF78CFD05460A4BE26A07989A4245D08268094F002100F033
:200C600045FB0E4B07981D6800F018FBB7E700BF8C08FE1F6C08FE1F3DB8F396D406FE1FA0
:200C80006807FE1F01010001842C0000AC2C0000502C0000482C0000982C0000D006FE1F96
:200CA0006C07FE1F052384F858308DF82730002307935EE7F3B284F858308DF8273001E72D
:200CC00000212046FFF7FCFD0028B1D007980021826800F00BFB1E4B07981D681D4FC3E7B2
:200CE0003E4614E7A16BA38E82681A4F5B18B5D29342B3D23B68AB42B6D0AFE7164B174A23
:200D0000174840F2554101F0D5FD134B154A144840F2F17101F0CEFD0F4B104A104840F242
:200D20004B4101F0C7FD0C4B0C4A0D4840F24F4101F0C0FD084B094A094840F2B24101F0F3
:200D4000B9FD054B054A064840F2AA4101F0B2FDD006FE1F6807FE1F482C0000882C00008C
:200D6000502C0000AC2C0000054B10B5602204460021184601F0CEFE2146FFF71FFE10BDBB
:200D8000AC0CFE1F10B5002082B0144600F00AFB01A9C0B200F04CFA10B1012002B010BD65
:200DA000224601462023019800F07AFA0446019800F074FA201E18BF012002B010BD00BF8F
:200DC000F0B5866A042E2CD8476D042F29D84FF0000E72467346F4467146B34201D3BA42EC
:200DE0002ED2614510D01ED2446A04EBC304BEF1020F646803F10103214412D0B3424FF01A
:200E0000010EECD26145EED1456A046D05EBC30504EBC2046D6864682944A44401330132B6
:200E2000DBE70020F0BD046D04EBC204BEF1010F646802F10102A444F3D04FF0020ECCE7CF
:200E4000B342EED1D01BB0FA80F04009F0BD00BF2DE9F04782B09DF828A0002840D00D46BD
:200E600000293DD01746002A3AD00E899946CB681E44042304460DEB03023146384600F04D
:200E80000FFA804660BBBDF804306A8946F608118B4217D022BB46F60712934220D16B8997
:200EA000BDF80620676033441A440436C4E90462A4F80890256084F80AA0E360404602B014
:200EC000BDE8F087BDF80610914209D101AA31440423384600F0E4F910B9BDF80430DAE779
:200EE0004FF0FF38EAE700BF002859D02DE9F0431F46036883B00446002B39D04068002801
:200F000036D09046D4E90452AA4245D989464FF6FF761EE0042321690DEB030200F0C0F9FA
:200F200030BBA37A226913B1E368934234D92389BDF80610B34201F104051ED0BDF804C05F
:200F40009C451AD0636915449D42256124D2D4E900305B89002BDDD0E368AB42DAD1291D74
:200F6000042321610DEB030200F09AF90028D8D04FF0FF3003B0BDE8F08317B1BDF804308E
:200F80003B800432C9F800202369A8F800102B44236103B0BDE8F083012003B0BDE8F08399
:200FA0004FF0FF30704700BF08B501F0F9F9002814BF6FF06F00002008BD00BF702200218D
:200FC00001F0A8BD01293BD810B41F4C1F4A0029034618BF22461E4C1E489A601E4A996604
:200FE00018BF22461D4C1E491A6108BF01461D48D9601D491D4A18BF2146A4F1215418BFCF
:201000000246A4F56D341A485961A4F28F2419499A6118BF0146184A196218BF2246174CEF
:20102000DA614FF001014FF00000154A83F86C1018BF224618605DF8044B58605A62704719
:201040006FF07300704700BFC1059ED86A09E6673070DD17BB67AE853C6EF372F70E5939BD
:20106000367CD507FFC00B31A54FF53A510E527F64F98FA71F83D9AB9B05688CBEFA4FA49C
:201080005BE0CD19002A4AD02DE9F843036803F03F079B1803604FF0020305460E461446A3
:2010A00080F86C3002D34368013343606FB1C7F1400844451BD205F12800224631463844B6
:2010C00001F030FD0020BDE8F8833F2CF3D924F03F073A463146284600F074F80028F2D175
:2010E00004F03F043E44002CECD00027E3E705F128094246314609EB070001F013FD4946AD
:201100004022284600F05EF80028DCD12744A7F140043F2C4644DAD8002CD3D0E5E700203B
:20112000704700BF026802F03F028318013270B5382A0D4600F128064FF08001044683F850
:20114000281006EB02002AD8C2F13802002101F0E1FCD4E900305A0FDB0042EAC0021BBA92
:2011600012BA636603232266314684F86C304022204600F027F888B9A3682B60E3686B60D9
:201180002369AB606369EB60A3692B61E3696B61236AAB61A36E0BB9636AEB6170BDC2F18A
:2011A0004002002101F0B6FC40223146204600F009F80028F2D101463822304601F0AAFC60
:2011C000C7E700BFF0B591B008AC1546064620220F462046002101F09DFCEB1C02219B08EC
:2011E00004910021029103930194CDE9063106F1080596F86C3005933A46009506AB05A954
:2012000004A801F0E9F880B9A4460446BCE80F00B060F16032617361BCE80F00B061F16152
:2012200032627362204611B0F0BD6FF06F04F9E770B5124D2B7804460E465BB1012C13D0DE
:20124000022C15D0002131600D4B0E4A0E48D42101F030FB0D4A0E4B1168186801F07EF9A1
:2012600040B901232B70E9E70A4B3360002070BD094BFAE74FF0FF3070BD00BF0C0DFE1FEC
:20128000BC2C0000202D0000CC2C0000182C00001C2C0000302D00003C2D0000704700BF59
:2012A00010B50446104664681A46214401F03AFC002010BD38B54568EFF310844FF0010EC6
:2012C0008EF3108840787F2803D0002084F3108838BD05488C460068114605EB0C0201F0D2
:2012E000B1F984F3108838BD1C2C000090F801C04368BCF17F0F01D00620704710B5104600
:20130000194472B1B1F5803F4FF0000334BF4FF4005C4FF4004C1A466344984202F10102AE
:20132000FAD8EFF31084012383F31088074B186801F09EF984F3108800B910BD044B054AA6
:20134000054840F2BD1101F0B5FA00BF1C2C0000F82C00000C2D0000CC2C00004078A0F1FB
:201360007F00B0FA80F04009C00170470138012802D900235B78FFDE10B44FF480341461D3
:201380004FF4C0344FF40043002094610424106053609360D3605361D3610C605DF8044B12
:2013A000704700BF29B101290CBF02204FF0FF3070470120704700BFFF20704710B5074C1C
:2013C00023780BB9002010BD054B186801F00EF808B92070F6E74FF0FF3010BD0C0DFE1F5B
:2013E0001C2C000081F30888BFF34F8FBFF36F8F004700BF02688368128970B5D418D6582C
:201400006568FFF7DBFF054A054B94600022314628469A80BDE87040FFF7E4BF00ED00E0C0
:20142000000D004010B5074C0749C4F8381100224FF08053C4F8F020636100F0D5FFC4F8AE
:201440000C0110BD00000C406A8097F5054B0648C3F8380100214FF00112C3F8F010C3F875
:201460000C21704700000C406A8097F538B50C4C0546FFF7EBFF0123A362284600F0B4FF1C
:20148000002343F2080143F21802E06361616261C4F8D031C4F8D0312368002BFCDB38BDD8
:2014A00000000C4038B50D4C0546FFF7CFFF0123C4F88030284600F097FF002343F20801A6
:2014C00043F21802C4F88C0061616261C4F8D031C4F8D0312368002BFCDB38BD00000C40A8
:2014E00038B50D4600F080FF054C6061284600F07BFF00236061C4F8D031C4F8D03138BD00
:2015000000000C402DE9F041124D1E46124BC5F8C43088461746D5F80441002CFBDA00F039
:2015200063FFC5F80001404600F05EFFC5F80001384600F059FFC5F80001304600F054FFBD
:20154000044AC5F80001D2F8C830DB03FBD4BDE8F08100BF00000C408D3A0F002DE9F041D2
:20156000124D1E46124BC5F8C43088461746D5F80441002CFBDA00F037FFC5F800014046F2
:2015800000F032FFC5F80001384600F02DFFC5F80001304600F028FF044AC5F80001D2F8B1
:2015A000C8309B03FBD4BDE8F08100BF00000C408D3A0E002DE9F0410F4D1E460F4BC5F8B2
:2015C000C43088461746D5F80441002CFBDA00F00BFFC5F80001404600F006FFC5F80001E8
:2015E000384600F001FFC5F80001304600F0FCFEC5F80001BDE8F08100000C408D3A0D006B
:2016000038B52B4C2B4B40F25222C4F80421C4F8C430D4F80431002BFBDA002000F0E4FEC6
:20162000234D254BC4F80001C4F8C430D5F80431002BFBDA002000F0D7FE1D4C1E4BC5F8E7
:201640000001C5F8C430D4F80431002BFBDA002000F0CAFE1949164AC4F8000142F2132316
:20166000C4F8C410236013689901FCD4144B104C4FF4C0505221D061C2F80411C2F8C43043
:20168000D4F80431002BFBDA002000F0ADFE0D49074AC4F8000142F21323C4F8C4102360AD
:2016A00013689B01FCD44FF4C053D36138BD00BF00000C4074370001F437000105080600CE
:2016C0004436070105080B00054B0022C3F83821C3F8D021C3F8D021C3F8D021704700BF70
:2016E00000000C402DE9F0475E4C00F065FC5E48C4F838010021012340F20172C4F8F01015
:201700006360C4F80C21D4F8BC7117F01F0740F0A480C4F88030A362E367636E1905C3F343
:20172000C026FAD40822514B6266C4F884304FF47063C4F83C3140F2523948F20403C4F8FE
:2017400088304B48C4F8049100F04EFE0546494800F04AFE8046484800F046FE82464748BC
:2017600000F042FE5246034641462846FFF7F6FE3C4D434BC4F88860C4F80491C4F8C430BD
:20178000D5F80431002BFBDA3E493F4BC5F800113E4AC5F800313E4BC5F800213D48C5F849
:2017A000003100F021FE04463B4800F01DFE06463A4800F019FE8046394800F015FE42466A
:2017C000034631462046FFF7C9FE364800F00CFE0446354800F008FE0646344800F004FE37
:2017E0008046334800F000FE4246034631462046FFF788FE41F2010200236A60C5F8D031AF
:20180000AB699A0406D42B4F2023C5F8BC313846BDE8F08740F20123C5F83C31264800F05D
:20182000E3FD0446254800F0DFFD0646244800F0DBFD8046234800F0D7FD42460346314688
:201840002046FFF7B7FE4023064AC5F8BC319369DB04FCD43846BDE8F0874FF00117384600
:20186000BDE8F08700000C406A8097F501010100A0C59B7193A8EF07CA9A5A9D3B930FD8D5
:201880000D3A0F00631780F5D14A0FE5EC31943EE35DB5CF167D8ED83BF69DAB9C85DBCD06
:2018A000939B2BB01B910579AF38C951EF1EC013E35F8708020001002CB55B803A3E3B339E
:2018C000ADFE00617AA85DAE70B5B34DD5F8BC6116F01F0640F02C82B04B40F201215222F4
:2018E000C5F88410C5F80861C5F80421C5F8C430D5F80431002BFBDAA948A74C00F074FD97
:20190000A84BC5F800015222C5F80421C5F8C430D4F80431002BFBDA002000F065FDA24BAF
:20192000C4F800010321C4F8EC30A04AC4F8EC1040F621038021C4F8EC209D48C4F8EC30CC
:201940009C4A9D4BC4F8EC109C49FFF7DBFD002347F601414FF4C002C4F8EC10E261C4F8F0
:20196000D031E369B3F1807F80F0BA818A494B6E1805FCD40823884A4B66536E1905FCD4F6
:2019800042F20803844953664B6E1A05FCD449F21C0048668A4B8B4A8B498C48FFF7DEFDB2
:2019A0007D4C00F081FC8A4A8A4842F62041C4F8EC10C4F8EC204FF40052C4F8EC20802332
:2019C0004FF41812C4F8E030E26102F5D112E261814AC4F8EC2000254FF42602C4F8EC5053
:2019E0007E49C4F8E0307E4BE2617E4AFFF78AFD4FF48003E361C4F8D051E3695B0200F182
:201A0000BB81636E1805FCD4774B634D1C2152226166C4F80421C4F8C430D5F80431002B24
:201A2000FBDA002000F0E0FC704AC5F8000148F21323C5F8E020584A2B6013689901FCD42E
:201A40006B494FF4C050D06142F21343C2F8C410514913600B689A01FCD44FF4C0534E4A5D
:201A6000CB61536EC3F3C0211B05FAD461484A4C516648F21323C2F8E000136023689D0158
:201A8000FCD44FF4C0515C4B5C4AE1615C485D49414DFFF737FD5C4B5222C4F80421C4F8D9
:201AA000C430D5F80431002BFBDA002000F09CFC394C564BC5F8000140F25232C5F804210C
:201AC000C5F8C430D4F80431002BFBDA002000F08BFCC4F80001002000F086FCC4F80001B1
:201AE000002000F081FCC4F80001012000F07CFC474B484A4849C4F800014848FFF702FD1C
:201B00004749484A4FF48073C4F8D030C4F8C41042F623032049C4F8E02023600B689C010B
:201B2000FCD4414A4FF4C050C86142F21323C1F8C420194A0B6013689801FCD43349164D36
:201B40004FF4C05042F21323D061C2F8C41013602B689901FCD44FF4C051344B344A3548CB
:201B6000E96135490C4CFFF7CDFCFFF749FD334B334A34493448FFF7C5FC344B5222C5F8EF
:201B80000421C5F8C430D4F80431002BFBDA002000F02AFC2E4B5DE000000C408C3B090066
:201BA00056BAC7260408070020A80030200001003DA22FD17019C4F275BAFA2C6AF6386D84
:201BC000B4CC975C852AC6A39D56552865FA15E240880038BA8CC26C60880038EE861FFB92
:201BE000E682D6CB68AFCB82C40C000100000480DD1E00418000048070E35E68A4C48A05D3
:201C0000060943AE49D0979004080B00050807002A5B50AD663B76499E23A4B4B9120D2A5C
:201C2000F7B700010000088105080B0032FE82A6050E30A71E8CD92FEBD3218C1525017A40
:201C40005DB92BDCE059DABAF17857CE040C0D0122D3869A4F4A5049C4F800014F48504DB6
:201C6000FFF750FCFFF7CCFC4E4B4F4A4F495048FFF748FC4F4B5222C4F80421C4F8C43029
:201C8000D5F80431002BFBDA002000F0ADFB444CC5F8000140F213236B6063685A00FCD513
:201CA000454AD4F800111164D4F800115164D4F800119164D4F80011404840F20223C4F867
:201CC0003C31D1643E4B3F4A3F49FFF773FC4023334AC4F8BC319369DB04FCD4304670BD8C
:201CE000E36903F07F43B3F1807F25D0E36903F07F43B3F1007F7FF453AE29494B6E18056B
:201D0000FCD40823264A4B66536E1905FCD442F20803234953664B6E1A05FCD449F21D0094
:201D200048662A4B2A4A2B492B48FFF717FC37E64FF00116304670BD19494B6E1B05FCD4FB
:201D40000823174A4B66536E1D05FCD442F20803134953664B6E1C05FCD449F21E0048668E
:201D600000F1C04000F53B101C4B1D4A1D4900F65D50FFF7F3FB13E61B4B1C4A1C491D48E8
:201D8000FFF718FC4023C4F8BC31A369DD04FCD4194EA3E7831A1C9501AFF2F79AF4C16EDB
:201DA00000000C406B8600B8BA47A1B2D3202FEF9D75423A840C0001100DFE1F4F97B14396
:201DC000AD520188AA64D9BB88D775EDC775F409F0408A34C76F3B3DA0D6F2DE416DE981E5
:201DE000C2FE47D4FB3BDB0F034C728A3C828FCAC1EF66DF84694479040001002DE9F84391
:201E0000634CD4F8BC6116F01F0640F0BC801D4647F20123C4F8843080465E4B5E48C4F892
:201E20000861894617465D495D4AFFF76BFB1123E36740F26473C4F8043104236367D4F82F
:201E40000431002BFBDAD8F80030C4F80031D8F80430C4F80031D8F80830C4F80031D8F8AA
:201E60000C30C4F80031D8F81030C4F80031D8F81430C4F80031D8F81830C4F80031D8F866
:201E80001C30C4F80031B422464BC4F804216367002F3BD03E4849460024D0F80431002B5C
:201EA000FBDA0B68C0F800314B68C0F800318B68C0F80031CB68C0F800310B69C0F8003100
:201EC0004B69C0F800318B69C0F80031CB69C0F800310B6AC0F800314B6AC0F800318B6A7A
:201EE000C0F80031CB6AC0F800310B6BC0F800314B6BC0F800318B6BC0F800311034CB6B84
:201F0000C0F80031A74201F14001C6D8204B5A6F5003C2F38041FAD44FF4B05259671C4CE6
:201F2000C3F80411DA61082140F2225259675A6063685A00FCD5D4F800312B60D4F80031D2
:201F40006B60D4F80031AB60D4F80031EB60D4F800312B61D4F800316B61D4F80031AB610B
:201F6000D4F80021104BEA611049114A1148FFF721FB4023064AC4F8BC319369DB04FCD4A8
:201F80003046BDE8F8834FF001163046BDE8F88300000C40243031D33FB39E88E36F8ABC6B
:201FA0009860463B0200000857AB448768FC59FB52700AB4CE2A18CF2DE9F041A44CA54995
:201FC000A54AC4F838114FF00110C4F80C0101212261A24BE16748F20702A26743F2080091
:201FE000C4F8343100F000FA054643F2180000F0FBF901462846FFF773FA2368002BFCDBB5
:202000004FF0011000F0F0F9FFF70CFA904A536E1805FCD408205066914B40F2174100F1DE
:202020008050916600F54050D36600F0DDF904468C4800F0D9F901462046FFF751FA844CB7
:202040002368002BFCDB012000F0CEF9FFF7EAF9854D8649824A012348F2BB00A362E5636F
:20206000E164C4F8803040F21F11C4F88C00C4F89420774AE367A167536E1905FCD40821AA
:20208000172351667A48936600F0AEF90446794800F0AAF901462046FFF722FA6C4A13686F
:2020A000002BFCDBDFF8F881734F694C0626012000F09AF9FFF7B6F9404600F095F9054693
:2020C000384600F091F901462846FFF709FA2368002BFCDB013EEAD15D4CDFF8C481664F59
:2020E0000626012000F080F9FFF79CF90123A362C4F88030E367636E1A05FCD4082363660C
:20210000404600F071F90546384600F06DF901462846FFF7E5F92368002BFCDB013EE0D1BA
:202120004B4CDFF88081554F0326012000F05CF9FFF778F948F68B0501235149DFF828C14A
:20214000A3624FF400420720C4F83CC0C4F88030C4F8B010C4F8D010C4F8A420C4F8C42072
:20216000C4F88C50E367A067636E1B05FCD40822172362664046A36600F036F90546384612
:2021800000F032F901462846FFF7AAF92368002BFCDB013EC9D1FFF759F90122394BA2627D
:2021A00043F20800E36300F01FF9044643F2180000F01AF901462046FFF792F9244A1368E3
:2021C000002BFCDB2F4D0624284600F00DF9FFF74DF9013CF8D12C4D0324284600F004F9B6
:2021E000FFF744F9013CF8D1284D0324284600F0FBF8FFF73BF9013CF8D1254D0324284682
:2022000000F0F2F8FFF732F9013CF8D12148214D00F0EAF8FFF746F90624284600F0E4F87B
:20222000FFF740F9013CF8D11B4D0324284600F0DBF8FFF737F9013CF8D1184D0324284683
:2022400000F0D2F8FFF72EF9013CF8D1BDE8F08100000C406A8097F56745230110325476ED
:2022600001EFCDAB1830001073010100896745230710F0721710F0721730F0721730F07A75
:2022800010000040730181007F1980007B01FE001F09AF00BB800300BB910100B7850100C8
:2022A0000730F0720730F07A354B3649364AF0B44FF435604BF2E044C3F8EC40C3F8EC00FA
:2022C00040F6420440F6C600C3F8EC40C3F8EC004BF280440420C3F8EC40C3F8EC004BF208
:2022E000A0440220C3F8EC40C3F8EC0040F66300C3F8EC00C3F8C4101A605A6E1505FCD44F
:202300004FF490521E49DA610B685C00C3F38070FAD401231A4A0B60C1F8C400536E190564
:20232000FCD44FF40061194C54661948C2F8EC1048F243431249C2F8E00013600B689B01BC
:20234000FCD44FF4C0520E4B124F134E134DCA614FF4115410224FF4335042F28541013ADD
:20236000C3F8EC70C3F8EC60C3F8EC50C3F8EC40C3F8EC00C3F8EC10F1D1F0BC704700BF1F
:2023800000000C405E1E00410124008008B010000000908004380001E02800346650001078
:2023A00008B50B4BD3F804216FF3DF72C3F80421FFF78AF9FFF796F900B108BD054B4FF67E
:2023C000FF72C3F8D421BDE80840FFF77DBA00BF006F044000000C4018461146019B026849
:2023E0000098FFF70BBD00BF00BA704710B400234268036092F91130002B0EDB5A09144CC0
:202400000121203203F01F0301FA03F344F82230BFF34F8FBFF36F8F42680E4B00211976C1
:2024200092F913308B420DDB5A0909480121203203F01F0301FA03F340F82230BFF34F8FD1
:20244000BFF36F8F034B5DF8044B00201875704700E100E000E07F40374A384B014630B4E7
:202460000020012481F8340082F81644156A146A1B68C4F30264C5F3026203FA02F2A34009
:20248000C5F30275E3402E4CEA40A2424FD92D4C03F5742302F5742203F23F2302F23F22F9
:2024A000A4FB0353A4FB0242920C274C02F5F052A4F8E4209B0C254A43F6B85403FB04F409
:2024C000A2FB0454A4088C6040F6D86403FB04F4A2FB0454A408CC605C00A2FB0454A4083D
:2024E0000C61542403FB04F4A2FB0454A4084C61174C03FB04F4A2FB0454A4088C6144F296
:20250000506403FB04F4A2FB0454A4084C62114C03FB04F4A2FB0454A4080C620E4C04FB07
:2025200003F3A2FB03239B0830BCCB6170474FF4FB7030BC704700BF00E00140580FFE1FBB
:20254000FF083D0083DE1B4300E07F40ABAAAAAA38AF040080DE0F00A0F703000B782DE9A5
:20256000F0410446416053B9314A137613752046FFF772FF08B92F4B2360BDE8F0814A6854
:20258000CB68DFF8ACE08263036400260120E6638EF8180091F911300A7CDFF8A4C0264F2A
:2025A0000CEB03051201D2B285F80023234D47F8234003F1C00255F8228066F3104845F840
:2025C000228055F82220BFF35F8F5A09920002F1604202F5614203F01F0300FA03F3C2F847
:2025E0008031136098238EF8143091F913208B7C94441B01DBB28CF8003302F1C00347F841
:20260000224055F8231066F3104145F8231055F82330BFF35F8F53099B0003F1604302F0FE
:202620001F0203F561439040C3F8800118609EE700E07F404E45504FD00DFE1F0060004069
:2026400000E100E010B4094C5B080363A2424FF00003C0E90A1280F8343003D918465DF881
:20266000044B70475DF8044B00F0A2BAFFFF0F400A4B4FF0000C994280F834C00CD8B1F5A6
:20268000803F35BF21F4FF5121F4FF4121F01F0121F07F0100F088BA16207047FFFF0F409F
:2026A000064B074993F826001A6A51F820300549C2F30262D3400B60704700BF00E001402F
:2026C000F006FE1F580FFE1F704700BF434B4449444A4AF2035070B5A3F8FE03424C434ED5
:2026E0000020A1F80001424993F826006160414922604FF40042C4E902213F4922616161F5
:20270000196A54F82020C1F30261CA4032602021092283F8131483F8A22093F880241AB9AA
:2027200093F88134980754D02C4D95F88034002B44D02A4B002283F8812483F88024274A56
:202740000621002382F8A51082F8323092F83C301907FBD54FF41C510023118582F82A3001
:202760001E4A92F83C309B06FBD51D49022381F81C31224B1362052382F8263092F826307F
:2027800054F82300146AC4F30264E0403060012340244FF4254082F8303082F8523082F8FF
:2027A0002440A2F8FE03A1F80431B1F804319BB2002BFAD10123A1F8003170BD012185F871
:2027C0008014C82000F07EF895F88034012BFBD1AFE74FF47A70FFF777FFB0E700E00140F7
:2027E00000C00140002D3101F006FE1F580FFE1F00127A00001BB700001C4E0E21120121B7
:2028000038B5294C002584F828500121C82000F059F884F8245094F82430002BFBD194F89F
:202820002430214943F0020384F8243091F82430C3F340009B07F9D41B4A81F8220092F806
:20284000223003F0FF00002BF9D192F84030164960F3C71382F8403091F84030DB09FBD126
:2028600091F84200104A63F3C71081F8420092F84230DB09FBD192F844000B4963F3C71050
:2028800082F8440091F84430C3F3C014DB09F9D1012000F09FF8054B012083F8BB44BDE80D
:2028A000384000F067B800BF0040044000E00140704700BF00BEFEE7A0F101000028FBD18E
:2028C000704700BF30B400FB01F1104D104A2868B2FBF0F24FF47A73A1FB03C43CB9BCFB9C
:2028E000F2FC4FEA9C0070B130BCFFF7E5BF9200B1FBF2F1A1FB03134FF0FF30002BF3D13E
:2029000008460028F0D130BC704700BF580FFE1F00CA9A3B0B4B70B5B3F840510A4E0024C8
:20292000ADB225FA04F3DB0704D556F82430E0B203B198470134102CF3D1024BA3F8305102
:2029400070BD00BF00600040900DFE1F10B4074A074C002303F1C001013332F8020F44F846
:202960002100602BF6D15DF8044B7047462D000000600040EFF31081012383F31088124B74
:2029800033F8102092B22AB133F81020013A92B223F8102033F810309BB293B90B4A10B47B
:2029A000B2F8FE330A4C9BB234F8100043F4254323EA0003A2F8FE3381F310885DF8044B33
:2029C000704781F310887047500FFE1F00E00140082E000030B4EFF31081012383F3108821
:2029E0000E4A32F810309BB26BB90D4C0D4DB4F8FE3335F810C09BB243EA0C0343F42543EF
:202A00009BB2A4F8FE3332F8103001339BB222F8103081F3108830BC704700BF500FFE1F6D
:202A200000E00140082E000000BE704708B500F003F8FDF775FDFEE7234B70B54FF470028F
:202A4000224DC3F8882000209D60FDF767FDFFF73DFE0120FDF762FD1D4B29681D481E4DC1
:202A600000244FF425429C801A80A1F580529A601A4AD9604FF480560121A5F82061121A4E
:202A80009980214600F046F81548164A1649174D121A00F047F8164B5B1BA34206DD9E1060
:202AA00055F8043B01349847A642F9DCFFF7F8FDFFF7A6FE0220FDF731FDFFF747FFBDE80F
:202AC00070400020FFF7F4BE00ED00E000000000000D00400807FE1F006000405C0FFE1F10
:202AE0000000FE1FF006FE1F8C2E0000E806FE1FEC06FE1F10B501390244904201D10020C9
:202B000005E0037811F8014FA34201D0181B10BD0130F2E702440346934200D1704703F855
:202B2000011BF9E70A44914200F1FF3300D1704710B511F8014B03F8014F9142F9D110BDFE
:202B40004275696C7420776974682052656E6573617320416476616E63656420466C6578C3
:202B600069626C6520536F667477617265205061636B6167652076657273696F6E20342EDA
:202B8000362E3000342E362E3000000000000604F8B500BFF8BC08BC9E467047F8B500BFB6
:202BA000F8BC08BC9E4670475FF800F05105FE1F5FF800F00D05FE1F30203D3D206D6265B4
:202BC00064746C735F706C6174666F726D5F73657475702826637478290000002E2E2F7326
:202BE00072632F68616C5F656E7472792E63000030203D3D20626F6F745F676F2826727374
:202C0000702900FF6D6375626F6F745F717569636B5F736574757000202C00002407FE1F83
:202C200000000000000000000000000000000000FFDFFFDF040104030402040104010403B5
:202C4000010303040104FFFF7263203D3D2030002E2E2F72612F6D63752D746F6F6C732F48
:202C60004D4355626F6F742F626F6F742F626F6F747574696C2F7372632F6C6F616465721A
:202C80002E6300003000FFFF626F6F745F636F70795F696D61676500626F6F745F706572EB
:202CA000666F726D5F75706461746500636F6E746578745F626F6F745F676F004E554C4CF6
:202CC00020213D202A617265610000002E2E2F72612F6673702F7372632F726D5F6D637594
:202CE000626F6F745F706F72742F666C6173685F6D61702E6300FFFF4653505F535543431D
:202D0000455353203D3D2065727200FF666C6173685F617265615F657261736500FFFFFF54
:202D2000666C6173685F617265615F6F70656E00017F00000080010000000200027F0000F8
:202D40000080030000000200000000000000000000000000000000000000000000000000EE
:202D6000000000000000000000000000000000000000000000000000000000000000000053
:202D8000000000000000000000000000000000000000000000000000000000000000000033
:202DA000000000000000000000000000000000000000000000000000000000000000000013
:202DC0000000000000000000000000000000000000000000000000000000000000000000F3
:202DE0000000000000000000000000000000000000000000000000000000000000000000D3
:202E0000000000000000000001000200080010001000000000000000017A5200027C0E012D
:202E20001B0C0D001000000018000000000000001000000000000000100000000000000016
:202E4000017A5200027C0E011B0C0D003800000018000000000000009E00000000510E1087
:202E600084048503860287015BC7C6C5C40E004C0A420B0A420B0E1084048503860287017B
:202E800051C7C6C5C40E00000000000014494FF42A43B1F884C0A1F88430B1F8840080B217
:202EA0001FFA8CFC60B14FF496420020B1F88430002A9BB208BF4FF4FA70013A002BF5D1B1
:202EC000BCF1010F00D07047064AA2F804C1B2F804319BB2002BFAD10123A2F80031704737
:202EE00000E07F4000C00140114B124A82B0B3214FF4964001901970D2F8803019040DD4C9
:202F000006E0019B013B0193D2F880301B0405D4019B002BF5D1142002B07047054B1B7CDC
:202F200013F0100F40F2F51008BF002002B0704700007E4000E07F40114B124A82B0502130
:202F40004FF4964001901970D2F8803019040DD406E0019B013B0193D2F880301B0405D402
:202F6000019B002BF5D1142002B07047054B1B7C13F0100F40F2F51008BF002002B0704797
:202F800000007E4000E07F4070B543681A7882B00446F2B193F9113049485909012220311F
:202FA00003F01F0302FA03F340F82130BFF34F8FBFF36F8F636893F91330590903F01F0330
:202FC0009A4001F1200340F82320BFF34F8FBFF36F8F3C4BB3F884309BB2D3B1FFF784FF17
:202FE0000546FFF7A9FF06463DB1FFF74FFF0023284684F8343002B070BDFFF747FF002EB0
:2030000014BF354605460023284684F8343002B070BD626811784FF496400190B1B9294AED
:203020004AF68023A2F88430B2F884309BB2802B08D1D3E7019B013B0193B2F884309BB25F
:20304000802BCBD0019B002BF4D1C7E792F911201D4902F1C00051F8205063F3104541F87E
:20306000205051F82000BFF35F8F02F01F055209920002F1604202F56142012000FA05F590
:20308000C2F880511560626892F9132002F1C00551F8256063F3104641F8256051F825301A
:2030A000BFF35F8F53099B0003F1604303F5614302F01F0200FA02F2C3F880211A60AEE7DA
:2030C00000E100E000E07F400060004030B4124C836A2363114D0B44016B4FF0200C85F83A
:2030E00000C001394FF0D00C85F800C083620163104622B1D4F880301A0403D5002030BC8E
:20310000704730B1D4F880301B0400F1FF30F8D5F4E7142030BC704700E07F4000007E4080
:20312000F0B54E0883B0C1F34701002A4CD14368344F93F911305C092034012503F01F032F
:2031400005FA03F347F82430BFF34F8FBFF36F8F2D4CC56A2D4B2563E8241C701970002EB0
:203160004DD0D0F810E0856A284F274C4FF0000C2B88CDF804E03B8004E0019B591E0191B6
:20318000002B39D0D4F880305B05F6D4C36A0233C362036B0CF1010C0235013BB445856203
:2031A0000363E5D3194BD0211970C2B9436893F9113014495809012203F01F0302FA03F338
:2031C00041F82030002018E00F4CC56A0F4B2563E8241C701970002EC3D1D02119700A4932
:2031E000D1F880301804EDD4D1F880301B0402F1FF32E7D4002AF7D1142003B0F0BDD0228A
:203200001A70D3E700E100E000E07F4000007E4010B5134B1C7CE40607D4D3F880301942F6
:203220000FD1B0B90024204610BDD3F88040640403D5002493F810C01C74D3F8803019423E
:2032400009D030B9002AEDD01446FFF74DFE204610BD0446F9E70028FBD140F2F514F4E7C3
:2032600000E07F4030B4164A8569164C164B82B04020019511630822207003F110012270CD
:2032800033F8022F22808B42FAD1D0230C4A2370D2F8803019040ED406E0019B013B0193F1
:2032A000D2F880301B0406D4019B002BF5D1142002B030BC7047002002B030BC704700BF51
:2032C00000E07F4000007E40D606FE1F084B42EAC0326FEA41514FF0FF3042F4F0426FEA0D
:2032E0005151C3E902001860DA809980704700BFD806FE1F10B4436824491A7883B04FF43E
:2033000096444FF0000C0194A1F800C1EAB193F911301F4C59090122203103F01F0302FADF
:2033200003F344F82130BFF34F8FBFF36F8F436893F913305909203103F01F039A4044F872
:203340002120BFF34F8FBFF36F8F124A4AF60123A2F88430B2F884309BB2012B08D110E03E
:20336000019B013B0193B2F884309BB2012B08D0019B002BF4D14FF4FA7003B05DF8044BA2
:203380007047002003B05DF8044B704700C0014000E100E000E07F4038B50546FFF7AAFF10
:2033A000A0B92B6B0BB916E088B9AA6880212846FFF7B6FE18224FF4A041FFF729FF2B6B46
:2033C0000446002BF0D1FFF761FD14B938BDFFF75DFD204638BDBDE8384057E5F8B581620D
:2033E00002630446FFF786FF10BB154A236B0121A2F8E0100BB3D4E9076700E0C8B9A36AE8
:20340000B3F5803F324632BF4FF400513A464FF400412046FFF75AFE19224FF4C041FFF71B
:20342000F7FE236B0546002BE8D1FFF72FFD15B9F8BDFFF72BFD2846F8BDBDE8F84025E50D
:2034400000E07F402DE9F041114B0546D3F8DC600F469046FFF74EFF0446A8B9F60F4FEA81
:203460005832790B3046FFF731FF4AF260112846FFF7F8FE21461822FFF7CAFE0446FFF7FC
:2034800005FD002C08BF04462046BDE8F08100BF00E07F40F8B507460D461646FFF72AFF4B
:2034A000044620BB134B36B145F4CC41A3F8E810BDE8F840EAE4D3F8DC10D3F8DC20ED4370
:2034C000C2F30A42C1F30A0105F00100FFF7FEFE4AF260113846FFF7C5FE21461822FFF7C9
:2034E00097FE0446FFF7D2FC002C08BF04462046F8BD00BF00E07F40F8B507460C461646CB
:20350000FFF7F8FE20BB144D21462B4604F11000BEB10A6843F8042B04318142F8D19EB943
:203520004AF250113846FFF79DFE18220021FFF76FFE0546FFF7AAFC002D08BF054628468D
:20354000F8BD4FF0FF32E5E7EB891E43EE81E7E705462846F8BD00BFD806FE1F010000003F
:1C356000FFFFFFFFFFFF0000000000000000000000000000A50400007D0400002B
:020000040001F9
:208000003DB8F396000000000002000044D4010000000000000200000000000000000000C5
:20802000FFFFFFFFFFFFFFFFFFFFFFFFFFFFFFFFFFFFFFFFFFFFFFFFFFFFFFFFFFFFFFFF60
:20804000FFFFFFFFFFFFFFFFFFFFFFFFFFFFFFFFFFFFFFFFFFFFFFFFFFFFFFFFFFFFFFFF40
:20806000FFFFFFFFFFFFFFFFFFFFFFFFFFFFFFFFFFFFFFFFFFFFFFFFFFFFFFFFFFFFFFFF20
:20808000FFFFFFFFFFFFFFFFFFFFFFFFFFFFFFFFFFFFFFFFFFFFFFFFFFFFFFFFFFFFFFFF00
:2080A000FFFFFFFFFFFFFFFFFFFFFFFFFFFFFFFFFFFFFFFFFFFFFFFFFFFFFFFFFFFFFFFFE0
:2080C000FFFFFFFFFFFFFFFFFFFFFFFFFFFFFFFFFFFFFFFFFFFFFFFFFFFFFFFFFFFFFFFFC0
:2080E000FFFFFFFFFFFFFFFFFFFFFFFFFFFFFFFFFFFFFFFFFFFFFFFFFFFFFFFFFFFFFFFFA0
:20810000FFFFFFFFFFFFFFFFFFFFFFFFFFFFFFFFFFFFFFFFFFFFFFFFFFFFFFFFFFFFFFFF7F
:20812000FFFFFFFFFFFFFFFFFFFFFFFFFFFFFFFFFFFFFFFFFFFFFFFFFFFFFFFFFFFFFFFF5F
:20814000FFFFFFFFFFFFFFFFFFFFFFFFFFFFFFFFFFFFFFFFFFFFFFFFFFFFFFFFFFFFFFFF3F
:20816000FFFFFFFFFFFFFFFFFFFFFFFFFFFFFFFFFFFFFFFFFFFFFFFFFFFFFFFFFFFFFFFF1F
:20818000FFFFFFFFFFFFFFFFFFFFFFFFFFFFFFFFFFFFFFFFFFFFFFFFFFFFFFFFFFFFFFFFFF
:2081A000FFFFFFFFFFFFFFFFFFFFFFFFFFFFFFFFFFFFFFFFFFFFFFFFFFFFFFFFFFFFFFFFDF
:2081C000FFFFFFFFFFFFFFFFFFFFFFFFFFFFFFFFFFFFFFFFFFFFFFFFFFFFFFFFFFFFFFFFBF
:2081E000FFFFFFFFFFFFFFFFFFFFFFFFFFFFFFFFFFFFFFFFFFFFFFFFFFFFFFFFFFFFFFFF9F
:20820000486CFF1F599A02002D980200699A0200699A0200699A0200699A0200699A0200B7
:20822000000000000000000000000000A9420200699A020000000000E54202004543020099
:2082400059570200CF550200AF580200075902009F7202009F7202008F600200C36002009F
:208260008B9302008B9302009F72020059570200CF550200AF58020007590200E97C020001
:208280004D7C020059570200CF550200AF58020007590200000000000000000000000000D0
:2082A0000000000000000000000000000000000000000000000000000000000000000000BE
:2082C00000000000000000000000000000000000000000000000000000000000000000009E
:2082E00000000000000000000000000000000000000000000000000000000000000000007E
:2083000000000000000000000000000000000000000000000000000000000000000000005D
:2083200000000000000000000000000000000000000000000000000000000000000000003D
:2083400000000000000000000000000000000000000000000000000000000000000000001D
:208360000000000000000000000000000000000000000000000000000000000000000000FD
:208380000000000000000000000000000000000000000000000000000000000000000000DD
:2083A0000000000000000000000000000000000000000000000000000000000000000000BD
:2083C000FFFFFFFFFFFFFFFFFFFFFFFFFFFFFFFFFFFFFFFFFFFFFFFFFFFFFFFFFFFFFFFFBD
:2083E000FFFFFFFFFFFFFFFFFFFFFFFFFFFFFFFFFFFFFFFFFFFFFFFFFFFFFFFFFFFFFFFF9D
:20840000FFFFFFFFFFFFFFFFFFFFFFFFFFFFFFFFFFFFFFFFFFFFFFFFFFFFFFFFFFFFFFFF7C
:20842000FFFFFFFFFFFFFFFFFFFFFFFFFFFFFFFFFFFFFFFFFFFFFFFFFFFFFFFFFFFFFFFF5C
:20844000FFFFFFFFFFFFFFFFFFFFFFFFFFFFFFFFFFFFFFFFFFFFFFFFFFFFFFFFFFFFFFFF3C
:20846000FFFFFFFFFFFFFFFFFFFFFFFFFFFFFFFFFFFFFFFFFFFFFFFFFFFFFFFFFFFFFFFF1C
:20848000FFFFFFFFFFFFFFFFFFFFFFFFFFFFFFFFFFFFFFFFFFFFFFFFFFFFFFFFFFFFFFFFFC
:2084A000FFFFFFFFFFFFFFFFFFFFFFFFFFFFFFFFFFFFFFFFFFFFFFFFFFFFFFFFFFFFFFFFDC
:2084C000FFFFFFFFFFFFFFFFFFFFFFFFFFFFFFFFFFFFFFFFFFFFFFFFFFFFFFFFFFFFFFFFBC
:2084E000FFFFFFFFFFFFFFFFFFFFFFFFFFFFFFFFFFFFFFFFFFFFFFFFFFFFFFFFFFFFFFFF9C
:20850000FFFFFFFFFFFFFFFFFFFFFFFFFFFFFFFFFFFFFFFFFFFFFFFFFFFFFFFFFFFFFFFF7B
:20852000FFFFFFFFFFFFFFFFFFFFFFFFFFFFFFFFFFFFFFFFFFFFFFFFFFFFFFFFFFFFFFFF5B
:20854000FFFFFFFFFFFFFFFFFFFFFFFFFFFFFFFFFFFFFFFFFFFFFFFFFFFFFFFFFFFFFFFF3B
:20856000FFFFFFFFFFFFFFFFFFFFFFFFFFFFFFFFFFFFFFFFFFFFFFFFFFFFFFFFFFFFFFFF1B
:20858000FFFFFFFFFFFFFFFFFFFFFFFFFFFFFFFFFFFFFFFFFFFFFFFFFFFFFFFFFFFFFFFFFB
:2085A000FFFFFFFFFFFFFFFFFFFFFFFFFFFFFFFFFFFFFFFFFFFFFFFFFFFFFFFFFFFFFFFFDB
:2085C000FFFFFFFFFFFFFFFFFFFFFFFFFFFFFFFFFFFFFFFFFFFFFFFFFFFFFFFFFFFFFFFFBB
:2085E000FFFFFFFFFFFFFFFFFFFFFFFFFFFFFFFFFFFFFFFFFFFFFFFFFFFFFFFFFFFFFFFF9B
:20860000FFFFFFFFFFFFFFFFFFFFFFFFFFFFFFFFFFFFFFFFFFFFFFFFFFFFFFFFFFFFFFFF7A
:20862000FFFFFFFFFFFFFFFFFFFFFFFFFFFFFFFFFFFFFFFFFFFFFFFFFFFFFFFFFFFFFFFF5A
:20864000FFFFFFFFFFFFFFFFFFFFFFFFFFFFFFFFFFFFFFFFFFFFFFFFFFFFFFFFFFFFFFFF3A
:20866000FFFFFFFFFFFFFFFFFFFFFFFFFFFFFFFFFFFFFFFFFFFFFFFFFFFFFFFFFFFFFFFF1A
:20868000FFFFFFFFFFFFFFFFFFFFFFFFFFFFFFFFFFFFFFFFFFFFFFFFFFFFFFFFFFFFFFFFFA
:2086A000FFFFFFFFFFFFFFFFFFFFFFFFFFFFFFFFFFFFFFFFFFFFFFFFFFFFFFFFFFFFFFFFDA
:2086C000FFFFFFFFFFFFFFFFFFFFFFFFFFFFFFFFFFFFFFFFFFFFFFFFFFFFFFFFFFFFFFFFBA
:2086E000FFFFFFFFFFFFFFFFFFFFFFFFFFFFFFFFFFFFFFFFFFFFFFFFFFFFFFFFFFFFFFFF9A
:208700000348044B834202D0034B03B118477047040CFE1F040CFE1F000000000548064B18
:208720001B1AD90F01EBA301491002D0034B03B118477047040CFE1F040CFE1F00000000EF
:2087400010B5064C237843B9FFF7DAFF044B13B10448AFF300800123237010BD200CFE1F4E
:20876000000000003C4B030008B5054B1BB105490548AFF30080BDE80840FFF7CFBF00BFA9
:2087800000000000240CFE1F3C4B030080B584B000AF78607B68FB6007F10B03184605F07B
:2087A0002FF90346002B12D10A2012F0E1FB0E4B93F8CB3DDBB20133DAB20B4B83F8CB2D30
:2087C000FB680A3BFB60FB68002BE5DC00E000BFFB68002B02DC4FF0FF3300E0FB7A184618
:2087E0001037BD4680BD00BF201AFF1F80B582B000AF0346FB71FB79184605F085F800BF0D
:208800000837BD4680BD80B584B000AFF860B9601346FB71FB791A46B968F86804F0F8F951
:20882000034618461037BD4680BD80B500AF05F00DF900BF80BD80B485B000AF78603960A6
:208840000023FB6022E07B685A1C7A6093F900301B02FA685340FB600823FB72FB6803F44A
:208860000043002B07D0FB685B0083F4815383F00103FB6002E0FB685B00FB60FB7A013B2C
:20888000DBB2FB7297F90B30002BE7D13B68013B3B603B68002BD6DAFB6818461437BD4629
:2088A0005DF8047B704780B588B000AFF860B9607A60FB68002B18D07968B868FFF7BBFF9F
:2088C00003463B837B68BA6813441B781B029BB27A680132B9680A4412781344FB823A8B91
:2088E000FB8A9A421DD101231CE00023FB760023FB6109E0FB69BA6813441A78FB7E1344CE
:20890000FB76FB690133FB61FA697B689A42F1DB7B68BA6813441B78FA7E9A4201D10123CB
:2089200000E0002318462037BD4680BD80B500AFFFF77BFF00BF80BD90B5ADF23C4D00AFD3
:2089400007F58763A3F2344318600023C7F82C34432387F82B34012387F82A340023C7F844
:2089600020341923C7F81834FFF75FFF0023C7F81C347BE097F82B34002B04D097F92B349F
:208980001846FFF733FF4FF47A70FFF7FFFEC7F81404D7F81434002B63DBD7F81434013B87
:2089A000172B5BD801A252F823F000BF0D8A0100158A01005D8A01001F8A01005D8A0100D1
:2089C0005D8A01005D8A01005D8A01005D8A01005D8A01005D8A01005D8A01005D8A010057
:2089E0005D8A01005D8A01005D8A01005D8A01005D8A01005D8A01005D8A01005D8A010037
:208A00005D8A01005D8A0100398A01008023C7F8303446E04FF48063C7F8303441E0FFF776
:208A200085FF0620FFF7E2FE002200210020FFF7EAFED7F8203407E14FF47A70FFF7A6FEA3
:208A4000C7F81404D7F81434182B09D1FFF76EFF0620FFF7CBFE4FF0FF33F5E000BF00E0DE
:208A600000BFD7F81C340133C7F81C34D7F81C340F2B7FF77FAF97F82B34432B03D1152370
:208A800087F82B34DFE0FFF751FF1820FFF7AEFE1820FFF7ABFE1820FFF7A8FE6FF001030B
:208AA000D2E097F82B34432B02D10123C7F82C34002387F82B3407F10803C7F83434D7F898
:208AC00034345A1CC7F83424D7F81424D2B21A700023C7F8243415E04FF47A70FFF756FEE6
:208AE0000346DBB2C7F81434D7F834345A1CC7F83424D7F81424D2B21A70D7F82434013365
:208B0000C7F82434D7F82C34002B14BF01230023DBB21A46D7F8303413440233D7F8242407
:208B20009A42D9DD07F58763A3F586635A7807F58763A3F586639B78DB43DBB29A427CD11C
:208B400007F58763A3F586635B7897F82A249A420AD007F58763A3F586635B781A4697F81F
:208B60002A34013B9A4268D107F108030333D7F830241946D7F82C04FFF795FE0346002B8F
:208B80005BD007F58763A3F586635B7897F82A249A4237D107F58763A3F234431A68D7F86C
:208BA0002034D41AD7F830349C4201DDD7F83044002C1FDD214607F10803033301221846F8
:208BC000FFF721FE0346C7F81034D7F81034A3420BD01820FFF70AFE1820FFF707FE1820C0
:208BE000FFF704FE6FF002032EE0D7F820342344C7F8203497F82A34013387F82A341A2333
:208C0000C7F81834D7F81834013BC7F81834D7F81834002B0DDCFFF789FE1820FFF7E6FD2A
:208C20001820FFF7E3FD1820FFF7E0FD6FF003030AE00620FFF7DAFD05E000BFFFF776FECB
:208C40001520FFF7D3FD91E6184607F23C47BD4690BD00BF80B582B000AF0649042004F03C
:208C6000C3FC0548FFF768FE78607B6818460837BD4680BD38170300404B4C0080B485B062
:208C800000AF786039607B68002B02D03B68002B01D101235EE07A683B689A420DD1002370
:208CA00058E07B681B78002B01D1002352E07B6801337B603B6801333B607B681B78FB736C
:208CC000FB7B0133264A134493F90030DBB203F00303012B03D1FB7B03F1200200E0FA7B00
:208CE0003B681B78BB73BB7B01331D490B4493F90030DBB203F00303012B02D1BB7B203327
:208D000000E0BB7B9A42CCD07B681B787B737B7B0133134A134493F90030DBB203F0030341
:208D2000012B03D17B7B03F1200200E07A7B3B681B783B733B7B013309490B4493F9003027
:208D4000DBB203F00303012B02D13B7B203300E03B7BD31A18461437BD465DF8047B7047CB
:208D60007046030080B584B000AF786039600023FB600023BB607B68002B01D1002315E0FD
:208D8000786816F077FA03460133FB603B681B68F8689847B860BB68002B01D1002305E0FF
:208DA000FA687968B86816F057FABB6818461037BD4680BD80B483B000AF78607B68002BF5
:208DC00009D11A4B1A4A1A60184B1A4A5A60174B194A9A6025E0154B154A1A607B681B6892
:208DE000002B03D07B681B68104A13600F4B114A5A607B685B68002B03D07B685B680B4A34
:208E000053600A4B00229A60084B1B68084A934207D1064B5B68074A934202D1034B064AAE
:208E20009A600C37BD465DF8047B70477009FE1F2DD502003DD50200A9D6020080B584B0CF
:208E400000AF78607B681B6828209847F860FB68002B04D028220021F86815F053FBFB68C3
:208E600018461037BD4680BD80B584B000AF78600023FB6037E07B681B68FB607B68DB68A1
:208E800003F48073002B08D17B689B68002B04D07B689B681846FFF7E7FF7B68DB6803F4C2
:208EA0008073002B09D17B681B69002B05D0124B5B687A681269104698477B68DB6803F484
:208EC0000073002B09D17B681B6A002B05D00A4B5B687A68126A10469847074B5B68786812
:208EE0009847FB687B607B68002BC4D100BF00BF1037BD4680BD00BF7009FE1F80B400AF75
:208F00002E231846BD465DF8047B7047FFFFFFFF80B598B000AF786039604FF000024FF0FB
:208F20000003C7E914230023BB64FFF7E7FF034687F84F300023FB653B68002B03D03B681B
:208F40001B68002B01D10023A0E00023FB653DE03B681A683B689968FB6D0B4413441B78E4
:208F6000452B17DC2B2B40DB2B3B01229A404C4B1340002B14BF01230023DBB2002B0BD1F7
:208F800002F00803002B14BF01230023DBB2002B11D12AE0652B28D13B681A683B68996899
:208FA000FB6D0B441344197807F10802FB6D13440A461A7007E007F10802FB6D134497F840
:208FC0004F201A7000BFFB6D0133FB65FB6D3E2B0DD83B68002B0AD03B689A68FB6D1A4414
:208FE0003B685B689A42B3D301E000BF00E000BF07F10802FB6D134400221A7007F14802BB
:2090000007F108031146184615F0A6F987ED140BBA6C07F108039A4201D1002336E0796870
:20902000D7E91423C1E906231BA3D3E90023D7E9140114F029F80346002B04D07B686FF045
:2090400000425A6115E04FF00002164BD7E9140114F010F80346002B04D07B684FF00042EF
:209060005A6106E0D7E9140114F038F802467B685A617B680822DA603B689B68B96C07F156
:2090800008028A1A1A443B689A60012318466037BD4680BDAFF300800000C0FFFFFFDF41CF
:2090A000E57F00040000E0C180B584B000AF786039600023FB600023BB607B68002B03D081
:2090C0007B681B68002B01D1002383E07B685B68002B07D07B689A687B685B689A4201D3C4
:2090E000002377E03B68002B01DA002372E07B689A683B68134401333B607B685B683A68E2
:209100009A4205D87B681A687B689B68134461E07B681B69002B01D000235BE03B68B3F1AB
:20912000804F08D33B68002B03DB6FF00043BB6004E000234EE03B685B00BB607B681B6A66
:20914000002B18D07B681B6A7A681268B96810469847F860FB68002B32D17B68DB697A68F0
:209160001268104698477B6800225A607B6800221A6000232EE07B689B69B8689847F86093
:20918000FB68002B0DD17B68DB697A681268104698477B6800225A607B6800221A6000234A
:2091A00018E07B6819687B689B6801331A46F86816F052F87B68DB697A6812681046984771
:2091C0007B68BA685A607B68FA681A607B689B68FA68134418461037BD4680BD90B585B013
:2091E00000AF78600023FB607B68002B13D07B681B68002B0FD07B681A687B689B68134467
:20920000FB607B689C68F86816F034F80346E2187B689A6000E000BF1437BD4690BDFFFF22
:209220002DE9F04387B000AF87ED020B87ED001BB868FE6826F000413A687E6826F0004331
:2092400013F02CFF0346002B04D0BC68FB6823F0004503E03C687B6823F00045C7E90445FE
:20926000D7E90023D7E9020113F0D0FA02460B46904623F000494FF000020C4BD7E9040153
:2092800013F07CFC02460B4601210C464046494613F0F0FE0346002B01D100231C46E3B2E0
:2092A00018461C37BD46BDE8F08300BF0000B03CF0B593B000AF786039600023FB637B68CB
:2092C000D3E90623C7E90C2300237B6400233B6400237B6107F1180300221A605A609A60A4
:2092E000DA601A619A82FFF709FE034687F82F304FF000024FF00003C7E902233B68002B53
:2093000001D10023B4E0D7E90C23D7E90C0113F0CFFE0346002B21D13C6B7B6B23F00045ED
:2093200001231E464FF0FF32534B2046294613F0BFFE0346002B0BD14FF0FF324E4B204643
:20934000294613F097FE0346002B01D100231E46F3B283F00103DBB2002B07D007F114037F
:209360004649184615F038F878643FE07B685B69184613F099FB02460B46D7E90C0113F0CB
:2093800065FE0346002B09D07B685A6907F114033B49184615F020F8786427E007F114007A
:2093A000D7E90C23374915F017F8786407F1080207F114033449184615F02EF80346012BC2
:2093C0000CD197ED027B97ED0C1BB0EE470AF0EE670AFFF725FF0346002B07D107F1140054
:2093E000D7E90C23294914F0F7FF78647B6C002B02DB7B6C192B01DD002339E07B6C0133E7
:2094000019463868FFF750FEF863FB6B002B01D100232DE000233B641AE007F114023B6CAA
:2094200013441B7897F82F209A4205D1FA6B3B6C13442E221A7008E0FA6B3B6C134407F132
:2094400014013A6C0A4412781A703B6C01333B647B6C3A6C9A42E0D3FA6B3B6C13440022D4
:209460001A703B689A687B6C1A443B689A60012318464C37BD46F0BDFFFFEF7F6C17030034
:209480007417030078170300801703008417030080B485B000AF78600023FB600023BB60C8
:2094A0000023BB604CE07A68BB6813441B782F2B0FD97A68BB6813441B78392B09D87A68FB
:2094C000BB6813441B781A46FB681344303BFB602DE07A68BB6813441B78402B0FD97A686E
:2094E000BB6813441B78462B09D87A68BB6813441B781A46FB681344373BFB6017E07A685E
:20950000BB6813441B78602B0FD97A68BB6813441B78662B09D87A68BB6813441B781A461B
:20952000FB681344573BFB6001E000230CE0BB68022B02D8FB681B01FB60BB680133BB601E
:20954000BB68032BAFD9FB6818461437BD465DF8047B704780B58AB000AFF860B9607A602F
:2095600000237B620023FB61FB68BB61002387F82330002387F82230002387F821300023EE
:2095800087F82030BA68BB69D31A052B40F3B780BB6902331846FFF77BFFF861FB69B3F5A3
:2095A0005C4F04D3FB69B3F5604FC0F0AA80FB69B3F5584F37D3FB69B3F55C4F33D2BB69F7
:2095C00006337B6100233B610C2387F82130BA687B69D31A052B40F396807B691B785C2B4E
:2095E00040F093807B6901331B78752B40F08D807B6902331846FFF74BFF38613B69B3F504
:209600005C4FC0F084803B69B3F5604F7FD2FB699A02434B13403A69C2F30902134303F50D
:2096200080337B6204E0062387F82130FB697B627B6A7F2B03D8012387F823301FE07B6A38
:20964000B3F5006F06D2022387F82330C02387F8203014E07B6AB3F5803F06D2032387F8B5
:209660002330E02387F8203009E07B6AB3F5881F4FD2042387F82330F02387F8203097F81D
:209680002330013B87F8223015E07B6ADBB203F03F03DAB27B68196897F822300B4462F05C
:2096A0007F02D2B21A707B6A9B097B6297F82230013B87F8223097F82230002BE5D197F876
:2096C0002330012B09D97B6AD9B27B681B6897F820200A43D2B21A7007E07B6ADAB27B68EE
:2096E0001B6802F07F02D2B21A707B681A6897F823301A447B681A6097F821300BE000BFDA
:2097000008E000BF06E000BF04E000BF02E000BF00E000BF002318462837BD4680BD00BF3B
:2097200000FC0F0080B58AB000AF786039603B681A683B689B68013313447B623B681A6837
:209740003B689B68013313443B620023FB600023FB613B681A683B689B6813441B78222B3C
:2097600040F0038100233B610023BB6117E03B6A1B785C2B10D13B6A5A1C3B681B68D31A72
:209780001A463B685B689A4280F0F180BB690133BB613B6A01333B623B6A01333B623B6843
:2097A0001B683A6AD31A1A463B685B689A4203D23B6A1B78222BDAD13B681B683A6AD31A37
:2097C0001A463B685B689A4280F0D3803B6A1B78222B40F0CE803B681A683B689B681344FF
:2097E0003A6AD31A1A46BB69D31A3B613B681B693A69013210469847F861FB69002B00F0C1
:20980000BA80FB69FB6094E07B6A1B785C2B08D07A6A531C7B62FB68591CF96012781A708F
:2098200087E00223FB753A6A7B6AD31A002B40F3A4807B6A01331B78752B00F3A0805C2B4E
:2098400004DA222B5CD02F2B5AD098E05C3B192B00F2958001A252F823F000BF0199010079
:209860007F9901007F9901007F9901007F9901007F990100C59801007F9901007F990100DB
:209880007F990100D19801007F9901007F9901007F9901007F9901007F9901007F990100AF
:2098A0007F990100DD9801007F9901007F9901007F990100E99801007F990100F5980100A5
:2098C00011990100FB685A1CFA6008221A702CE0FB685A1CFA600C221A7026E0FB685A1C20
:2098E000FA600A221A7020E0FB685A1CFA600D221A701AE0FB685A1CFA6009221A7014E096
:209900007B6A5A1CFB68591CF96012781A700CE007F10C031A46396A786AFFF71BFE034677
:20992000FB75FB7D002B2CD000BFFB7D7A6A13447B627A6A3B6A9A42FFF466AFFB680022D7
:209940001A707B681022DA607B68FA691A613B681B683A6AD31A1A463B689A603B689B6813
:209960005A1C3B689A6001231EE000BF0AE000BF08E000BF06E000BF04E000BF02E000BFBA
:2099800000E000BFFB69002B03D03B685B69F86998477B6A002B06D03B681B687A6AD31A42
:2099A0001A463B689A60002318462837BD4680BD80B588B000AF786039600023FB6100235B
:2099C0003B610023BB610023FB6000237B613B68002B01D1002310E17B68002B11D1032167
:2099E0003868FFF761FB38613B69002B01D1002303E13B69834A1188927819809A70012359
:209A0000FBE07B68FB6124E0FB691B78222B0FDC082B13DB083B7C4A22FA03F303F00103C6
:209A2000002B14BF01230023DBB2002B02D105E05C2B03D17B6901337B6107E0FB691B7844
:209A40001F2B02D87B6905337B6100BFFB690133FB61FB691B78002BD6D1FA697B68D31A3B
:209A60001A467B691344FB60FB68033319463868FFF71AFB38613B69002B01D10023BCE054
:209A80007B69002B17D13B6922221A703B690133FA687968184615F0DFFBFB6801333A69CB
:209AA000134422221A70FB6802333A69134400221A700123A1E03B6922221A703B69013354
:209AC000BB617B68FB6186E0FB691B781F2B0CD9FB691B78222B08D0FB691B785C2B04D031
:209AE000FB691A78BB691A706FE0BB695A1CBA615C221A70FB691B78222B3DDC082B59DBF2
:209B0000083B1A2B56D801A252F823F08D9B0100AD9B01009D9B0100B59B0100959B010062
:209B2000A59B0100B59B0100B59B0100B59B0100B59B0100B59B0100B59B0100B59B0100AD
:209B4000B59B0100B59B0100B59B0100B59B0100B59B0100B59B0100B59B0100B59B01007D
:209B6000B59B0100B59B0100B59B0100B59B0100B59B0100859B01005C2B1BD1BB695C221A
:209B80001A7022E0BB6922221A701EE0BB6962221A701AE0BB6966221A7016E0BB696E223D
:209BA0001A7012E0BB6972221A700EE0BB6974221A700AE0FB691B781A461449B86914F0F2
:209BC0000BFCBB690433BB6100BFFB690133FB61BB690133BB61FB691B78002B7FF474AF28
:209BE000FB6801333A69134422221A70FB6802333A69134400221A70012318462037BD46EC
:209C000080BD00BF8C170300370000049017030080B582B000AF786039607B681B6939682E
:209C20001846FFF7C5FE034618460837BD4680BD80B483B000AF78607B68002B03D07B6835
:209C40001B68002B01D100232CE07B68002B05D07B689A687B685B689A4206D37B6821E04E
:209C60007B689B685A1C7B689A607B68002B0DD07B689A687B685B689A4207D27B681A681B
:209C80007B689B6813441B78202BE9D97B689A687B685B689A4204D17B689B685A1E7B686A
:209CA0009A607B6818460C37BD465DF8047B704780B582B000AF78607B68002B07D07B68E2
:209CC0001B68002B03D07B689B68002B01D000231CE07B68002B18D07B689B681A1D7B680C
:209CE0005B689A4211D27B681A687B689B68134403220849184614F01CFC0346002B04D107
:209D00007B689B68DA1C7B689A607B6818460837BD4680BD9817030080B586B000AFF860A6
:209D2000B9607A60FB68002B01D100230CE0F86815F0A0FA034601337B617B68BA68796982
:209D4000F86800F005F8034618461837BD4680BD80B58EB000AFF860B9607A603B6007F180
:209D6000180300221A605A609A60DA601A615A619A6100237B63414B00221A603F4B002238
:209D80005A60FB68002B42D0BB68002B3FD0FB68BB61BB68FB6100233B62394A07F12803A8
:209DA00007CA83E807003648FFF748F878637B6B002B2ED007F118031846FFF779FF03469A
:209DC0001846FFF735FF03461946786B00F0FCF80346002B1FD03B68002B0ED007F118036A
:209DE0001846FFF725FF3A6AFB699A4215D2BA693B6A13441B78002B0FD17B68002B04D081
:209E0000BA693B6A1A447B681A607B6B31E000BF04E000BF02E000BF00E000BF7B6B002B15
:209E200002D0786BFFF720F8FB68002B20D0FB683B6100237B613A6AFB699A4202D23B6A86
:209E40007B6105E0FB69002B02D0FB69013B7B617B68002B04D03A697B691A447B681A6040
:209E6000064B1A4607F1100393E8030082E80300002318463837BD4680BD00BF3C0CFE1FE7
:209E80007009FE1F80B582B000AF7860002200217868FFF741FF034618460837BD4680BDBF
:209EA00080B58EB000AFF860B9607A6000237B6307F1100324220021184614F023FB7B685F
:209EC0001B68384A12681046984703463B61354B1B687B61BB687B627A6807F1280307CA34
:209EE00083E807003B69002B40D007F110031946F86800F055F90346002B39D007F1100381
:209F00001846FFF76BF97B689B68002B0DD07B689B683869BA6901321146984778637B6BC7
:209F2000002B27D000233B611EE07B681B68BA6901321046984778637B6B002B1CD03969D7
:209F4000BB695A1C7B69934228BF13461A46786B15F082F9BB697A6B134400221A707B68BC
:209F60005B683A69104698477B6B16E000BF04E000BF02E000BF00E000BF3B69002B04D025
:209F80007B685B683A69104698477B6B002B03D07B685B68786B9847002318463837BD4604
:209FA00080BD00BFAC17030080B582B000AF7860044A00217868FFF773FF03461846083754
:209FC000BD4680BD7009FE1F80B582B000AF786039603B68002B03D03B681B68002B01D160
:209FE0000023D2E03B68002B1DD03B689B681A1D3B685B689A4216D83B681A683B689B68F9
:20A00000134404226349184614F093FA0346002B09D17B680422DA603B689B681A1D3B6817
:20A020009A600123B1E03B68002B1DD03B689B685A1D3B685B689A4216D83B681A683B68A1
:20A040009B68134405225449184614F072FA0346002B09D17B680122DA603B689B685A1D69
:20A060003B689A60012390E03B68002B20D03B689B681A1D3B685B689A4219D83B681A68BC
:20A080003B689B68134404224449184614F051FA0346002B0CD17B680222DA607B680122CB
:20A0A0005A613B689B681A1D3B689A6001236CE03B68002B13D03B689A683B685B689A4263
:20A0C0000DD23B681A683B689B6813441B78222B05D139687868FFF725FB034655E03B6811
:20A0E000002B23D03B689A683B685B689A421DD23B681A683B689B6813441B782D2B0FD080
:20A100003B681A683B689B6813441B782F2B0DD93B681A683B689B6813441B78392B05D854
:20A1200039687868FEF7F4FE03462EE03B68002B13D03B689A683B685B689A420DD23B6846
:20A140001A683B689B6813441B785B2B05D13968786800F009F9034617E03B68002B13D02D
:20A160003B689A683B685B689A420DD23B681A683B689B6813441B787B2B05D13968786867
:20A1800000F03CFA034600E0002318460837BD4680BD00BF6C1703009C170300A4170300B7
:20A1A00080B584B000AF786039600023FB607B68002B02D03B68002B01D10023C9E07B6869
:20A1C000DB68DBB2802B00F08E80802B00F3C080202B49DC002B40F3BB80013B1F2B00F2A7
:20A1E000B78001A252F823F093A20100B7A2010051A301006FA2010051A3010051A30100A7
:20A2000051A30100DBA2010051A3010051A3010051A3010051A3010051A3010051A301000D
:20A2200051A301002DA3010051A3010051A3010051A3010051A3010051A3010051A301009A
:20A2400051A3010051A3010051A3010051A3010051A3010051A3010051A3010051A3010056
:20A2600051A3010039A30100402B6BD070E005213868FEF719FFF860FB68002B01D1002368
:20A2800067E0FB68354A1068186012791A7101235FE006213868FEF707FFF860FB68002B84
:20A2A00001D1002355E0FB682D4A1068186092889A8001234DE005213868FEF7F5FEF8601F
:20A2C000FB68002B01D1002343E0FB68254A1068186012791A7101233BE039687868FEF74B
:20A2E000E7FF034635E00023BB607B681B69002B01D100232DE07B681B69184614F0BAFFC6
:20A3000003460133BB60B9683868FEF7CDFEF860FB68002B01D100231BE07B681B69BA68C5
:20A320001946F86814F098FF012312E039687868FFF76EFC03460CE03968786800F0D8F856
:20A34000034606E03968786800F057FA034600E0002318461037BD4680BD00BF6C17030096
:20A360009C170300A417030080B586B000AF7860396000237B6100233B613B68DB68B3F592
:20A380007A7F01D30023AFE03B68DB685A1C3B68DA603B681A683B689B6813441B785B2BCA
:20A3A00040F094803B689B685A1C3B689A603868FFF73EFC3B68002B0DD03B689A683B68DD
:20A3C0005B689A4207D23B681A683B689B6813441B785D2B61D03B68002B05D03B689A684F
:20A3E0003B685B689A4205D33B689B685A1E3B689A6072E03B689B685A1E3B689A603B68D8
:20A4000010331846FEF71AFDF860FB68002B5FD07B69002B04D1FB687B617B693B6107E0F0
:20A420003B69FA681A60FB683A695A60FB683B613B689B685A1C3B689A603868FFF7F8FB9B
:20A4400039683869FFF7C0FD0346002B42D03868FFF7EEFB3B68002B0DD03B689A683B680F
:20A460005B689A4207D23B681A683B689B6813441B782C2BC3D03B68002B2DD03B689A6855
:20A480003B685B689A4227D23B681A683B689B6813441B785D2B1FD100E000BF3B68DB68CF
:20A4A0005A1E3B68DA607B69002B02D07B693A695A607B682022DA607B687A699A603B6863
:20A4C0009B685A1C3B689A6001230DE000BF04E000BF02E000BF00E000BF7B69002B02D0D2
:20A4E0007869FEF7C1FC002318461837BD4680BD80B586B000AF7860396000237B6100230C
:20A50000FB607B689B683B613B68002B01D1002370E001213868FEF7C7FD78617B69002BE8
:20A5200001D1002366E07B695B221A703B689B685A1C3B689A603B68DB685A1C3B68DA6003
:20A540003DE039683869FFF72BFE0346002B01D100234FE03868FEF741FE3B691B68002BBF
:20A560002AD03B685B69002B01D0022300E00123FB60FB68013319463868FEF795FD786104
:20A580007B69002B01D1002334E07B695A1C7A612C221A703B685B69002B04D07B695A1CD6
:20A5A0007A6120221A707B6900221A703B689A68FB681A443B689A603B691B683B613B69FA
:20A5C000002BBED102213868FEF76EFD78617B69002B01D100230DE07B695A1C7A615D2220
:20A5E0001A707B6900221A703B68DB685A1E3B68DA60012318461837BD4680BD80B586B08A
:20A6000000AF7860396000237B6100233B613B68DB68B3F57A7F01D30023EAE03B68DB682E
:20A620005A1C3B68DA603B68002B00F0D0803B689A683B685B689A4280F0C9803B681A68F4
:20A640003B689B6813441B787B2B40F0C0803B689B685A1C3B689A603868FFF7E9FA3B687F
:20A66000002B0ED03B689A683B685B689A4208D23B681A683B689B6813441B787D2B00F0C3
:20A680008D803B68002B05D03B689A683B685B689A4205D33B689B685A1E3B689A60A1E00F
:20A6A0003B689B685A1E3B689A603B6810331846FEF7C4FBF860FB68002B00F08A807B6923
:20A6C000002B04D1FB687B617B693B6107E03B69FA681A60FB683A695A60FB683B613B68F2
:20A6E0009B685A1C3B689A603868FFF7A1FA39683869FFF717F80346002B6CD03868FFF786
:20A7000097FA3B691A693B691A623B6900221A613B68002B61D03B689A683B685B689A423A
:20A720005BD23B681A683B689B6813441B783A2B53D13B689B685A1C3B689A603868FFF75F
:20A7400077FA39683869FFF73FFC0346002B46D03868FFF76DFA3B68002B0DD03B689A683E
:20A760003B685B689A4207D23B681A683B689B6813441B782C2B98D03B68002B31D03B68D8
:20A780009A683B685B689A422BD23B681A683B689B6813441B787D2B23D100E000BF3B68E5
:20A7A000DB685A1E3B68DA607B69002B02D07B693A695A607B684022DA607B687A699A60A0
:20A7C0003B689B685A1C3B689A60012311E000BF08E000BF06E000BF04E000BF02E000BF5C
:20A7E00000E000BF7B69002B02D07869FEF73CFB002318461837BD4680BD80B588B000AFA0
:20A80000786039600023FB610023FB607B689B68BB613B68002B01D1002308E13B685B69B5
:20A82000002B01D0022300E00123FB60FB68013319463868FEF738FCF861FB69002B01D11F
:20A840000023F4E0FB695A1CFA617B221A703B68DB685A1C3B68DA603B685B69002B04D006
:20A86000FB695A1CFA610A221A703B689A68FB681A443B689A60A0E03B685B69002B22D0E6
:20A880003B68DB6819463868FEF70EFCF861FB69002B01D10023CAE000237B6107E0FB6903
:20A8A0005A1CFA6109221A707B6901337B613B68DB687A699A42F2D33B689A683B68DB6829
:20A8C0001A443B689A60BB691B6A39681846FFF76FF80346002B01D10023A8E03868FEF7F2
:20A8E0007DFC3B685B69002B01D0022300E00123FB60F9683868FEF7D7FBF861FB69002B48
:20A9000001D1002393E0FB695A1CFA613A221A703B685B69002B04D0FB695A1CFA610922EE
:20A920001A703B689A68FB681A443B689A603968B869FFF735FC0346002B01D1002376E0E2
:20A940003868FEF74BFC3B685B69002B01D0012200E00022BB691B68002B01D0012300E0EC
:20A9600000231344FB60FB68013319463868FEF79BFBF861FB69002B01D1002357E0BB69A9
:20A980001B68002B04D0FB695A1CFA612C221A703B685B69002B04D0FB695A1CFA610A2261
:20A9A0001A70FB6900221A703B689A68FB681A443B689A60BB691B68BB61BB69002B7FF475
:20A9C0005BAF3B685B69002B03D03B68DB68013300E0022319463868FEF766FBF861FB69D7
:20A9E000002B01D1002322E03B685B69002B10D000233B6107E0FB695A1CFA6109221A7033
:20AA00003B6901333B613B68DB68013B3A699A42F1D3FB695A1CFA617D221A70FB69002279
:20AA20001A703B68DB685A1E3B68DA60012318462037BD4680BD80B586B000AFF860B960AD
:20AA40007A6000237B61FB68002B02D0BB68002B01D1002333E0FB689B687B617B68002B17
:20AA600017D002E07B691B687B617B69002B1CD07B691B6A002B18D07B691B6A1946B8686B
:20AA800014F0D8FB0346002BECD10EE07B691B687B617B69002B08D07B691B6A1946B868AE
:20AAA000FEF7ECF80346002BF0D17B69002B03D07B691B6A002B01D1002300E07B691846FB
:20AAC0001837BD4680BD80B582B000AF78603960002239687868FFF7AEFF03461846083734
:20AAE000BD4680BD80B483B000AF786039607B683A681A603B687A685A6000BF0C37BD464C
:20AB00005DF8047B704780B584B000AF786039600023FB603B68002B06D07B68002B03D01E
:20AB20007A683B689A4201D100231EE07B689B68FB60FB68002B09D17B683A689A603B68F6
:20AB40003A685A603B6800221A600DE0FB685B68002B09D0FB685B6839681846FFF7C2FF67
:20AB60007B689B683A685A60012318461037BD4680BD80B483B000AF78607B6818460C3718
:20AB8000BD465DF8047B704780B586B000AFF860B9607A603B6000237B6100233B61FB6806
:20ABA000002B09D0BB68002B06D07B68002B03D0FA687B689A4201D1002336E03B6A002B90
:20ABC00009D0B868FFF7D5FF78617B68DB6843F400733B610EE03968B868FEF7C3F8786135
:20ABE0007B69002B01D100231FE07B68DB6823F400733B617B68DB6803F40073002B09D171
:20AC00007B681B6A002B05D03B685B687A68126A104698477B687A691A627B683A69DA60D1
:20AC20007968F868FFF76FFF034618461837BD4680BDFFFF80B588B002AFF860B96087ED38
:20AC4000000B97ED000B00F03BF8786100230093094B7A69B968F868FFF796FF0346002BF1
:20AC600001D07B6903E07869FEF7FEF8002318461837BD4680BD00BF7009FE1F80B588B09E
:20AC800002AFF860B9607A60786800F061F8786100230093094B7A69B968F868FFF774FFDF
:20ACA0000346002B01D07B6903E07869FEF7DCF8002318461837BD4680BD00BF7009FE1F79
:20ACC00080B584B000AF87ED000B1F48FEF7B6F8F860FB68002B2CD0FB680822DA60F968C9
:20ACE000D7E90023C1E9062315A3D3E90023D7E9000112F0C9F90346002B04D0FB686FF078
:20AD000000425A6115E04FF00002104BD7E9000112F0B0F90346002B04D0FB684FF000420D
:20AD20005A6106E0D7E9000112F0D8F90246FB685A61FB6818461037BD4680BDAFF300800E
:20AD40000000C0FFFFFFDF417009FE1F0000E0C180B584B000AF78600F48FEF76FF8F860E4
:20AD6000FB68002B12D0FB681022DA600A497868FDF7F8FF0246FB681A61FB681B69002B3E
:20AD800004D1F868FEF770F8002300E0FB6818461037BD4680BD00BF7009FE1F80B582B01A
:20ADA00000AF0748FEF74AF878607B68002B02D07B684022DA607B6818460837BD4680BD67
:20ADC0007009FE1F80B582B000AF7860034B5B687868984700BF0837BD4680BD7009FE1F4B
:20ADE00080B485B000AF78607B68B3F804311A467B689B5CFB737B68B3F8043101339AB2B5
:20AE00007B68A3F80421FB7B18461437BD465DF8047B704780B483B000AF78600B46FB7038
:20AE20007B68B3F8043119467B68FA785A547B68B3F8043101339AB27B68A3F8042100BF48
:20AE40000C37BD465DF8047B704780B483B000AF78607B68B3F8043101339AB27B68A3F872
:20AE6000042100BF0C37BD465DF8047B704780B485B000AF78607B68B3F804311A467B6827
:20AE80009B5C1B021AB27B68B3F8043101337968CB5C1BB213431BB2FB817B68B3F80431A4
:20AEA00002339AB27B68A3F80421FB8918461437BD465DF8047B704780B483B000AF7860C5
:20AEC0000B467B807B881B0A99B27B68B3F804311A46C9B27B6899547B68B3F8043101334E
:20AEE0007A88D1B27A68D1547B68B3F8043102339AB27B68A3F8042100BF0C37BD465DF885
:20AF0000047B704780B483B000AF78607B680022A3F8042100BF0C37BD465DF8047B7047B8
:20AF200080B582B000AF78607868FFF7EBFF7B68002283F806217B68002283F807217B6831
:20AF40000022A3F808217B68002283F80A217B68002283F80B2100BF0837BD4680BD90B531
:20AF600083B000AF78600B46FB707B68B3F85A314FF6FF72934204D17B680122A3F85A21C6
:20AF800007E07B68B3F85A3101339AB27B68A3F85A217B68D3F84C4178687B68D3F85431EA
:20AFA00000224FF48271A0477868FFF7B9FF7B6893F859217B6883F806217B68FA7883F887
:20AFC00007217B68B3F85A217B68A3F808217B6893F80631002B08D17B6893F84831012BDD
:20AFE00003D17B68012283F80A2100BF0C37BD4690BD90B583B000AF786039607B68002BD9
:20B0000002D14FF0FF3334E04FF4AE720021786813F078FA7B684FF0FF32C3F840217B68AD
:20B020004FF0FF32C3F844213B68002B02D14FF0FF331EE03B681B78012B06D03B681B7802
:20B04000022B02D04FF0FF3313E03B685B68002B03D03B689B68002B02D14FF0FF3308E02C
:20B060007B683A6803F5A47413460FCB84E80F00002318460C37BD4690BD80B483B000AF63
:20B08000786039607B683A68C3F8442100BF0C37BD465DF8047B704780B483B000AF78601C
:20B0A00039607B683A68C3F8402100BF0C37BD465DF8047B704780B483B000AF78600B4687
:20B0C000FB707B68FA7883F8592100BF0C37BD465DF8047B704780B487B000AF78603960A0
:20B0E0004FF6FF73FB8200233B6126E07A683B6913441B781A46FB8A5340FB820823FB606C
:20B1000015E0FB8A03F00103002B0AD0FB8A5B08FB82FB8A83F4BF4383F07E03DB43FB82C7
:20B1200002E0FB8A5B08FB82FB68013BFB60FB68002BE6D13B6901333B613A693B689A42F3
:20B14000D4D3FB8A5BBA9BB218461C37BD465DF8047B704790B585B000AF78600B467B80D5
:20B160007B68D3F84C417B687A68B2F8042198187B68D3F840217B68D3F854317988A04726
:20B18000F8607B88FA689A4201D100230EE07B88FA689A4208DAFB68002B02DA6FF0030341
:20B1A00004E06FF0020301E06FF0030318461437BD4690BD90B585B000AF78600B467B80BB
:20B1C0007B68D3F8504178687B68D3F840217B68D3F854317988A047F8607B88FA689A428D
:20B1E00001D100230EE07B88FA689A4208DAFB68002B02DA6FF0030304E06FF0020301E051
:20B200006FF0030318461437BD4690BD80B584B000AF78607B6893F84831012B22D17A68F8
:20B220007B68B3F8043119461046FFF754FF0346FB8102217868FFF78DFF03467B7397F93C
:20B240000D30002B02D097F90D300CE07868FFF70EFE03467B817A89FB899A4202D06FF040
:20B26000040300E0002318461037BD4680BD80B586B000AF786039607B68D3F840317B6159
:20B280007B68D3F844217B68C3F840217868FFF747FE3B6800221A707B6893F84831012B1F
:20B2A00031D101217868FFF755FF03467B737B687A69C3F8402197F90D30002B02D097F9CD
:20B2C0000D307BE03B6801221A707868FFF788FD03461A467B6883F8062101217868FFF705
:20B2E00039FF03467B7397F90D30002B02D097F90D3063E07868FFF773FD03461A467B6833
:20B3000083F8072159E07B6893F84831022B54D101217868FFF71EFF0346FB747B687A6985
:20B32000C3F8402197F91330002B02D097F9133044E03B6801221A707868FFF786FD072159
:20B340007868FFF707FF0346FB7497F91330002B02D097F9133031E07868FFF7D3FD78681F
:20B36000FFF785FD03461A467B68A3F808217868FFF77DFD03463B827868FFF778FD03461B
:20B38000FB817868FFF72CFD03461A467B6883F806217868FFF724FD03461A467B6883F806
:20B3A00007213B8A002B02D06FF0050306E0FB89FF2B02D96FF0050300E0002318461837B6
:20B3C000BD4680BD80B582B000AF78600B467B807868FFF797FD7B6893F84831012B07D19E
:20B3E0007B6893F8063119467868FFF713FD1DE07B6893F84831022B18D17B68B3F80831A2
:20B4000019467868FFF758FD00217868FFF754FD7B8802339BB219467868FFF74DFD7B6873
:20B4200093F8063119467868FFF7F4FC7B6893F8073119467868FFF7EDFC00BF0837BD4660
:20B4400080BD80B584B000AF78607B6893F84831012B0ED17A687B68B3F804311946104673
:20B46000FFF739FE0346FB81FB8919467868FFF723FD7B68B3F8043119467868FFF79AFE71
:20B4800003467B7397F90D3018461037BD4680BD80B584B000AF78607B68B3F80831FB8190
:20B4A0007B6893F806317B737B6893F807313B7300237B7207F1090319467868FFF7D7FE87
:20B4C0000346FB7297F90B30002B02D097F90B3057E07B6893F84831022B08D17B68B3F871
:20B4E0000831FA899A4202D06FF0050349E07B6893F84831012B08D17B6893F806317A7BCC
:20B500009A4202D06FF006033BE07B6893F807313A7B9A4234D07B6893F80731A3F1800203
:20B520003B7B9A4229D101217868FFF713FE0346FB7297F90B30002B02D097F90B3020E02D
:20B540007868FFF74DFC0346BB727868FFF75EFE0346FB7297F90B30002B02D097F90B30DB
:20B560000FE0BB7A002B02D0BB7A042B02D96FF0010306E097F90A3003E06FF0010300E032
:20B58000002318461037BD4680BD80B582B000AF78600B467B807B8819467868FFF712FF20
:20B5A00000BF0837BD4680BD80B586B000AFF8600B467A607B81F868FFF76AFF0346FB743D
:20B5C00097F91330002B02D097F9133056E00121F868FFF7BFFD0346FB7497F91330002BA8
:20B5E00002D097F9133049E0F868FFF7F9FB0346BB74BB7CFA2B02D96FF001033EE0BB7CCC
:20B600009BB21946F868FFF7A5FD0346FB7497F91330002B02D097F913302FE000237B611D
:20B6200010E0F868FFF723FC03463B827B68002B05D07B695B007A6813443A8A1A807B6902
:20B6400001337B61BB7C5B08DBB21A467B699342E7DBF868FFF7DAFD0346FB7497F9133020
:20B66000002B02D097F9133008E0BA7C7B895B009A4202D06FF0010300E0002318461837BC
:20B68000BD4680BD80B582B000AF7860396039687868FFF7AEFC034618460837BD4680BD9C
:20B6A00080B586B000AFF860084611461A460346FB720B463B811346FB80FB88002B02D0FC
:20B6C000FB887D2B02D94FF0FF332EE03A89FB881344B3F5803F02D94FF0FF3325E0FB7A1B
:20B6E0001946F868FFF73BFC0421F868FFF74DFF3B891946F868FFF7DFFBFB881946F86802
:20B70000FFF7DAFBF868FFF79CFE0346FB7597F91730002B02D097F9173006E0FB883A6AFD
:20B720001946F868FFF740FF034618461837BD4680BD80B586B002AFF8607B600B467B8143
:20B7400013463B8139897A897B6800930B460321F868FFF7A5FF034618461037BD4680BDFC
:20B7600080B483B000AF78607B68DA687B681B699A4205D17B6800221A617B680022DA60DE
:20B780007B68002B05D07B68DA687B681B69D31A00E0002318460C37BD465DF8047B70471B
:20B7A00080B582B000AF78607B68002B07D07868FFF7D6FF02467B689B689A4201D101230B
:20B7C00000E0002303F00103DBB218460837BD4680BD80B582B000AF78607B68002B05D034
:20B7E0007868FFF7BDFF0346002B01D1012300E0002303F00103DBB218460837BD4680BDE9
:20B8000080B584B000AF78600023FB607868FFF7E0FF034683F00103DBB2002B15D07B68C5
:20B8200019687B681B697A689268B3FBF2F000FB02F29B1A7A68526802FB03F30B44FB60D7
:20B840007B681B695A1C7B681A61FB6818461037BD4680BD80B584B000AF786039600023B9
:20B86000FB730023BB607B68002B2AD03B68002B27D07868FFF794FF034683F00103DBB299
:20B88000002B1ED07B6819687B68DB687A689268B3FBF2F000FB02F29B1A7A68526802FB5C
:20B8A00003F30B44BB607B685B681A463968B86813F0D2FC7B68DB685A1C7B68DA600123B3
:20B8C000FB73FB7B18461037BD4680BD80B485B000AFF860B9607A603B60FB68002B0FD034
:20B8E000FB6800221A61FB680022DA60FB68BA681A60FB687A685A60FB683A689A6000BFCD
:20B9000000BF1437BD465DF8047B704780B500AF01F056F800F0C2FD01F0B4FD184B40F286
:20B92000BF121A6001F03AFE01F096FF02F050F901F068F800F012FD00F070FD00F09AF8A3
:20B940000346052B0BD10F49042001F04DFE0E4A92F8C83D6FF3410382F8C83D0AE06FF085
:20B960000D0000F0D1F8084A92F8C83D43F0020382F8C83D00F09EFB01F012FA00BF80BDE7
:20B98000480CFE1FC8170300201AFF1F80B400AF044B1B680133034A136000BFBD465DF83C
:20B9A000047B7047440CFE1F80B485B000AF786039604FF6FF73FB8111E07B685A1C7A6004
:20B9C0001A78FB89DBB253407B73FB891B0AFB817B7B094A32F81320FB895340FB813B6842
:20B9E0005A1E3A60002BE8D1FB8918461437BD465DF8047B704700BFE817030080B483B06E
:20BA000000AF786039603A687B689A4203D23A687B68D31A02E03A687B68D31A18460C3769
:20BA2000BD465DF8047B704780B582B000AF7860054B1B6819467868FFF7E0FF03461846FC
:20BA40000837BD4680BD00BF440CFE1F80B483B000AF78607B681B78FF2B05D07B681B7862
:20BA60000133DAB27B681A7000BF0C37BD465DF8047B704780B582B000AF0523FB71214BF3
:20BA80001B78002B02D00423FB712DE0512000F0E5FF0346002B22D17B1D184600F064F987
:20BAA0000346052B1DD07B7903F00103002B02D00423FB7118E04823BB71BB791946002063
:20BAC00001F066F80346002B0DD17B7943F00103DBB2184600F062F90423FB7104E000BF2E
:20BAE00002E000BF00E000BFFB79042B0CBF01230023DAB2034B1A70FB7918460837BD46D9
:20BB000080BD00BF4C0CFE1F80B584B000AF0346FB710023FB60512000F0A0FF0346002BF5
:20BB200001D005230FE002233B73FB797B7307F10C030221184600F0DBFF0346002B01D051
:20BB4000052300E0042318461037BD4680BD80B584B000AF0346FB710B46BB7113467B7142
:20BB60000023FB60512000F079FF0346002B01D005231FE004233B737B79184600F036F9BC
:20BB800003467B73BB79184600F030F90346BB73FB79184600F02AF90346FB7307F10C03A9
:20BBA0000421184600F0A4FF0346002B01D0052300E0042318461037BD4680BD80B584B0AD
:20BBC00000AF0346FB800B467B7113463B710023BB6000233B73512000F040FF0346002B8D
:20BBE00001D005232FE0FB8879793A79184600F03BF90346FB7307233B723B79184600F003
:20BC0000F5F803467B72FB7B184600F0EFF80346BB727B79184600F0E9F80346FB72FB8884
:20BC2000A3F2B273184600F0E1F803463B7307F108030521184600F05BFF0346002B01D016
:20BC4000052300E0042318461037BD4680BDFFFF80B586B000AF786000233B6107F1140312
:20BC600000210A461A800A469A700023BB813D4B1B7883F00103DBB2002B01D005236DE070
:20BC8000512000F0EBFE0346002B01D0052365E004233B7307F10C030121184600F028FF35
:20BCA0000346002B01D0052358E007F110030721184600F03BFF0346002B01D005234DE08A
:20BCC0003B7C03F07F03DBB2184600F0B5F80346DAB27B68DA717B7C03F07F03DBB2184656
:20BCE00000F0AAF80346DAB27B689A71BB7C03F03F03DBB2184600F09FF80346DAB27B6859
:20BD00005A71FB7C03F03F03DBB2184600F094F80346DAB27B68DA703B7D03F00703DBB201
:20BD2000184600F089F80346DAB27B681A717B7D03F01F03DBB2184600F07EF80346DAB2BE
:20BD40007B689A70BB7D184600F076F80346DBB203F2B2739AB27B681A8004231846183775
:20BD6000BD4680BD4C0CFE1F80B582B000AF7860512000F073FE0346002B01D0052309E0F8
:20BD80007968032000F01EFF0346002B01D0052300E0042318460837BD4680BD80B582B0DA
:20BDA00000AF0346FB71104B1B7883F00103DBB2002B01D0052312E0512000F04FFE034620
:20BDC000002B01D005230AE0FB791946032000F0DFFE0346002B01D0052300E004231846C0
:20BDE0000837BD4680BD00BF4C0CFE1F80B483B000AF78607B680F4A82FB03129210DB1740
:20BE0000D31ADBB21B01D8B27A680A4B83FB02139910D317C91A0B469B000B445B00D11A41
:20BE2000CBB20344DBB218460C37BD465DF8047B704700BF6766666680B483B000AF0346CB
:20BE4000FB71FB791B09DBB21A4613469B0013445B001A46FB7903F00F03134418460C377A
:20BE6000BD465DF8047B704780B489B000AFF860B9607A60BB68022B05DCBB680C33BB601F
:20BE8000FB68013BFB60FB682A4A82FB03125111DA178A1A642101FB02F29B1AFB61FB685F
:20BEA000244A82FB03125211DB17D31ABB61BB685A1C13465B0013449B0013441E4A82FBA9
:20BEC00003125210DB17D21A7B681A44FB691A44FB69002B00DA03339B101A44BB69002B13
:20BEE00000DA03339B101A44BB695B00D21A134B83FB021313449910D317C91A0B46DB00D4
:20BF00005B1AD31A7B617B69DBB20633DAB20C4BA3FB0213D11A49080B4499080B46DB004B
:20BF20005B1AD31ADBB218462437BD465DF8047B704700BF1F85EB51676666669324499201
:20BF40002549922480B586B000AF03463960FB7100233B6100233B730123FB8100233B8146
:20BF6000FB793B73FB7903F00F03012B02D10123FB8209E0FB7903F00C03002B02D1022304
:20BF8000FB8201E005233FE0FA8907F10C031146184600F0ADFD38613B69002B01D00523C2
:20BFA00032E0FA8A07F108031146184600F0BEFD38613B69002B01D0052325E0FB7903F0BB
:20BFC0000F03012B04D13B7A1AB23B681A801AE0FB7903F00C03002B13D13B7A1B021AB273
:20BFE0007B7A1BB213431AB23B681A803B68B3F90030002B07DA3B68B3F900203B681A80E9
:20C0000001E0052300E0042318461837BD4680BD80B584B000AF786007F10E0319460020AB
:20C02000FFF790FF0346052B04D17B68104A1A60052318E0B7F90E30DB111BB2FB81B7F983
:20C040000E30184610F030FD4FF00002094B10F095FD02460B461046194611F067F80246FA
:20C060007B681A60042318461037BD4680BD00BF008088430000E03F80B582B000AF786040
:20C08000482000F0EBFC7868FFF7C2FF034618460837BD4680BD80B582B000AF786049204D
:20C0A00000F0DCFC7868FFF7B3FF034618460837BD4680BD80B582B000AF00237B60124A9A
:20C0C00013696FF3410313611049114808F00AFB78607B68002B05D00E4B0F4A26210F4810
:20C0E0000DF0CAFA0A4808F04BFB78607B68002B05D0084B084A292108480DF0BDFA00BF82
:20C100000837BD4680BD00BF00B001405C360300242DFF1FE8190300141A0300FC1903009F
:20C1200080B582B000AF00237B60084808F028FB78607B68002B05D0054B064A3321064883
:20C140000DF09AFA00BF0837BD4680BD242DFF1FE8190300281A0300FC19030080B483B0D9
:20C1600000AF78600B467B807B681B8807EE903AB8EEE77A7B681B8807EE903AF8EEE76A24
:20C18000B2EE046AC6EE867A77EE677AFCEEE77A17EE903A9AB27B681A807B8807EE903AF2
:20C1A000B8EEE77AF2EE046AC7EE267AFCEEE77A17EE903A7B807B681A887B8813449AB295
:20C1C0007B681A8000BF0C37BD465DF8047B70472DE9B04300AF504BB3F8BC3D9BB21846B0
:20C1E00010F062FC44A3D3E9002310F0C7FC02460B4614461D46484BB3F8BC3D9BB2184620
:20C2000010F052FC02460B462046294610F0B6FC02460B4614461D463F4BB3F8BC3D9BB2DF
:20C22000184610F041FC02460B462046294610F0A5FC02460B4614461D46374BB3F8BC3DD8
:20C240009BB2184610F030FC2DA3D3E9002310F095FC02460B46904699462F4BB3F8BC3D5B
:20C260009BB2184610F020FC02460B464046494610F084FC02460B462046294610F0C6FA9B
:20C2800002460B4614461D46234BB3F8BC3D9BB2184610F009FC1CA3D3E9002310F06EFC7E
:20C2A00002460B462046294610F0B2FA02460B461046194616A3D3E9002310F0A7FA024695
:20C2C0000B461046194610F009FF03461A461349082001F089F9124B1A68124B1B68D31A04
:20C2E0001A461149082001F07FF90D4B1B680D4A136000BFBDE8B083956479E17FFDB5BD76
:20C300008DEDB5A0F7C6B03E46B6F3FDD4F80840C3F5285C8FD25D40201AFF1FA41A030050
:20C32000540CFE1F500CFE1FB01A030080B584B000AF786007F10E031A46102105480CF067
:20C340005FFBFB8919460448FFF708FF00BF1037BD4680BD482CFF1FDC27FF1F80B582B0F7
:20C3600000AF00237B60184918480CF049FA78607B68002B05D01649082001F035F97B68CC
:20C380001EE0144911480CF0CBFA78607B68002B05D01149082001F027F97B6810E00F49AF
:20C3A000082001F021F901F09FF878607B68002B05D00B49082001F017F97B6800E07B68E4
:20C3C00018460837BD4680BD14350300482CFF1FBC1A03002C350300DC1A0300001B03004E
:20C3E000181B030080B582B000AF00237B6009480CF0CCFA78607B68002B05D006490820AE
:20C4000001F0F2F87B6800E07B6818460837BD4680BD00BF482CFF1F341B030080B500AF37
:20C420000549064800F094FF00220121034800F0D9FF00BF80BD00BFA0350300AC2CFF1FFD
:20C4400080B500AF024800F0B5FF00BF80BD00BFAC2CFF1F80B500AF024800F093FF00BFEA
:20C4600080BD00BFAC2CFF1F80B582B000AF0346FB71FB79642B01D96423FB71FB79C3F107
:20C480006403DBB21A460121034800F0ABFF00BF0837BD4680BD00BFAC2CFF1F80B582B0E7
:20C4A00000AF00237B60154B1B78002B01D07B6820E0134913480BF08BF878607B68002BE2
:20C4C00005D01149042001F08FF87B6812E0012202210C480BF0BEF978607B68002B05D0B5
:20C4E0000A49042001F080F87B6803E0034B01221A707B6818460837BD4680BD608CFE1FD2
:20C5000058340300AC2BFF1F6C1B0300881B030080B483B000AF78607B681A78174B1A7018
:20C520007B681B78032B03D1154B01221A701EE07B681B78022B03D1124B01221A7016E001
:20C540007B681B78002B03D10F4B01221A700EE07B681B78012B03D10C4B01221A7006E011
:20C560007B681B78062B02D1094B01221A7000BF0C37BD465DF8047B704700BF5D0CFE1F6B
:20C58000580CFE1F590CFE1F5A0CFE1F5B0CFE1F5C0CFE1F80B588B002AF78603960012359
:20C5A0007B613B68002B01D100236EE07A683B6813443B617B68374A934205D93B68013B20
:20C5C0009B0901337B612EE07B68B3F5803F0BD33B69B3F5002F01D9002356E03B68013BE4
:20C5E000DB0B01337B611EE07B68002B1BD13B69B3F5002F01D9002347E03B69B3F5803FA3
:20C600000CD33B68A3F580333B603B68013BDB0B01337B617B6908337B6104E03B68013B1F
:20C620005B0B01337B617A6979681B480BF082F8F860FB68002B06D0FA681849042000F055
:20C64000D3FF002321E07B68124A93420CD87B6900933B687A681249042000F0C5FF642039
:20C660000EF086FC012310E00E4B1B78002B0BD000BF0D4B1B78DBB283F00103DBB2002BCE
:20C68000F7D1094B00221A70012318461837BD4680BD00BFFFFF0F40AC2BFF1FF01B0300B2
:20C6A000041C0300583403005A0CFE1F80B586B000AFF860B9607A607B68FA68B96814481E
:20C6C0000AF0F8FF78617B69002B06D07A691149042000F089FF002316E0FB68B3F5002F7F
:20C6E00001D2012310E00C4B1B78002B0BD000BF0A4B1B78DBB283F00103DBB2002BF7D138
:20C70000064B00221A70012318461837BD4680BDAC2BFF1F301C0300583403005B0CFE1FB4
:20C7200080B58AB000AFF860B9607A604FF40043BB61BA690021434811F0E4FEFB687B62FC
:20C74000FA687B6813447B61BB68FB617B68002B02D07B6A002B6CD100236FE07B6A3A4ADA
:20C76000934202D94023BB610DE07B6AB3F5803F03D34FF40043BB6105E07B6A002B02D111
:20C780004FF40053BB617A697B6AD31A3B627B6ABA69B3FBF2F2B96901FB02F29B1A3B6198
:20C7A000BA693B69D31A3A6A9A4203D3BA693B69D31A3B627A6A3B69D31A7B627B6ABA69C4
:20C7C0001946204812F048FD3B691E4A1344F9693A6A184612F040FD7B6ABA69194918467D
:20C7E00011F080FE0346002B19D0B969786AFFF7D1FE034683F00103DBB2002B01D0002328
:20C800001CE0104BBA691946786AFFF74FFF034683F00103DBB2002B01D000230EE03A6A1B
:20C820003B6913447A6A13447B62FA693B6A1344FB617A6A7B699A4290D301231846283742
:20C84000BD4680BD600CFE1FFFFF0F4080B586B000AFF860B9607A60FA687B6813447B61E5
:20C860007B68002B03D07B69B3F5002F01D900230BE07B68FA680749042000F0B5FE7A68F6
:20C88000B968F868FFF74CFF034618461837BD4680BD00BF401C030080B586B000AFF86010
:20C8A000B9607A60FB687B61FA687B6813443B617B68002B07D07B690C4A934203D93B699A
:20C8C0000B4A934201D900230BE07B68FA680949042000F089FE7A68B968F868FFF720FF9C
:20C8E000034618461837BD4680BD00BFFFFF0F4000201040681C030080B485B000AF03469E
:20C900000A46FB8013467B711449FB881B0A9BB21A46FB88DBB21201134451F82330FB60E4
:20C92000FB6823F0011323F44043FB607B79FA681343BB600948FB881B0A9BB21946FB8889
:20C94000DBB2BA6842F0040209010B4440F8232000BF1437BD465DF8047B70470008044038
:20C9600080B485B000AF0023FB60EFF310837B607B68FB600123BB60BB6883F3108800BF64
:20C980000D4B1B68002B05D10C4B0022DA700B4B4022DA70084B1B680133074A1360FB68C5
:20C9A0003B603B6883F3108800BF00BF1437BD465DF8047B704700BFAC32FF1F000D0440C8
:20C9C00080B500AFFFF7CCFF00BF80BD80B582B000AF0346FB80FB8801211846FFF78CFF58
:20C9E00000BF0837BD4680BD80B582B000AF0346FB80FB8800211846FFF77EFF00BF0837AC
:20CA0000BD4680BD80B582B000AF00237B600F4B1B78002B01D0002314E00D490D4809F01E
:20CA2000B3F878607B68002B05D00B49102000F0DBFD7B6806E07B68002B02D1034B012229
:20CA40001A707B6818460837BD4680BD618CFE1F483503006C2CFF1F901C030080B582B036
:20CA600000AF786001227968034809F097F9034618460837BD4680BD6C2CFF1F80B582B014
:20CA800000AF184B00221A70174B1B687B607868FEF7CAFF0346642B02D94FF496731CE07F
:20CAA000104B1B78DBB2002BF1D00E4B1B78DBB2012B04D00B4B00221A7000230DE0094B30
:20CAC0001B78DBB21A4664230849102000F08CFD044B00221A704FF4967318460837BD466E
:20CAE00080BD00BF8009FE1F440CFE1FA81C030080B584B000AF786039600023FB60002336
:20CB00003A687968084809F02AF9F860FB68002B01D0FB6803E0FFF7B1FFF860FB6818466A
:20CB20001037BD4680BD00BF6C2CFF1F80B584B000AF786039600023FB6000233A6879684C
:20CB4000084809F0E9F8F860FB68002B01D0FB6803E0FFF793FFF860FB6818461037BD46C3
:20CB600080BD00BF6C2CFF1F80B483B000AF78607B68002B03D07B681A79044B1A7000BF26
:20CB80000C37BD465DF8047B704700BF8009FE1F80B584B000AF03460A46FB711346BB71BD
:20CBA0000023FB60FB793B72BB797B7207F1080302211846FFF79CFFF860FB681846103740
:20CBC000BD4680BD80B584B000AF03463960FB710023FB60FB793B7207F10803012118468D
:20CBE000FFF786FFF860FB68002B01D0FB680AE001213868FFF79AFFF860FB68002B01D0AE
:20CC0000FB6800E0FB6818461037BD4680BDFFFF80B586B000AFF860B9601346FB71012317
:20CC20007B750023FB750023BB75FB7983F00103DBB2002B12D0374B1B68002B0BD001236A
:20CC4000FB75354B1A68334B1B6813441A463349042000F0C9FC0123BB7520E02D4B1B6806
:20CC60002F4A1344BA68F968184612F0F5FA294B1A68BB681344274A1360264B1B68B3F522
:20CC8000004F0CD1244B1A68224B1B6813441A462449042000F0A8FC0123FB7500BFFB7DE0
:20CCA000002B28D007F03EFC1B4B1B6803F560331B49184A12681846FFF7C8FD03467B751A
:20CCC00007F068FC144B1A68124B1B681344124A1360104B00221A607B7D83F00103DBB21F
:20CCE000002B08D00C4B00221A600F49042000F07BFC00230AE0BB7D002B06D0064B0022A2
:20CD00001A600A49042000F06FFCBB6818461837BD4680BD640CFF1F680CFF1FC81C0300B0
:20CD2000648CFE1FF01C0300041D0300201D030080B582B000AF0423FB71FBF78BFF3860B6
:20CD40003A680749042000F04FFC3B68002B01DA0523FB71FB7918460837BD4680BD00BF35
:20CD6000301D030080B400AF0C4B93F8CA3DC3F34103DBB2012B07D0084B93F8CA3DC3F372
:20CD80004103DBB2022B01D1012300E00023DBB21846BD465DF8047B704700BF201AFF1F0C
:20CDA00080B582B000AF144B01221A70124B134A5A60114B124A9A600F491248FEF762FC26
:20CDC0000346FB7197F90730002B03D00121512001F0B4FE4FF47A710A48FEF74EF94FF4A4
:20CDE000FA710848FEF758F901210648FEF763F900BF0837BD4680BD6C0CFF1FEDD20100DD
:20CE000021D301007C0CFF1F80B582B000AF0323FB710023BB800023BB713B49042000F08A
:20CE2000E3FB4FF4165000F0F9FE384B1B78013BDAB2364B1A703B1D1946002000F020F9BB
:20CE40000346FB71FB79032B08D0304B1B78002B12D04FF4965000F0E1FE08E00123BB7158
:20CE6000BB881A462A49042000F0BEFB05E0274B1B78002BD9D100E000BF244B02221A7054
:20CE8000BB79002B2DD0BB8840F2631293420CD12049042000F0A8FB1F4A92F8CA3D01215E
:20CEA00061F3420382F8CA3D28E0BB8840F2333293420CD11949042000F096FB164A92F8D3
:20CEC000CA3D022161F3420382F8CA3D16E0124A92F8CA3D6FF3420382F8CA3D0523FB716F
:20CEE0000CE00F49042000F07FFB0B4A92F8CA3D6FF3420382F8CA3D0523FB71FB791846EC
:20CF00000837BD4680BD00BF401D03008109FE1F601D0300741D0300201AFF1F9C1D0300A4
:20CF2000C41D030080B582B000AF0323FB71474B93F8CA3DC3F34103DBB2002B07D0434B2A
:20CF400093F8CA3DC3F34103DBB2032B08D1FFF75BFF0346FB71FB79032B01D0FB7971E074
:20CF60000023BB713A49012000F08AF80346052B48D03849022000F083F80346052B43D021
:20CF80003549032000F07CF80346052B3ED03349042000F075F80346052B39D030490520E8
:20CFA00000F06EF80346052B34D02E49062000F067F80346052B2FD02B49072000F060F857
:20CFC0000346052B2AD029490A2000F059F80346052B25D026490B2000F052F80346052B46
:20CFE00020D024490C2000F04BF80346052B1BD021490D2000F044F80346052B16D00123CB
:20D00000BB7114E000BF12E000BF10E000BF0EE000BF0CE000BF0AE000BF08E000BF06E043
:20D0200000BF04E000BF02E000BF00E000BFBB7983F00103DBB2002B03D01049042000F0AB
:20D04000D3FAFB7918460837BD4680BD201AFF1FC627FF1FC827FF1FCA27FF1FC027FF1F2E
:20D06000C227FF1FC427FF1FCE27FF1FD427FF1FD627FF1FD827FF1FDA27FF1FD41D030029
:20D0800080B584B000AF03463960FB710323FB734FF6FF73BB81FB790E2B01D905231CE1F7
:20D0A000FB79002B02D10023BB81E3E0FB79012B0DD18C4B93F8CA3DC3F34103DBB2012B42
:20D0C00001D1482301E04FF48073BB81D2E0FB79022B0ED1834B93F8CA3DC3F34103DBB2A7
:20D0E000012B02D14FF6FF7301E040F20113BB81C0E0FB79032B0ED17A4B93F8CA3DC3F3E9
:20D100004103DBB2012B02D14FF6FF7301E04FF48173BB81AEE0FB79042B0DD1714B93F8DE
:20D12000CA3DC3F34103DBB2012B01D1492301E040F20313BB819DE0FB79052B0ED1694BDE
:20D1400093F8CA3DC3F34103DBB2012B02D14FF6FF7301E04FF48273BB818BE0FB79062B9B
:20D160000ED1604B93F8CA3DC3F34103DBB2012B02D14FF6FF7301E040F20513BB8179E096
:20D18000FB79072B0DD1574B93F8CA3DC3F34103DBB2012B01D14A2301E04FF48373BB818F
:20D1A00068E0FB79082B0ED14E4B93F8CA3DC3F34103DBB2012B02D14FF6FF7301E040F226
:20D1C0000713BB8156E0FB79092B0ED1454B93F8CA3DC3F34103DBB2012B02D14FF6FF73DD
:20D1E00001E04FF48473BB8144E0FB790A2B0ED13C4B93F8CA3DC3F34103DBB2012B02D18D
:20D200004FF6FF7301E040F20913BB8132E0FB790B2B0ED1334B93F8CA3DC3F34103DBB2BA
:20D22000012B02D14FF6FF7301E04FF48573BB8120E0FB790C2B0DD12A4B93F8CA3DC3F39A
:20D240004103DBB2012B01D10C2301E04FF49073BB810FE0FB790D2B0CD1224B93F8CA3DF6
:20D26000C3F34103DBB2012B01D10D2301E040F22113BB81BB894FF6FF72934205D13B682E
:20D280004FF6FE721A80122327E0B9893B6801221548FEF74EFA0346FB7297F90B30002BB5
:20D2A00016D03B684FF6FE721A80FFF75BFD0346012B03D10121512001F040FC094A92F862
:20D2C000CA3D43F0060382F8CA3D0523FB7303E00021512001F032FCFB7B18461037BD4642
:20D2E00080BD00BF201AFF1F7C0CFF1F80B586B000AFF8607A603B600B467B81FB68002B72
:20D3000001D1002308E07A687B891946F86800F0D7FD03467B617B6918461837BD4680BDD1
:20D3200080B584B000AFF8607A603B600B467B81FB68002B01D1002305E07B891946F86890
:20D3400000F0EEFC7B8918461037BD4680BDFFFF80B584B000AF786039600023FB60396864
:20D36000786809F01FFBF860FB68002B03D00449202000F039F9FB6818461037BD4680BD0A
:20D38000E81D030080B584B000AF78600023FB60786809F07DFBF860FB68002B03D00449C0
:20D3A000202000F021F9FB6818461037BD4680BD001E030080B584B000AF78600023FB604C
:20D3C000786809F085FBF860FB68002B03D00449202000F009F9FB6818461037BD4680BD74
:20D3E0002C1E030080B58AB000AFF860B9601346FB7100237B6200233B620023FB6100232A
:20D400003B7400237B610023BB6107F110031946F86809F047FC78627B6A002B04D0114901
:20D42000202000F0E1F817E0BB69FB61FB79FA6902FB03F30C4AA2FB03235B093B62BA6866
:20D44000396AF86809F064FB78627B6A002B03D00649202000F0C8F87B6A18462837BD46D0
:20D4600080BD00BF801E03001F85EB51A81E030080B582B000AF786000F052F800BF083740
:20D48000BD4680BD80B582B000AF00237B600E490E4809F087FA78607B68002B03D00C4903
:20D4A000402000F0A1F8094809F012FB78607B68002B03D00649402000F096F87B68184605
:20D4C0000837BD4680BD00BFF0350300CC2CFF1FD41E030080B582B000AF7860FEF756FAA8
:20D4E00000BF0837BD4680BD80B582B000AF00237B600849084809F055FA78607B68002B0B
:20D5000003D00649402000F06FF87B6818460837BD4680BDE8340300282CFF1FD41E0300EC
:20D5200080B582B000AF00237B60084809F0D0FA78607B68002B03D00549402000F054F821
:20D540007B6818460837BD4680BD00BF282CFF1FEC1E030080B582B000AF7860FEF742FFA9
:20D5600000BF0837BD4680BD80B500AF4FF49673012206490648FEF7A9F94FF416730122F7
:20D5800004490548FEF7A2F900BF80BDDC0DFF1F080FFF1F1C0FFF1F7411FF1F80B582B0D6
:20D5A00000AF00237B600D4B1B78DBB2002B0DD10B490C4807F056FA78607B68002B07D190
:20D5C000FFF7D2FF054B01221A7002E000BF00E000BF7B6818460837BD4680BDD80DFF1F84
:20D5E0003C360300F42CFF1F0EB480B5D1B000AF07F5A073A3F59E7318602A4B1B78DBB28C
:20D6000083F00103DBB2002B01D0002341E0D7F84C311B785B42002B01D1012339E0224BA3
:20D620001A6807F5A073A3F59E731B681340002B2ED007F5A873C7F8343107F10800D7F8A7
:20D640003431D7F84C214FF4967110F03DFF07F10803184611F00EFEC7F838010023A7F87B
:20D660003E310DE0B7F83E3107F10802134419460E48FEF7EFF8B7F83E310133A7F83E31E6
:20D68000B7F83E31D7F838219A42EBD800F010F80123184607F5A277BD46BDE8804003B0FB
:20D6A000704700BFD80DFF1F480CFE1F7411FF1F80B584B000AF0023FB60254B1B78DBB2B7
:20D6C00083F00103DBB2002B38D12248FEF748F878607B68002B33D01F4B1B7883F0010316
:20D6E000DBB2002B2ED11C4B00221A7000237B814FF496720021194810F004FF00237B8152
:20D700000EE01448FEF77CF802467B891178134AD1547B897A689A4207D97B8901337B8129
:20D720007B89B3F5967FECD300E000BF7B891A460A490B4807F0E2FAF86004E000BF02E010
:20D7400000BF00E000BFFB6818461037BD4680BDD80DFF1F7411FF1F8209FE1F8811FF1F1E
:20D76000F42CFF1F80B582B000AF78600E4B1B78DBB283F00103DBB2002B01D000230FE0F2
:20D780000A48FEF726F80346002B01D0002307E00648FEF735F803461A787B681A700123F9
:20D7A00018460837BD4680BDD80DFF1F080FFF1F80B584B000AF78600023FB607B681B6880
:20D7C000002B21D17B681B79802B1FD0802B1FDC042B06D0042B1BDC012B1BD0022B0DD029
:20D7E00016E07B689B68DBB2FB7207F10B0319460A48FEF72FF80346FB600CE0084B01227A
:20D800001A70FFF755FF06E000BF04E000BF02E000BF00E000BF1037BD4680BD080FFF1FF0
:20D820008209FE1F80B500AF4FF49673012206490648FEF74BF84FF496730122044905480F
:20D84000FEF744F800BF80BDBC12FF1FE813FF1FFC13FF1F2815FF1F80B582B000AF0023D5
:20D860007B600D4B1B78DBB2002B0DD10B490C4807F0F8F878607B68002B07D1FFF7D2FF38
:20D88000054B01221A7002E000BF00E000BF7B6818460837BD4680BDB412FF1F98340300D8
:20D8A000F82BFF1F80B584B000AF78603960144B1B78DBB283F00103DBB2002B01D00023FC
:20D8C0001AE07B681B785B42002B01D1012313E00023FB8109E0FB897A6813441946094832
:20D8E000FDF7B8FFFB890133FB81FB893A689A42F1D800F02BF8012318461037BD4680BD62
:20D90000B412FF1F2815FF1F80B584B000AF0346FB71FB79FB730B4B1B78DBB283F001032C
:20D92000DBB2002B01D0002308E007F10F0319460548FDF78FFF00F009F801231846103761
:20D94000BD4680BDB412FF1F2815FF1F80B584B000AF0023FB60254B1B78DBB283F00103AB
:20D96000DBB2002B38D12248FDF7FAFE78607B68002B33D01F4B1B7883F00103DBB2002B7B
:20D980002ED11C4B00221A7000237B814FF496720021194810F0B6FD00237B810EE014486D
:20D9A000FDF72EFF02467B891178134AD1547B897A689A4207D97B8901337B817B89B3F56D
:20D9C000967FECD300E000BF7B891A460A490B4807F094F9F86004E000BF02E000BF00E0CA
:20D9E00000BFFB6818461037BD4680BDB412FF1F2815FF1F8309FE1F3C15FF1FF82BFF1F88
:20DA000080B582B000AF78600E4B1B78DBB283F00103DBB2002B01D000230FE00A48FDF747
:20DA2000D8FE0346002B01D0002307E00648FDF7E7FE03461A787B681A7001231846083791
:20DA4000BD4680BDB412FF1FE813FF1F80B500AF0D4B1B78DBB283F00103DBB2002B0FD11E
:20DA60000A48FDF7B6FE0346002B0BD10748FDF7C7FE0648FDF774FE0346002BF6D102E083
:20DA800000BF00E000BF80BDB412FF1FE813FF1F80B584B000AF78607B68FB600023BB6082
:20DAA0001A48FDF796FE0346002B01D0BB6828E0174B1B68002B03D1164B1B68144A136073
:20DAC000134B1B681846FDF7AFFF0346092B0ED8002316E00D48FDF793FE03461A78FB68D1
:20DAE0001A70FB680133FB60BB680133BB600748FDF76FFE034683F00103DBB2002BE9D156
:20DB0000BB6818461037BD4680BD00BFE813FF1FB812FF1F440CFE1F80B584B000AF7860E0
:20DB20000023FB607B681B68042B25D17B681B79802B23D0802B23DC042B06D0042B1FDCEE
:20DB4000012B1FD0022B11D01AE07B689B68DBB2FB7207F10B0319460C48FDF77BFE034653
:20DB6000FB600B4B1B680B4A13600CE00A4B01221A70FFF7EBFE06E000BF04E000BF02E0B2
:20DB800000BF00E000BF1037BD4680BDE813FF1F440CFE1FB812FF1F8309FE1F80B500AFA5
:20DBA0004FF49673012206490648FDF78FFE4FF49673012204490548FDF788FE00BF80BD59
:20DBC0007016FF1F9C17FF1FB017FF1FDC18FF1F80B582B000AF00237B600D4B1B78DBB24D
:20DBE000002B0DD10B490C4806F03CFF78607B68002B07D1FFF7D2FF054B01221A7002E0DF
:20DC000000BF00E000BF7B6818460837BD4680BD6816FF1F383403007C2BFF1F80B584B0AD
:20DC200000AF78600023FB600023BB60124B1B78DBB283F00103DBB2002B14D107F108030D
:20DC400041F288320021786807F03CF90346002B0BD107F108031946084807F0F1F8F86070
:20DC6000FB68002B02E000BF00E000BFFB6818461037BD4680BD00BF6816FF1F7C2BFF1F6E
:20DC80000FB480B5CEB000AF234B1B78DBB283F00103DBB2002B01D0002334E0D7F840315A
:20DCA0001B785B42002B01D101232CE007F5A273C7F82C313846D7F82C31D7F840214FF4BD
:20DCC000967110F001FC3B46184611F0D3FAC7F830010023A7F836310CE0B7F836313A46F8
:20DCE000134419460D48FDF7B5FDB7F836310133A7F83631B7F83631D7F830219A42ECD84D
:20DD000000F040F80123184607F59C77BD46BDE8804004B0704700BF6816FF1FDC18FF1F0A
:20DD200080B584B000AF78603960144B1B78DBB283F00103DBB2002B01D000231AE07B68DB
:20DD40001B785B42002B01D1012313E00023FB8109E0FB897A68134419460948FDF77AFD1F
:20DD6000FB890133FB81FB893A689A42F1D800F009F8012318461037BD4680BD6816FF1F0E
:20DD8000DC18FF1F80B584B000AF0023FB60254B1B78DBB283F00103DBB2002B38D12248A9
:20DDA000FDF7DEFC78607B68002B33D01F4B1B7883F00103DBB2002B2ED11C4B00221A706E
:20DDC00000237B814FF496720021194810F09AFB00237B810EE01448FDF712FD02467B890A
:20DDE0001178134AD1547B897A689A4207D97B8901337B817B89B3F5967FECD300E000BF23
:20DE00007B891A460A490B4806F078FFF86004E000BF02E000BF00E000BFFB681846103748
:20DE2000BD4680BD6816FF1FDC18FF1F8409FE1FF018FF1F7C2BFF1F80B584B000AF78606F
:20DE40007B68FB600023BB601A48FDF7C2FC0346002B01D0BB6828E0174B1B68002B03D1DE
:20DE6000164B1B68144A1360134B1B681846FDF7DBFD0346312B0ED8002316E00D48FDF7F5
:20DE8000BFFC03461A78FB681A70FB680133FB60BB680133BB600748FDF79BFC034683F005
:20DEA0000103DBB2002BE9D1BB6818461037BD4680BD00BF9C17FF1F6C16FF1F440CFE1F47
:20DEC00080B586B000AFF8600B467A607B8100233B8200237B611C48FDF742FC03463B822E
:20DEE0007A893B8A9A420AD905200DF041F87B6905337B617A687B699A4202D9EBE700BF3A
:20DF000000E000BF3A8A7B89934228BF13467B820CE00D48FDF774FC03461A78FB681A701B
:20DF2000FB680133FB607B8A013B7B827B8A002BEFD13A8A7B89934228BF13469BB2184639
:20DF40001837BD4680BD00BF9C17FF1F80B584B000AF78600023FB607B681B68092B25D1A4
:20DF60007B681B79802B23D0802B23DC042B06D0042B1FDC012B1FD0022B11D01AE07B68AD
:20DF80009B68DBB2FB7207F10B0319460C48FDF761FC0346FB600B4B1B680B4A13600CE049
:20DFA0000A4B01221A70FFF7EDFE06E000BF04E000BF02E000BF00E000BF1037BD4680BD6F
:20DFC0009C17FF1F440CFE1F6C16FF1F8409FE1F80B400AFBFF34F8F00BF064BDB6803F4FC
:20DFE000E0620449044B1343CB60BFF34F8F00BF00BFFDE700ED00E00400FA05FFFFFFFF04
:20E000002DE9B04382B000AF4B4BB3F8BC3D9BB218460EF049FD40A3D3E900230EF0AEFD82
:20E0200002460B4614461D46434BB3F8BC3D9BB218460EF039FD02460B46204629460EF00D
:20E040009DFD02460B4614461D463B4BB3F8BC3D9BB218460EF028FD02460B46204629466A
:20E060000EF08CFD02460B4614461D46324BB3F8BC3D9BB218460EF017FD29A3D3E900233A
:20E080000EF07CFD02460B46904699462A4BB3F8BC3D9BB218460EF007FD02460B464046D6
:20E0A00049460EF06BFD02460B46204629460EF0ADFB02460B4614461D461F4BB3F8BC3DF3
:20E0C0009BB218460EF0F0FC17A3D3E900230EF055FD02460B46204629460EF099FB02467A
:20E0E0000B461046194612A3D3E900230EF08EFB02460B46104619460EF0F0FF03467B60A0
:20E100007B68002B01DA00237B607B6818460837BD46BDE8B08300BF956479E17FFDB5BDBD
:20E120008DEDB5A0F7C6B03E46B6F3FDD4F80840C3F5285C8FD25D40201AFF1F80B400AFF0
:20E1400001231846BD465DF8047B704780B582B000AF0346FB80FB881846FEF737FC00BF0D
:20E160000837BD4680BD80B582B000AF0346FB80FB881846FEF738FC00BF0837BD4680BDFE
:20E1800080B582B000AF1C4B93F8C030DBB21E2B03D9194B1E2283F8C020174B93F8C83DE4
:20E1A000C3F38003DBB2012B18D1134B93F8C030DBB207EE903AF8EE677AB1EE047A27EE66
:20E1C000877AF0EE086AC7EE267AFCEEE77AC7ED017A3B79DBB21846FEF746F9064B93F870
:20E1E000C030DBB21A4605490120FFF7FDF900BF0837BD4680BD00BF201AFF1F001F030070
:20E2000080B500AF40F20120FEF7EEFB3C200CF0AFFE40F20120FEF7D9FB00BF80BD80B597
:20E2200084B000AF78607868FBF72CFEB860BB68002B07D07B681B782F2B06D97B681B78C5
:20E24000392B02D80023FB7301E00123FB73B868FAF70AFEFB7B18461037BD4680BD80B5D3
:20E2600084B000AFF860B96087ED000BBB68002B09D0FB68002B06D097ED000BB968F86830
:20E28000FCF7D8FC00E000BF1037BD4680BD80B584B000AFF860B9607A60BB68002B0BD005
:20E2A0007B68002B08D0FB68002B05D07A68B968F868FCF7E3FC00E000BF1037BD4680BDBA
:20E2C00080B584B000AF78607868FBF76DFEF860FA6805490120FFF787F9F868FCF772FDB0
:20E2E00000BF1037BD4680BD301F030080B584B000AF78607868FBF757FEF860F86810F0B7
:20E30000B9FF03461946F868FFF7CCFAF868FCF759FD00BF1037BD4680BDFFFF80B58EB021
:20E3200004AF7860396007F11C0107F1200207F10C03039307F11003029307F114030193AA
:20E3400007F1180300930B461349786810F064F878627B6A062B19D13B6A9AB23B681A8026
:20E36000FB69DAB23B689A70BB69DAB23B68DA707B69DAB23B685A713B69DAB23B689A71A7
:20E38000FB68DAB23B68DA71042300E0052318462837BD4680BD00BF381F03002DE9B04352
:20E3A00090B000AFF860B9607A6007F1180324220021184610F0A6F8FB68DB79BB61FB6877
:20E3C0009B79FB61FB685B793B62FB68DB787B62FB689B78013BBB62FB681B88A3F26C731D
:20E3E000FB6207F11803184610F09CFA02460B46C7E90423BB6800221C461546D7E9042360
:20E4000014EB020845EB0309C7E9048907F11003184610F0A1F8F863FB6B5B699BB203F2B1
:20E420006C739AB27B681A80FB6B1B69DBB20133DAB27B689A70FB6BDB68DAB27B68DA70AE
:20E44000FB6B9B69DAB27B681A71FB6B9B68DAB27B685A71FB6B5B68DAB27B689A71FB6BAC
:20E460001B68DAB27B68DA7100BF4037BD46BDE8B083FFFF80B400AF084B93F87B3DDBB24A
:20E480001A4613469B001344DB00D033034A13441846BD465DF8047B704700BF201AFF1F4C
:20E4A00080B400AF084B93F87A3DDBB21A4613469B001344DB00D033034A13441846BD46C9
:20E4C0005DF8047B704700BF201AFF1F80B582B000AF00F07FF80346012B01D1002344E08F
:20E4E000244B93F87B3DFB710023BB7100F048F803467B71FA7913469B001344DB00D033AE
:20E500001C4A13443B603B68002B19D03B6893F8263003F00103DBB2002B11D03B6893F8AA
:20E52000263003F00403DBB2002B09D13B689B891A46FB7910490120FFF756F83B6814E009
:20E54000FB79002B02D15023FB7102E0FB79013BFB71BB790133BB71BA797B799A42C9D933
:20E5600006490120FFF740F8002318460837BD4680BD00BF201AFF1F581F0300901F0300BA
:20E5800080B400AF124B93F87B3DDAB2104B93F87A3DDBB29A420AD30D4B93F87B3DDAB262
:20E5A0000B4B93F87A3DDBB2D31ADBB20BE0084B93F87B3DDAB2064B93F87A3DDBB2D31AA2
:20E5C000DBB25133DBB21846BD465DF8047B7047201AFF1F80B500AFFFF7D2FF0346002B3A
:20E5E0000CBF01230023DBB2184680BD80B500AF164B93F87B3DDBB20133DAB2134B83F833
:20E600007B2D124B93F87B3DDBB2502B03D90F4B002283F87B2D0D4B93F87B3DDAB20B4BB2
:20E6200093F87A3DDBB29A420ED100F013F8074B93F87A3DDBB21A46044B93F87B3DDBB2B5
:20E6400003490120FEF7D0FF00BF80BD201AFF1FC01F030080B500AF124B93F87A3DDBB243
:20E660001A4613469B001344DB00D0330D4A13442822002118460FF045FF0A4B93F87A3DC0
:20E68000DBB20133DAB2074B83F87A2D054B93F87A3DDBB2502B03D9024B002283F87A2DB2
:20E6A00000BF80BD201AFF1F80B582B000AF0523FB714FF44B611748FDF776F90346BB8027
:20E6C000154ABB88A2F8843D134B144AC3F8802D104B40F6B84219461148FEF7DDF80346C3
:20E6E000002B01D00423FB710A4B40F6B84219460C48FEF7D1F80346002B01D00423FB71BD
:20E7000009490120FEF770FFFB7918460837BD4680BD00BFF01AFF1F201AFF1F2233CDABC5
:20E720000002104000121040F81F030080B588B002AF0523FB75414B3B610023FB733B69F8
:20E74000BB60BB68D3F8B03C3D4A93421AD1BB684FF44B611846FDF727F90346FB80BB6812
:20E76000B3F8B43CFA889A420CD140F6B842B968344810F071FD34490120FEF735FF04239A
:20E78000FB7514E0BB68D3F8B02CBB68B3F8B43C009313463A692D490120FEF725FF2C4BD7
:20E7A0003B61FB7B0133FB73FB7B012BC7D9FB7D042B3ED1274B93F87B3DDBB21A461346B2
:20E7C0009B001344DB00D033224A13443B603B6893F8263003F00403DBB2002B29D03B6839
:20E7E00093F8263003F00203DBB2002B1CD03B6803F10E003B6859683B6816331A46FFF751
:20E80000CDFD3A6892F826306FF3820382F82630FFF7ECFE0F4BB3F8783D9BB201339AB28E
:20E820000C4BA3F8782D04E02822002138680FF069FEFB7D18461837BD4680BD0002104035
:20E840002233CDABF01AFF1F102003002820030000121040201AFF1F80B582B000AF05234D
:20E86000FB71C8211548FDF79FF80346BB80134ABB88A2F8CC30114B114AC3F8C8200F4BED
:20E88000D02219460F48FEF707F80346002B01D00423FB71094BD02219460B48FDF7FCFF1D
:20E8A0000346002B01D00423FB7108490120FEF79BFEFB7918460837BD4680BD201AFF1FD7
:20E8C000CDAB221100001040001010406420030080B588B002AF0523FB751F4B3B61002377
:20E8E000FB733B69BB60BB68D3F8C8301B4A934218D1BB68C8211846FDF756F80346FB8072
:20E90000BB68B3F8CC30FA889A420BD1D022B968134810F0A1FC13490120FEF765FE0423EC
:20E92000FB7514E0BB68D3F8C820BB68B3F8CC30009313463A690C490120FEF755FE0B4B30
:20E940003B61FB7B0133FB73FB7B012BC9D9FB7D18461837BD4680BD00001040CDAB22115F
:20E96000201AFF1F10200300282003000010104080B582B000AF0346FB7140F6B842164907
:20E9800016480FF0AFFD0346002B04D1144B1B68144A13601BE0144B93F8CA3DC3F30003CD
:20E9A000DBB2012B12D00F4B1B681846FDF73CF803460E4A934202D8FB79002B07D0084B40
:20E9C0001B68084A1360FFF76FFE00E000BF00BF0837BD4680BD00BF00021040F01AFF1F76
:20E9E000440CFE1F4428FF1F201AFF1FC027090080B500AF0A4B93F8CA3DC3F30003DBB2C7
:20EA0000012B0AD0D022074905480FF06BFD0346002B03D0FFF720FF00E000BF00BF80BD03
:20EA2000201AFF1F0000104080B485B000AF0346FB71FB795B09FB73FB7903F01F03BB7364
:20EA4000FB7B0B4A03F2623352F82320BB7B012101FA03F31946FB7B0A43054903F2623391
:20EA600041F8232000BF1437BD465DF8047B7047201AFF1F80B485B000AF0346FB71FB79E9
:20EA80005B09FB73FB7903F01F03BB73FB7B0B4A03F2623352F82310BB7B012202FA03F3D0
:20EAA000DA43FB7B0A40054903F2623341F8232000BF1437BD465DF8047B7047201AFF1F35
:20EAC00080B400AF0A4B0022C3F8882D084B0022C3F88C2D064B0022C3F8902D044B002227
:20EAE000C3F8942D00BFBD465DF8047B704700BF201AFF1F80B485B000AF0346FB71FB79F5
:20EB00005B09FB73FB7903F01F03BB73FB7B0A4A03F2623352F82330BA7B012101FA02F235
:20EB20001340002B14BF01230023DBB218461437BD465DF8047B7047201AFF1F80B582B0BA
:20EB400000AF03460A46FB711346BB71BB79002B04D0FB791846FFF767FF03E0FB79184666
:20EB6000FFF788FF00BF0837BD4680BD80B586B000AF78600023FB6000233B61324BD3F863
:20EB8000883D002B12D1304BD3F88C3D002B0DD12D4BD3F8903D002B08D12B4BD3F8943D64
:20EBA000002B03D17B6800221A704AE00023FB75FB7D254A03F2623352F82330002B2CD0D5
:20EBC0000023BB7526E0FB7D1F4A03F2623352F82330BA7D012101FA02F21340002B16D028
:20EBE00007F10C030822002118460FF08BFCBA7DFB7D5B011A4407F10C03144918460FF0B5
:20EC0000EBFB07F10C03194678680FF083FCBB7D0133BB75BB7D1F2BD5D9FB7D0133FB7562
:20EC2000FB7D032BC4D9786810F024FB0346013B7A68134400221A707A6805490120FEF7E2
:20EC4000D3FC1837BD4680BD201AFF1F7C2003008420030090B585B000AF1F4B3C460FCBC9
:20EC600084E80F0040F6A84200211C480FF04AFC194B002283F87A2D174B002283F87B2DE0
:20EC8000154B0122A3F8782D0120FFF771FEC822002111480FF036FC0F4B1C463B460FCB7F
:20ECA00084E80F000C4B1E2283F8C0200A4B002283F8C120084B012283F8C220FFF798FEB5
:20ECC000FFF7FEFE06490120FEF78EFC64200CF04FF9FFF77DF900BF201AFF1FF01AFF1FE0
:20ECE0009020030080B582B000AF786000F062F800200CF075F9294B93F8CB3DDBB2002BE0
:20ED00000FD0264B93F8CC3DDBB2002B09D0234B93F8CD3DDBB2002B03D0214B00221A70D8
:20ED200002E01F48FCF792FE1D4B1B78022B1ED91C490220FEF758FC184B93F8CB3DDBB295
:20ED40001A4619490220FEF74FFC144B93F8CC3DDBB21A4615490220FEF746FC0F4B93F813
:20ED6000CD3DDBB21A4612490220FEF73DFC0C4B1B78042B01D8FDF7D3F9084B002283F84F
:20ED8000CB2D064B002283F8CC2D044B002283F8CD2D4FF47A700CF0EBF8ACE7201AFF1FB7
:20EDA0004828FF1FC0200300F0200300082103002421030080B400AF094B002283F8CB2D8F
:20EDC000074B002283F8CC2D054B002283F8CD2D044B00221A7000BFBD465DF8047B70471C
:20EDE000201AFF1F4828FF1F80B400AFBFF34F8F00BF064BDB6803F4E0620449044B13433C
:20EE0000CB60BFF34F8F00BF00BFFDE700ED00E00400FA0580B584B000AF786000F03EF8EF
:20EE200000200CF0DDF80023FB60194B93F8CD3DDBB20133DAB2164B83F8CD2D1E200CF00D
:20EE400097F8134B93F8CA3DC3F30003DBB2002B1AD10F4B93F8C93DC3F30013DBB2012B6A
:20EE600014D0FB68002B02D10A4B1B68FB60F868FCF7DAFD0346084A934202D9054B1B68D2
:20EE8000FB6000F013F8D0E700BFCEE700BFCCE7201AFF1F440CFE1FE093040080B400AF60
:20EEA00000BFBD465DF8047B7047FFFFF0B5B1B006AF0023BB6007F10C032E220021184638
:20EEC0000FF020FBFF2387F8A730FF2387F8A630FF2387F8A530FF2387F8A4300023C7F85C
:20EEE000A030FF2387F89F304FF6FF73A7F89C304FF0FF33C7F898306FF00043C7F8943093
:20EF00004FF496720021C6480FF0FCFAC448FEF7BFFD0346A7F89230B7F89230002B00F08F
:20EF2000DA80B7F89220BE4BBE494FF48070FEF75BFBBB48FFF773F9034683F00103DBB2D6
:20EF4000002B40F0C180B648FAF79CFFC7F8A000D7F8A030002B00F0B980B349D7F8A000CE
:20EF6000FBF7B1FDC7F88C00D7F88C30002B00F0AF80D7F88C305B6987F8A630AB49D7F86A
:20EF8000A000FBF7A0FDC7F88800D7F88830002B00F0A080D7F888305B6987F8A730A449AB
:20EFA000D7F8A000FBF78FFDC7F88400D7F88430002B08D0D7F884301A6907F1080311463B
:20EFC000184610F041F99B49D7F8A000FBF77BFDC7F88000D7F88030002B04D0D7F88030A0
:20EFE0005B6987F8A5309449D7F8A000FBF76BFDF867FB6F002B03D0FB6F5B6987F8A4300B
:20F000008E49D7F8A000FBF75EFDB867BB6F002B07D0BB6F5B69A7F89C30894AB7F89C306B
:20F0200013808849D7F8A000FBF74DFD78677B6F002B03D07B6F5B69C7F898308249D7F82B
:20F04000A000FBF740FD38673B6F002B03D03B6F5B69C7F8943097F8A65097F8A76097F8FF
:20F06000A52097F8A410B7F89C0007F1080393F90030002B02D007F1080300E0734BD7F811
:20F0800094400594D7F898400494039302900191009233462A466E494FF48070FEF7A4FA12
:20F0A00097F8A530FF2B16D06A4B93F8C030DBB297F8A5209A420ED0664A97F8A53082F883
:20F0C000C030FFF75DF806E000BF04E000BF02E000BF00E000BF604B1B78002B40F025842B
:20F0E00097F8A730FF2B07D197F8A6301946FF2000F042FC00F01ABC97F8A730DD2B00F370
:20F100001284C92B05DA102B7CDC032B56DA00F00ABCC93B142B00F2068401A252F823F020
:20F1200011F2010061F2010027F9010027F9010027F9010027F9010027F9010027F90100B1
:20F1400027F9010027F9010027F9010027F9010027F9010027F9010027F9010027F90100A7
:20F1600027F9010027F9010027F901009DF80100B5F80100643B0D2B00F2D58301A252F8DA
:20F1800023F000BFDBF80100F9F301004BF7010027F9010027F9010027F9010027F9010015
:20F1A00027F9010027F9010027F9010027F90100FBF8010027F9010011F90100033B0D2B35
:20F1C00000F2B18301A252F823F000BF89F2010027F9010089F2010089F2010027F9010094
:20F1E00027F9010027F9010027F9010027F9010027F9010041F3010027F90100C9F3010057
:20F20000E9F30100712B00F38E83642BB2DA8AE312494FF48070FEF7E7F9FFF7E5FD00BFEF
:20F220005828FF1F3C21030054210300582103005C210300602103006421030068210300C4
:20F240008609FE1F6C210300702103007821030080210300201AFF1F4C28FF1FD0210300C0
:20F260009F4A92F8CA3D43F0010382F8CA3D9C4B93F8CA3DC3F30003DBB21A4699494FF418
:20F280008070FEF7B1F94FE39749D7F8A000FBF71AFC38643B6C002B0DD03B6C1B69194681
:20F2A0008F480FF0D1FF3B6C1B691A468F494FF48070FEF799F997F8A730062B09D1884B47
:20F2C0008B4A07CA03C31A708A494FF48070FEF78BF98949D7F8A000FBF7F5FBF863FB6BD5
:20F2E000002B22D0FB6B5B69DAB27D4B83F8C1207B4B93F8C130DBB2002B07D0784A92F8FA
:20F30000C93D6FF3820382F8C93D06E0744A92F8C93D43F0040382F8C93DFB6B5B691A4608
:20F3200076494FF48070FEF75FF9FFF795FA012387F89F3072494FF48070FEF755F9F3E291
:20F34000002387F89F303A4607F1080311461846FEF7E4FF0346042B34D13B881C46BB7857
:20F360001D46FB787A79B979F87903900291019200932B46224663494FF48070FEF734F9FB
:20F380003B88B978FA781846FCF718FC0346042B05D05D494FF48070FEF726F913E07B7981
:20F3A000B979FA791846FCF7D2FB0346042B05D056494FF48070FEF717F904E0012387F8DF
:20F3C0009F30B1E200BFAFE2454A92F8C93D43F0200382F8C93D012387F89F304C494FF43C
:20F3E0008070FEF701F99FE24A494FF48070FEF7FBF8FFF72FFC97E2002387F89F30384B71
:20F4000093F8CA3DC3F30003DBB2012B05D142494FF48070FEF7E8F896E1314B93F8C13010
:20F42000DBB2002B05D13D494FF48070FEF7DCF88AE12B4B93F8C83DC3F38013DBB2002B4A
:20F4400005D137494FF48070FEF7CEF87CE1244B93F8C93DC3F38003DBB2012B40F0E58084
:20F4600030494FF48070FEF7BFF82F49D7F8A000FBF729FB78652D49D7F8A000FBF723FB65
:20F4800038657B6D002B03D13B6D002B00F05B812749D7F8A000FBF716FBF864FB6C002B79
:20F4A00005D124494FF48070FEF79EF84CE1FEF7E1FFB864FB6C5B697B647B6C1E4A9342FF
:20F4C0003ED0BB6C1B687A6C9A4239D0BB6C1A687B6C1A494FF48070FEF786F834E100BF3C
:20F4E000201AFF1FE4210300FC210300002203001422030020220300642103003422030008
:20F500004C2203006822030098220300AC220300C0220300DC2203001023030044230300D9
:20F5200088230300D0230300FC230300042403000C240300102403007F9698003424030068
:20F540007B6D002B1CD07B6D5B69002B18DDA94BB3F8983D9AB27B6D5B699BB213449AB284
:20F56000A44BA3F8982D7B6D5B699BB21A46A14BB3F8983D9BB2A0494FF48070FEF734F8ED
:20F580003B6D002B47D03B6D5B69002B43DD994BB3F89A3D9AB23B6D5B699BB213449AB2BC
:20F5A000944BA3F89A2D3B6D5B699BB2934AA2FB0323DB089BB21C463B6D5B699AB28F4B8D
:20F5C000A3FB0213D9080B469B000B445B00D31A9BB21D46874BB3F89A3D9BB2874AA2FB55
:20F5E0000323DB089BB21846824BB3F89A3D9AB2824BA3FB0213D9080B469B000B445B00C5
:20F60000D31A9BB2019300902B4622467C494FF48070FDF7E9FF7A6C7A494FF48070FDF70F
:20F62000E3FF012387F89F308DE0FEF723FF78667549D7F8A000FBF746FA38663B6E002B43
:20F6400005D172494FF48070FDF7CEFF7CE03B6E5B69002B05D16E494FF48070FDF7C4FFBA
:20F6600072E03B6E5B691A467B6E1A6002F056FD6849D7F8A000FBF726FAF865FB6D002BA1
:20F6800014D0FB6D5B69002B10DDFB6D5B699AB2584BA3F8982D574BB3F8983D9BB21A46F8
:20F6A0005D494FF48070FDF79FFF03E0514B0022A3F8982D5949D7F8A000FBF704FAB865C0
:20F6C000BB6D002B28D0BB6D5B69002B24DDBB6D5B699AB2474BA3F89A2D464BB3F89A3D88
:20F6E0009BB2464AA2FB0323DB089BB21846414BB3F89A3D9AB2414BA3FB0213D9080B4611
:20F700009B000B445B00D31A9BB2024644494FF48070FDF769FF03E0364B0022A3F89A2D1E
:20F72000344A92F8C93D43F0040382F8C93D7B6E1B681A463B494FF48070FDF755FF012312
:20F7400087F89F30F0E000BFEEE0002387F89F30284B93F8CA3DC3F30003DBB2012B08D13D
:20F76000002387F89F3030494FF48070FDF73CFF93E0204B93F8C130DBB2002B05D12B49E1
:20F780004FF48070FDF730FF87E01A4B93F8C93DC3F38003DBB2002B05D125494FF480704E
:20F7A000FDF722FF79E01849D7F8A000FBF78BF9F866FB6E002B05D11E494FF48070FDF73F
:20F7C00013FF6AE0FEF756FEB866FB6E5B691A4A934235D0BB6E1B68FA6E5269934234D053
:20F7E000FB6E5B691A4615494FF48070FDF7FCFE53E000BF201AFF1F6C240300CDCCCCCCEF
:20F80000A8240300E42403000C2403000825030040250300FC23030080250300042403004E
:20F82000A4250300CC250300F8250300282603006C260300942603007F969800CC260300A3
:20F8400044494FF48070FDF7CFFE02F0B1FC02F045FC414B00221A763F4B00225A763E4B12
:20F8600000229A603C4B0022DA603C4A92F8C93D6FF3820382F8C93D384B0022A3F8982D07
:20F88000364B0022A3F89A2D35494FF48070FDF7ABFE012387F89F3046E045E031494FF49B
:20F8A0008070FDF7A1FE97F8A6301946E02000F063F839E02C494FF48070FDF795FE274AFD
:20F8C00092F8C93D6FF3C71382F8C93D97F8A6301946E02000F050F826E0FEF77BFE034623
:20F8E000002B01D1FEF7B6FE20494FF48070FDF77BFE0120FFF73CF816E01D494FF480707F
:20F90000FDF772FE97F8A630184600F065FE0BE018494FF48070FDF767FE97F8A6301846D2
:20F9200001F006FA00E000BF00E000BFD7F8A000F9F79AFA97F89F30FF2B07D097F8A620F1
:20F9400097F89F301146184600F016F800BFAC37BD46F0BD042703000828FF1F201AFF1F70
:20F9600020270300402703005427030078270300B0270300D8270300F0B5B1B006AF0346D3
:20F980000A46FB711346BB710023C7F8A4300023BB6707F17C0300221A605A609A60DA602A
:20F9A0001A615A619A61FB79FF2B03D0A84B01221A7086E0A74B1B68002B03D1A44B012219
:20F9C0001A707EE0A44B1B7DDAB2A44B1B789A4208D0A14B1B7DDAB2A04B1A709C4B012267
:20F9E0001A706EE09E4B93F8C83DC3F38013DAB29C4B1B789A4203D0954B01221A7060E0EB
:20FA0000994B1A68964BD3F8883D9A4214D1964B5A68934BD3F88C3D9A420DD1924B9A68A0
:20FA20008F4BD3F8903D9A4206D18F4BDA688C4BD3F8943D9A4217D0894BD3F8883D8A4A17
:20FA40001360874BD3F88C3D874A5360844BD3F8903D854A9360824BD3F8943D824AD360B8
:20FA60007B4B01221A702CE07D4B93F8CA3DC3F3C003DBB2012B0AD1754B01221A70784A71
:20FA800092F8CA3D6FF3C30382F8CA3D19E0724B1B7DDBB2022B03D1744BC7F8A43002E01C
:20FAA000734BC7F8A4306B4B1B681846FBF7BCFF0246D7F8A430934203D2654B01221A70BF
:20FAC00000BF634B1B7883F00103DBB2002B40F05985684B1B68002B09D0664B1B6818461D
:20FAE000FBF7A2FF0346B3F5FA6FC0F04D85584B00221A70604B1B68564A13605E4B1B68DB
:20FB00005C4A1360564B93F8C83DC3F38013DBB2002B14BF01230023DAB2524B1A70FBF7DB
:20FB20003DF9C7F89C00042387F8A330BB79013B012B03D8BB7987F8A33003E0042387F835
:20FB4000A33000BF97F8A33018460CF09DFF02460B4643EC102B4949D7F89C00FEF77FFB4C
:20FB60009FED390B4649D7F89C00FEF778FB3C4A4449D7F89C00FEF78AFB07F170030022CE
:20FB80001A605A6007F170031846FCF761F80023FB6307F140032E22002118460EF0B2FCE5
:20FBA00000233B6307F1340300221A609A80B7F870301D4697F872301E4697F8733097F897
:20FBC000752097F8761097F87700044607F13C00039402910192009333462A462A490EF04D
:20FBE000FBFB07F13C031A462849D7F89C00FEF74EFB1B4B93F8C030DBB218460CF044FF53
:20FC000002460B4643EC102B2149D7F89C00FEF726FB002387F8A230114B93F8C83DC3F3E0
:20FC20008013DBB2002B0CD0012387F8A2300A4B1B7DDBB2002B2DD0074B1B7D87F8A2304B
:20FC400029E000BF27E000BF00000000000059408829FF1F8C29FF1FF027FF1F9029FF1FCF
:20FC6000201AFF1F9129FF1F9429FF1FC027090040771B008429FF1F440CFE1F5421030007
:20FC800058210300082803000C2803005C2103006021030000BF97F8A23018460CF0F4FE0E
:20FCA00002460B4643EC102BB449D7F89C00FEF7D6FAB34BB3F8A63D9BB24FF6FD729342B2
:20FCC0001AD8AF4BB3F8A63D9BB2AE4AA2FB03235B099BB218460CF0E7FE4FF00002AA4B7C
:20FCE0000CF096FD02460B46104619460DF0F6F90346002B00F010810023BB6007F10C0301
:20FD000000221A605A609A60DA601A615A619A619B4B93F8C230DBB2012B3CD1984BB3F871
:20FD2000A63D9BB24FF6FD72934218D8944BB3F8A63D9BB2934AA2FB03235B099BB21846B1
:20FD40000CF0B2FE4FF000028F4B0CF061FD02460B46104619460DF0C1F9024601E04FF015
:20FD6000FF32874BB3F8A03D9BB24FF6FD718B4209D8834BB3F8A03D9BB28249A1FB03132A
:20FD80005B099BB201E04FF0FF3307F108007F490EF022FBB8E07A4B93F8C230DBB2032BE8
:20FDA00040F0B280764BB3F8A63D9BB24FF6FD72934218D8724BB3F8A63D9BB2714AA2FBDC
:20FDC00003235B099BB218460CF06EFE4FF000026D4B0CF01DFD02460B46104619460DF02C
:20FDE0007DF9044601E04FF0FF34654BB3F8A83D9BB24FF6FD72934218D8614BB3F8A83DAE
:20FE00009BB2604AA2FB03235B099BB218460CF04BFE4FF000025C4B0CF0FAFC02460B4661
:20FE2000104619460DF05AF9054601E04FF0FF35534BB3F8AA3D9BB24FF6FD72934218D828
:20FE40004F4BB3F8AA3D9BB24E4AA2FB03235B099BB218460CF028FE4FF000024A4B0CF0CB
:20FE6000D7FC02460B46104619460DF037F9034601E04FF0FF33424AB2F8A02D92B24FF60D
:20FE8000FD718A420AD83E4AB2F8A02D92B23D49A1FB0212520992B2114601E04FF0FF3187
:20FEA000374AB2F8A22D92B24FF6FD7082420AD8334AB2F8A22D92B23248A0FB02025209FE
:20FEC00092B2164601E04FF0FF362D4AB2F8A42D92B24FF6FD70824209D8294AB2F8A42DB2
:20FEE00092B22848A0FB0202520992B201E04FF0FF3207F1080003920296019100932B46FC
:20FF0000224623490EF068FA07F108031A462149D7F89C00FEF7BBF9194B93F8C230DBB25E
:20FF2000012B3DD1164BB3F8AE3D9BB24FF6FD72934206D8124BB3F8AE3D9BB2002B00F081
:20FF400080800F4BB3F8AE3D9BB24FF6FD72934209D80B4BB3F8AE3D9BB218460CF0A4FDC6
:20FF600002460B4602E04FF000020B4B43EC102B0A49D7F89C00FEF772F962E02C2803004E
:20FF8000201AFF1F1F85EB510000E03F30280300382803004C2803000000F0BF50280300AB
:20FFA000B54B93F8C230DBB2032B4AD1B24BB3F8B43D9BB24FF6FD72934209D8AE4BB3F8FA
:20FFC000B63D9BB24FF6FD72934201D8012300E00023002B0BDDA84BB3F8B43D9BB21B044A
:20FFE000A54AB2F8B62D92B21344002B29D0A24BB3F8B43D9BB24FF6FD72934217D89E4B8F
:020000040002F8
:20000000B3F8B63D9BB24FF6FD7293420FD89A4BB3F8B43D9BB21B04974AB2F8B62D92B2E6
:20002000134418460CF040FD02460B4602E04FF00002924B43EC102B9149D7F89C00FEF795
:200040000EF9904BDB6918460CF02EFD02460B4643EC102B8C49D7F89C00FEF700F9894BF0
:200060001B6A18460CF020FD02460B4643EC102B8649D7F89C00FEF7F2F8FB79012B02D0F6
:20008000FB79002B0CD1FB7918460CF0FDFC02460B4643EC102B7E49D7F89C00FEF7DFF81C
:2000A00007F178031846FEF761FD07F1780393F90030002B07D007F178031A467549D7F88B
:2000C0009C00FEF7E4F86C4B93F8C93DC3F3C013DBB2002B50D19FED640B6F49D7F89C00EB
:2000E000FEF7BDF80023BB620023FB6207F1280040F20B13694A08210EF03AF907F12803F6
:200100001A466749D7F89C00FEF7C1F85A4B93F8CA3DC3F34103DBB2002B02D09FED527BA2
:2001200001E09FED537BB0EE470AF0EE670A5D49D7F89C00FEF793F84F4B93F8C230DBB211
:2001400018460CF0A1FC02460B4643EC102B5649D7F89C00FEF783F8474B93F8C130DBB290
:2001600018460CF091FC02460B4643EC102B4F49D7F89C00FEF773F8FEF702FA034618469A
:200180000CF082FC02460B4643EC102B4849D7F89C00FEF764F8384B93F8C93DC3F3C013F8
:2001A000DBB2002B00F0CC81FEF77AF9C7F89800D7F89830002B00F0C581D7F8983093F871
:2001C000263003F00103DBB2002B00F0BD81FEF701FA0346002B40F00D81D7F8983093F8A8
:2001E000263003F00403DBB2002B40F00381D7F898309B8918460CF047FC02460B4643EC23
:20020000102B2C49D7F89C00FEF729F81A4B93F8C130DBB2002B0ED0D7F898301B681846BE
:200220000CF032FC02460B4643EC102B2249D7F89C00FEF714F807F130030A2200211846E4
:200240000EF060F9D7F89830D3F81E30002B37DBD7F89830D3F81E2007F1300317491846D1
:200260000EF0BAF830E000BF000000000000F03F0000000000000000201AFF1F0000F0BFC9
:20028000502803000828FF1F54280300582803005C28030060280300642803006C2803005B
:2002A00074280300782803008028030064210300842803008C2803000C2403009428030071
:2002C00007F13003B24A1A6007F13C033222002118460EF017F9D7F89830DB891E46D7F837
:2002E00098301B7C9C46D7F898305B7C1A46D7F89830DB7C1946D7F898301B7D1C46D7F842
:2003000098305B7D1D4607F13C0007F1300304930395029401910092634632469D490EF08D
:200320005BF807F13C031A469B49D7F89C00FDF7AEFF07F130030A22002118460EF0E2F835
:20034000D7F89830D3F82230002B0ADBD7F89830D3F8222007F13003904918460EF03CF8A1
:2003600003E007F130038A4A1A6007F13C033222002118460EF0C6F8D7F89830DB8A1E46FB
:20038000D7F898301B7E9C46D7F898305B7E1A46D7F89830DB7E1946D7F898301B7F1C4699
:2003A000D7F898305B7F1D4607F13C0007F130030493039502940191009263463246754942
:2003C0000EF00AF807F13C031A467549D7F89C00FDF75DFFD7F898305B6818460CF054FB0A
:2003E00002460B4643EC102B6E49D7F89C00FDF736FFAEE0D7F8983093F8263003F00203B1
:20040000DBB2002B00F0A280D7F8983093F8263003F00803DBB2002B40F09A80D7F8982013
:2004200092F8263043F0080382F82630D7F898309B8918460CF028FB02460B4643EC102B93
:200440005949D7F89C00FDF70AFF584B93F8C130DBB2002B0ED0D7F898301B6818460CF069
:2004600013FB02460B4643EC102B5149D7F89C00FDF7F5FE07F130030A22002118460EF0AB
:2004800041F8D7F89830D3F81E30002B0ADBD7F89830D3F81E2007F13003404918460DF0B4
:2004A0009BFF08E007F13003424A1268114619800233120C1A7007F13C03322200211846B2
:2004C0000EF020F8D7F89830DB891E46D7F898301B7C9C46D7F898305B7C1A46D7F8983032
:2004E000DB7C1946D7F898301B7D1C46D7F898305B7D1D4607F13C0007F130030493039555
:200500000294019100926346324622490DF064FF07F13C031A462049D7F89C00FDF7B7FE21
:20052000D7F898305B6818460CF0AEFA02460B4643EC102B1B49D7F89C00FDF790FE08E023
:2005400000BF06E000BF04E000BF02E000BF00E000BF0521D7F89C0000F02EF8D7F89C0042
:20056000F8F782FC114B93F8C93DC3F3C013DBB2002B0AD10D4A92F8C93D43F0800382F8EE
:20058000C93D02E000BF00E000BFAC37BD46F0BD7C5858009C280300BC28030094280300E9
:2005A000C0280300C42803008C280300201AFF1F0C240300C828030080B582B000AF78603E
:2005C0000B46FB70FB78052B02D17868FDF78EFE00BF0837BD4680BDF0B5B5B006AF034643
:2005E000FB71B34B1B681846FBF71EFA0346B3F5FA6FC0F08783AF4B1B68AD4A1360FAF7BA
:20060000CDFBC7F8B000042387F8B730FB79013B012B03D8FB7987F8B73003E0042387F8FC
:20062000B73000BF97F8B73018460CF02DFA02460B4643EC102BA049D7F8B000FDF70FFEB1
:200640009FED990B9D49D7F8B000FDF708FE9C4A9C49D7F8B000FDF71AFE07F1A4030022F4
:200660001A605A6007F1A4031846FBF7F1FA00233B6707F174032E22002118460DF042FF2B
:20068000B7F8A4301D4697F8A6301E4697F8A73097F8A92097F8AA1097F8AB00044607F128
:2006A0007000039402910192009333462A4686490DF092FE07F170031A468449D7F8B0001E
:2006C000FDF7E5FD7E4B93F8C030DBB218460CF0DBF902460B4643EC102B7D49D7F8B000FD
:2006E000FDF7BDFD00233B6507F1540300221A605A609A60DA601A615A619A6107F1500334
:200700001846FEF733FA07F1500393F90030002B07D007F150031A466E49D7F8B000FDF77B
:20072000B6FD002387F8B630654B93F8C83DC3F38013DBB2002B0CD0012387F8B630664B27
:200740001B7DDBB2002B06D0634B1B7D87F8B63002E000BF00E000BF97F8B63018460CF0B9
:2007600093F902460B4643EC102B5C49D7F8B000FDF775FD524BB3F8A63D9BB24FF6FD7234
:2007800093421AD84E4BB3F8A63D9BB2544AA2FB03235B099BB218460CF086F94FF00002F2
:2007A000504B0CF035F802460B46104619460CF095FC0346002B00F032810023BB6007F14D
:2007C0000C0300221A605A609A60DA601A615A619A613B4B93F8C230DBB2012B3CD1384B03
:2007E000B3F8A63D9BB24FF6FD72934218D8344BB3F8A63D9BB23A4AA2FB03235B099BB253
:2008000018460CF051F94FF00002364B0CF000F802460B46104619460CF060FC024601E0AF
:200820004FF0FF32264BB3F8A03D9BB24FF6FD718B4209D8224BB3F8A03D9BB22849A1FB52
:2008400003135B099BB201E04FF0FF3307F1080025490DF0C1FDDAE0194B93F8C230DBB22E
:20086000032B40F0D480164BB3F8A63D9BB24FF6FD7293423AD8124BB3F8A63D9BB2184A55
:20088000A2FB03235B099BB218460CF00DF94FF00002144B0BF0BCFF02460B4610461946E0
:2008A0000CF01CFC044623E00000000000805B408429FF1F440CFE1F542103005821030090
:2008C000201AFF1F082803000C2803005C2103006021030060280300F027FF1F2C2803003B
:2008E0001F85EB510000E03F302803004FF0FF34B44BB3F8A83D9BB24FF6FD72934218D8D7
:20090000B04BB3F8A83D9BB2AF4AA2FB03235B099BB218460CF0C8F84FF00002AB4B0BF046
:2009200077FF02460B46104619460CF0D7FB054601E04FF0FF35A34BB3F8AA3D9BB24FF674
:20094000FD72934218D89F4BB3F8AA3D9BB29E4AA2FB03235B099BB218460CF0A5F84FF008
:2009600000029A4B0BF054FF02460B46104619460CF0B4FB034601E04FF0FF33914AB2F829
:20098000A02D92B24FF6FD718A420AD88D4AB2F8A02D92B28C49A1FB0212520992B21146D8
:2009A00001E04FF0FF31874AB2F8A22D92B24FF6FD7082420AD8834AB2F8A22D92B28248AD
:2009C000A0FB0202520992B2164601E04FF0FF367C4AB2F8A42D92B24FF6FD70824209D84C
:2009E000784AB2F8A42D92B27748A0FB0202520992B201E04FF0FF3207F1080003920296FB
:200A0000019100932B46224671490DF0E5FC07F108031A466F49D7F8B000FDF738FC694BCA
:200A200093F8C230DBB2012B2AD1664BB3F8AE3D9BB24FF6FD72934205D8624BB3F8AE3D48
:200A40009BB2002B6DD05F4BB3F8AE3D9BB24FF6FD72934209D85B4BB3F8AE3D9BB2184603
:200A60000CF022F802460B4602E04FF000025A4B43EC102B5949D7F8B000FDF7F0FB50E065
:200A8000504B93F8C230DBB2032B4AD14D4BB3F8B43D9BB24FF6FD72934209D8494BB3F83E
:200AA000B63D9BB24FF6FD72934201D8012300E00023002B0BDD434BB3F8B43D9BB21B04C4
:200AC000404AB2F8B62D92B21344002B29D03D4BB3F8B43D9BB24FF6FD72934217D8394BD3
:200AE000B3F8B63D9BB24FF6FD7293420FD8354BB3F8B43D9BB21B04324AB2F8B62D92B2C6
:200B0000134418460BF0D0FF02460B4602E04FF00002314B43EC102B3049D7F8B000FDF7C8
:200B20009EFB2F4BDB6918460BF0BEFF02460B4643EC102B2B49D7F8B000FDF790FB284B60
:200B40001B6A18460BF0B0FF02460B4643EC102B2549D7F8B000FDF782FBFDF78BFCC7F86D
:200B6000AC00D7F8AC30002B00F0B880D7F8AC3093F8263003F00403DBB2002B00F0B0806D
:200B8000D7F8AC3093F8263003F00203DBB2002B00F0A88000237B6407F1480300221A6020
:200BA0009A80D7F8AC30D3F81E30002B20DBD7F8AC30D3F81E2007F144030C4918460DF08E
:200BC0000BFC19E0201AFF1F1F85EB510000E03F382803004C2803000000F0BF50280300BA
:200BE0000828FF1F54280300582803009428030007F14403454A1A600023BB6007F10C0359
:200C00003822002118460DF07DFC07F108033C22002118460DF076FCD7F8AC30DB891E46C3
:200C2000D7F8AC301B7C9C46D7F8AC305B7C1A46D7F8AC30DB7C1946D7F8AC301B7D1C46A8
:200C4000D7F8AC305B7D1D4607F1080007F1440304930395029401910092634632462C49F0
:200C60000DF0BAFB07F108031A462A49D7F8B000FDF70DFBD7F8AC309B8918460BF004FF46
:200C800002460B4643EC102B2349D7F8B000FDF7E6FAD7F8AC305B6818460BF0F5FE024690
:200CA0000B4643EC102B1D49D7F8B000FDF7D7FA1B4B93F8C130DBB2002B14D0D7F8AC30A6
:200CC0001B6818460BF0E0FE02460B4643EC102B1449D7F8B000FDF7C2FA04E000BF02E046
:200CE00000BF00E000BF0521D7F8B000FFF764FCD7F8B000F8F7B8F80B494FF48070FCF703
:200D000073FC00E000BFBC37BD46F0BD7C5858009C280300BC2803008C280300C4280300A2
:200D2000201AFF1F0C240300CC280300FFFFFFFFF0B5C5B006AF0346FB71B34B1B681846D2
:200D4000FAF772FE0346B3F5FA6FC0F0F881AF4B1B68AD4A1360FAF721F8C7F8F0000423E8
:200D600087F8F730FB79013B012B03D8FB7987F8F73003E0042387F8F73000BF97F8F730D7
:200D800018460BF081FE02460B4643EC102BA049D7F8F000FDF763FA9FED990B9D49D7F89A
:200DA000F000FDF75CFA9C4A9C49D7F8F000FDF76EFA07F1E40300221A605A6007F1E403FF
:200DC0001846FAF745FF0023C7F8B03007F1B4032E22002118460DF095FBB7F8E4301D468D
:200DE00097F8E6301E4697F8E73097F8E92097F8EA1097F8EB00044607F1B000039402918D
:200E00000192009333462A4685490DF0E5FA07F1B0031A468349D7F8F000FDF738FAFDF769
:200E2000AFFB034618460BF02FFE02460B4643EC102B7D49D7F8F000FDF711FA0023C7F8D0
:200E4000903007F1940300221A605A609A60DA601A615A619A6107F190031846FDF786FE27
:200E600007F1900393F90030002B07D007F190031A466E49D7F8F000FDF709FA002387F82F
:200E8000F630654B93F8C83DC3F38013DBB2002B0CD0012387F8F630654B1B7DDBB2002B46
:200EA00006D0634B1B7D87F8F63002E000BF00E000BF97F8F63018460BF0E6FD02460B46A7
:200EC00043EC102B5B49D7F8F000FDF7C8F9FDF7FDFAC7F8EC00D7F8EC30002B00F01F8154
:200EE000D7F8EC309B8918460BF0CEFD02460B4643EC102B5049D7F8F000FDF7B0F9464B36
:200F000093F8C130DBB2002B0ED0D7F8EC301B6818460BF0B9FD02460B4643EC102B4749AF
:200F2000D7F8F000FDF79BF90023C7F8843007F1880300221A609A80D7F8EC30D3F81E3097
:200F4000002B0ADBD7F8EC30D3F81E2007F184033B4918460DF040FA03E007F18403394A10
:200F60001A600023FB6007F110033822002118460DF0C8FAD7F8EC30DB891E46D7F8EC3038
:200F80001B7C9C46D7F8EC305B7C1A46D7F8EC30DB7C1946D7F8EC301B7D1C46D7F8EC3045
:200FA0005B7D1D4607F10C0007F18403049303950294019100926346324623490DF00CFAFA
:200FC00007F10C031A462149D7F8F000FDF75FF907F184030A22002118460DF093FAD7F8B2
:200FE000EC30D3F82230002B32DBD7F8EC30D3F8222007F18403124918460DF0EDF92BE062
:201000000000000000005C408429FF1F440CFE1F5421030058210300201AFF1F082803007D
:201020000C2803005C2103008428030060280300F027FF1F2C2803008C2803000C24030049
:20104000942803007C5858009C280300BC28030007F184033C4A1A600023BB6407F14C03EF
:201060003822002118460DF04DFAD7F8EC30DB8A1E46D7F8EC301B7E9C46D7F8EC305B7E75
:201080001A46D7F8EC30DB7E1946D7F8EC301B7F1C46D7F8EC305B7F1D4607F1480007F106
:2010A0008403049303950294019100926346324626490DF091F907F148031A462449D7F8CA
:2010C000F000FDF7E4F8D7F8EC305B6818460BF0DBFC02460B4643EC102B1E49D7F8F00049
:2010E000FDF7BDF81C4BDB6918460BF0DDFC02460B4643EC102B1949D7F8F000FDF7AFF8AB
:20110000154B1B6A18460BF0CFFC02460B4643EC102B1349D7F8F000FDF7A1F800E000BF7C
:201120000521D7F8F000FFF747FAD7F8F000F7F79BFE0C494FF48070FCF756FA00E000BFE3
:20114000FC37BD46F0BD00BF7C5858009C280300C0280300C42803000828FF1F5428030053
:2011600058280300F828030080B588B000AF786000F050FF002009F033FF0023BB610023E9
:201180007B610123FB74AB4B93F8CC3DDBB20133DAB2A84B83F8CC2D0A2009F0E9FEA54BA8
:2011A00093F8CA3DC3F30003DBB2002B40F01C87FCF7C4FF0346022B07D19E4A92F8C93DDD
:2011C00043F0020382F8C93D06E09A4A92F8C93D6FF3410382F8C93D964B93F8C83DC3F3B0
:2011E0008003DBB2002B01D1FBF7FCF8FB7C002B0FD0BB69002B02D18F4B1B68BB61B869BF
:20120000FAF712FC0346B3F57A7FC0F0F0860023FB74FCF7F5FEF860FB6843F2C822934298
:2012200004DCFB6842F6F72293423DDCFB6842F21072934203DCFB68B3F5FA5F34DAFB688A
:2012400041F65832934204DCFB6841F2873293422ADCFB68B3F57A6F03DCFB68B3F5FA6FA7
:2012600022DAFB68B3F57A7F03DCFB6813F57A7F1ADAFB68714A934203DAFB68704A934275
:2012800012DA7B69002B02D16B4B1B687B617869FAF7CAFB034641F28832934221D90121AD
:2012A0006A20FDF74BFC1CE000237B6100216A20FDF744FCFB6843F2C822934204DCFB68F5
:2012C00042F6F722934201DC012300E0002303F00103D9B2574A92F8C83D61F3861382F8CB
:2012E000C83D0123FB77534B93F8C130DBB2002B0FD0504B93F8C83DC3F38013DBB2002B76
:201300000ED14C4A92F8C93D6FF3820382F8C93D06E0484A92F8C93D43F0040382F8C93D9F
:20132000444B93F8C93DC3F34003DBB2012B02D10023FB7721E03F4B93F8C93DC3F380031E
:20134000DBB2002B02D10023FB7716E0394B93F8C93DC3F30013DBB2012B02D10023FB7778
:201360000BE000216620FDF7E9FB00216720FDF7E5FB00216920FDF7E1FBFB7F83F001031C
:20138000DBB2002B02D0002000F070FE2D4B1B7DDBB2052B00F2248601A252F823F000BF1D
:2013A000B91302009315020031180200551C0200011E0200FB1E020000F0FAFE00F08EFE57
:2013C0001C4B93F8C83DC3F3C013DBB2012B01D100F0D2FFFB7F83F00103DBB2002B40F068
:2013E000098600216620FDF7A9FB00216720FDF7A5FB00216920FDF7A1FB00216820FDF70C
:201400009DFB00216D20FDF799FB00216E20FDF795FBFB6843F2C822934215DCFB6842F6E8
:20142000F722934210DD074B00221A60054B00221A75ACE0201AFF1F440CFE1F09D5FFFFB5
:2014400038CDFFFFF027FF1FFB6842F2107293425BDCFB68B3F5FA5F57DBA74B1B68002BF9
:2014600003D1A64B1B68A44A1360A34B1B68002B00F08C80A04B1B681846FAF7D5FA034656
:20148000B3F5FA6F40F282809D4BB3F8B83D9BB24FF6FD7293422AD8994BB3F8BA3D9BB2D4
:2014A0004FF6FD72934222D8954BB3F8B83D9BB21B04934AB2F8BA2D92B2134418460BF05B
:2014C000E3FA8BA3D3E900230BF082FC02460B46104619464FF000028A4B0BF099F9024670
:2014E0000B46104619460BF0F9FD034600E0864B864AD361804B00221A60012000F0B6FDCC
:2015000083498020FCF770F840E0FB6841F65832934208DCFB6841F28732934203DD764B42
:2015200000221A6033E0FB68B3F57A6F07DCFB68B3F5FA6F03DB704B00221A6027E0FB6812
:20154000B3F57A7F0ADCFB6813F57A7F06DB6A4B00221A60042000F089FD18E0FB686D4AC2
:2015600093420EDAFB686C4A93420ADB624B00221A60052000F07AFD68498020FCF734F896
:2015800005E05D4B00221A6000F03BBD00BF00F038BD00F0A3FD624B1B78022B03D0604B1B
:2015A0001B78032B02D100F003FE01E000F0B6FDFB6843F2C82293420BDCFB6842F6F72230
:2015C000934206DD4C4B00221A60002000F04EFD2DE1FB6842F2107293420ADCFB68B3F5D8
:2015E000FA5F06DB444B00221A60434B01221A751DE1FB6841F65832934204DCFB6841F2D9
:201600008732934209DCFB68B3F57A6F00F3E880FB68B3F5FA6FC0F2E380374B1B68002B4F
:2016200003D1364B1B68344A1360334B1B68002B00F0FC80304B1B681846FAF7F5F90346C5
:20164000B3F5FA6F40F2F2802B4B00221A602B4B1B68294A9360284B0022DA60FB6841F6FB
:201660005832934260DCFB6841F2873293425BDD234BB3F8B83D9BB24FF6FD7293422AD88D
:201680001F4BB3F8BA3D9BB24FF6FD72934222D81B4BB3F8B83D9BB21B04194AB2F8BA2D08
:2016A00092B2134418460BF0EFF911A3D3E900230BF08EFB02460B46104619464FF00002A8
:2016C000104B0BF0A5F802460B46104619460BF005FD034600E00C4B0C4AD36111498020C8
:2016E000FBF782FF022000F0C1FC00F085FD9DE09A99999999990940F027FF1F440CFE1F37
:20170000201AFF1F0000E03F18FCFFFF0828FF1F2829030009D5FFFF38CDFFFF5029030043
:20172000A429FF1F60290300FB68B3F57A6F7DDCFB68B3F5FA6F79DBAB4B93F8C83DC3F3E1
:201740004013DBB2002B0BD1A8498020FBF74CFFA74B01221A7501216D20FDF7EFF965E060
:20176000A4498020FBF740FF9F4BB3F8B83D9BB24FF6FD7293422AD89B4BB3F8BA3D9BB274
:201780004FF6FD72934222D8974BB3F8B83D9BB21B04954AB2F8BA2D92B2134418460BF074
:2017A00073F98FA3D3E900230BF012FB02460B46104619464FF000028F4B0BF029F80246D7
:2017C0000B46104619460BF089FC034600E08B4B8B4AD361032000F049FC00F00DFD25E024
:2017E000FB68B3F57A7F0ADCFB6813F57A7F06DB7F4B00221A60042000F038FC17E0FB68B2
:20180000804A93420EDAFB687F4A93420ADB784B00221A60052000F029FC7C498020FBF76B
:20182000E3FE04E0724B00221A60EAE300BFE8E300F074FC00F032FC6B4A92F8C93D6FF30E
:20184000000382F8C93DFB6843F2C82293420BDCFB6842F6F722934206DD654B00221A600F
:20186000002000F003FC90E1FB6842F2107293420ADCFB68B3F5FA5F06DB5D4B00221A608B
:20188000012000F0F3FB80E1FB6841F65832934200F31281FB6841F28732934240F30C8185
:2018A000514BB3F8B83D9BB24FF6FD7293422AD84D4BB3F8BA3D9BB24FF6FD72934222D80A
:2018C000494BB3F8B83D9BB21B04474AB2F8BA2D92B2134418460BF0D7F841A3D3E90023C0
:2018E0000BF076FA02460B46104619464FF00002414B0AF08DFF02460B46104619460BF093
:20190000EDFB034600E03D4B3D4A13623C4B1B7EDBB2012B26D13A4B9B68002B03D13C4B54
:201920001B68374A9360364B9B681846FAF77CF80346384AA2FB03239B09314A1360304BCE
:201940001A682F4B5B689A420CD92D4B00221A762B4B00229A602A4B00221A6000F028FC26
:2019600000F0BCFB264B5B7EDBB2012B40F00A81234BDB68002B52D11B4BB3F8B83D9BB2B0
:201980004FF6FD72934247D8174BB3F8BA3D9BB24FF6FD7293423FD8134BB3F8B83D9BB263
:2019A0001B04114AB2F8BA2D92B2134418460BF06BF80BA3D3E900230BF00AFA02460B46A0
:2019C000104619464FF000020B4B0AF021FF02460B46104619460BF081FB03461DE000BFD7
:2019E0009A99999999990940201AFF1F74290300F027FF1FA02903000000E03F18FCFFFFDD
:201A00000828FF1F09D5FFFF38CDFFFF50290300440CFE1FD34D6210A74BA84AD360A84B14
:201A2000B3F8B83D9BB24FF6FD7293422AD8A44BB3F8BA3D9BB24FF6FD72934222D8A04BE2
:201A4000B3F8B83D9BB21B049D4AB2F8BA2D92B2134418460BF018F895A3D3E900230BF0EC
:201A6000B7F902460B46104619464FF00002954B0AF0CEFE02460B46104619460BF02EFB0F
:201A8000034600E08C4B8D4AD2689B1A8B4A13618A4B1A69894B5B699A4273DD874B002227
:201AA0005A76864B0022DA60844B00221A6100F07FFB00F013FB65E0FB68B3F57A6F37DC09
:201AC000FB68B3F5FA6F33DB7F4B1B68002B03D17E4B1B687C4A13607B4B1B68002B53D01C
:201AE000794B1B681846F9F79FFF0346B3F5FA6F4AD9754B00221A60714B93F8C83DC3F3D8
:201B00004013DBB2002B0BD171498020FBF76CFD6D4B02221A7501216D20FDF70FF833E001
:201B20006C498020FBF760FD032000F09FFA2BE0FB68B3F57A7F0EDCFB6813F57A7F0ADB13
:201B4000614B00221A60042000F090FA62498020FBF74AFD19E0FB68604A93420EDAFB68F5
:201B60005F4A93420ADB584B00221A60052000F07DFA5C498020FBF737FD06E0524B002227
:201B80001A6002E000BF00E000BF4F4B9B681846F9F74AFF03464C4AD3604B4BDB6818460E
:201BA00000F022FD03460C2B09D1474B00221A60042000F05BFA48498020FBF715FD424B63
:201BC0001B7DDBB2022B00F018823F4B1B7DDBB2032B00F012823A4BB3F8B83D9BB24FF611
:201BE000FD7293422AD8364BB3F8BA3D9BB24FF6FD72934222D8324BB3F8B83D9BB21B0423
:201C00002F4AB2F8BA2D92B2134418460AF03CFF27A3D3E900230BF0DBF802460B46104626
:201C200019464FF00002274B0AF0F2FD02460B46104619460BF052FA034600E01E4B1F4A19
:201C4000136200F099FB00216D20FCF777FF1E4B1B7DD2E100F062FA00F020FA184A92F87E
:201C6000C93D43F0010382F8C93DFB6843F2C82293420BDCFB6842F6F722934206DD124BA0
:201C800000221A60002000F0F1F98AE0FB6842F21072934228DCFB68B3F5FA5F24DB0A4B9A
:201CA00000221A60012000F0E1F97AE0AFF300809A9999999999094018FCFFFF0828FF1FE1
:201CC000201AFF1F0000E03FF027FF1F440CFE1F74290300DC290300042A030009D5FFFF36
:201CE00038CDFFFF50290300FB6841F65832934224DCFB6841F2873293421FDD9F4B1B68DF
:201D0000002B03D19E4B1B689C4A13609B4B1B68002B45D0994B1B681846F9F785FE0346D5
:201D2000B3F5FA6F3CD9954B00221A60022000F09DF994498020FBF757FC31E0FB68B3F57B
:201D40007A6F03DCFB68B3F5FA6F2ADAFB68B3F57A7F0EDCFB6813F57A7F0ADB874B002218
:201D60001A60042000F082F987498020FBF73CFC17E0FB68854A93420EDAFB68844A9342D4
:201D80000ADB7E4B00221A60052000F06FF981498020FBF729FC04E0784B00221A6000E0D8
:201DA00000BF764B9B681846F9F73EFE0346734AD360724BDB68184600F016FC03460C2BFD
:201DC00009D16E4B00221A60042000F04FF96E498020FBF709FC694B1B7DDBB2022B00F034
:201DE0000F81664B1B7DDBB2032B00F0098100F0C3FA00216D20FCF7A1FE604B1B7DFFE0C6
:201E000000F0D6F900F06AF9FB6843F2C82293420FDCFB6842F6F72293420ADD574B00223A
:201E20001A60002000F022F95B498020FBF7DCFB62E0FB6842F21072934223DCFB68B3F5B6
:201E4000FA5F1FDB4D4B1B68002B03D14C4B1B684A4A1360494B1B68002B4CD0474B1B6881
:201E60001846F9F7E1FD0346B3F5FA6F43D9434B00221A60012000F0F9F848498020FBF771
:201E8000B3FB38E0FB6841F65832934208DCFB6841F28732934203DD384B00221A602BE071
:201EA000FB68B3F57A6F07DCFB68B3F5FA6F03DB324B00221A601FE0FB68B3F57A7F07DCFA
:201EC000FB6813F57A7F03DB2C4B00221A6013E0FB682E4A93420ADAFB682D4A934206DB96
:201EE000264B00221A60052000F0C0F804E0234B00221A6085E000BF83E000F059F900F061
:201F0000EDF8FB6843F2C82293420FDCFB6842F6F72293420ADD194B00221A60002000F01A
:201F2000A5F81D498020FBF75FFB58E0FB6842F21072934207DCFB68B3F5FA5F03DB0F4B0D
:201F400000221A604BE0FB6841F65832934208DCFB6841F28732934203DD084B00221A60EA
:201F60003DE0FB68B3F57A6F1ADCFB68B3F5FA6F16DB024B00221A6031E000BFF027FF1F07
:201F8000440CFE1F60290300042A030009D5FFFF38CDFFFF50290300182A03002829030023
:201FA000FB68B3F57A7F07DCFB6813F57A7F03DB154B00221A6012E0FB68144A93420ADA90
:201FC000FB68134A934206DB0F4B00221A60052000F04CF803E00C4B00221A6011E010E085
:201FE000094B00221A750CE000BFFFF7CCB800BFFFF7C9B800BFFFF7C6B800BFFFF7C3B81E
:2020000000BFFFF7C0B800BFF027FF1F09D5FFFF38CDFFFF80B500AF124A92F8C93D6FF38E
:20202000041382F8C93D0F4A92F8C83D43F0200382F8C83D0B4A92F8C83D6FF3C71382F8B2
:20204000C83D084A92F8C93D6FF3000382F8C93DFCF736FD044B00221A60034B00221A75A4
:2020600000BF80BD201AFF1FF027FF1F80B483B000AF0346FB71074B1B7DDAB2064B1A70BB
:20208000044AFB79137500BF0C37BD465DF8047B704700BFF027FF1FA429FF1F80B500AFA3
:2020A0000C4B93F8C83DC3F30013DBB2012B0FD04FF48270FAF78AFC07498020FBF794FABC
:2020C000044A92F8C83D43F0100382F8C83D00E000BF80BD201AFF1F2C2A030080B500AFED
:2020E0000C4B93F8C83DC3F30013DBB2002B0FD04FF48270FAF778FC07498020FBF774FAAF
:20210000044A92F8C83D6FF3041382F8C83D00E000BF80BD201AFF1F442A030080B582B0DE
:2021200000AF214B93F8C83DC3F38003DBB2012B35D01D4B93F8C030DBB21E2B03D91A4B03
:202140001E2283F8C020184B93F8C030DBB207EE903AF8EE677AB1EE047A27EE877AF0EEE2
:20216000086AC7EE267AFCEEE77AC7ED017A3B79DBB21846FAF778F9FAF762F90A4A92F8F3
:20218000C83D43F0040382F8C83D074B93F8C030DBB21A4605498020FBF726FA00E000BF28
:2021A0000837BD4680BD00BF201AFF1F5C2A030080B500AF0E4B93F8C83DC3F38003DBB26D
:2021C000002B12D0FAF746F9094A92F8C83D6FF3820382F8C83D064B93F8C030DBB21A46C1
:2021E00004498020FBF700FA00E000BF80BD00BF201AFF1F782A0300B0B586B004AFFCF72D
:2022000039F90346564A1361554B1B6993F8263003F00103DBB2002B06D0514B1B6928223B
:20222000002118460CF06EF94D4B1A6992F8263043F0010382F82630494B1B69494AB2F865
:20224000782D92B29A81464B1B6900229A60444B1B6900225A60424B1B690E331846F9F7BA
:20226000F7FC404BB3F8B83D9BB24FF6FD7293422AD83C4BB3F8BA3D9BB24FF6FD72934269
:2022800022D8384BB3F8B83D9BB21B04354AB2F8BA2D92B2134418460AF0F6FB2EA3D3E934
:2022A00000230AF095FD02460B46104619464FF000022D4B0AF0ACFA02460B46104619467A
:2022C0000AF00CFF034601E04FF0FF33244A1269C2F81E30224B1B690E337B607B681B88DA
:2022E0001C467B689B781D467B68DB781A467B685B7919467B689B7918467B68DB79039355
:202300000290019100922B46224618498020FBF76BF9134B1B699B891A46114BDB68144975
:202320008020FBF761F90F4A92F8C83D43F0800382F8C83D0A4B1A6992F8263043F00403A2
:2023400082F826300120FCF713FB00BF0837BD46B0BD00BFAFF300809A999999999909405C
:20236000F027FF1F201AFF1F0000E03F942A0300C82A0300FFFFFFFFB0B586B004AF00F0C1
:20238000CBFA8D4BDB688D4AA2FB03235B0DFB80894BDA68894BA3FB02135B0D884901FB0E
:2023A00003F3D31A874AA2FB03239B0B7B71824BDA68824BA3FB02135B0D814901FB03F361
:2023C000D31A804AA2FB0312920B4EF6602101FB02F29A1A7C4BA3FB02239B093B71764BF3
:2023E0001B699B891C46F8887B793A797249096989680291019200930346224673498020C8
:20240000FBF7F2F86C4B1B6916331846F9F720FC6F4BB3F8B83D9BB24FF6FD7293422AD8C0
:202420006B4BB3F8BA3D9BB24FF6FD72934222D8674BB3F8B83D9BB21B04654AB2F8BA2D76
:2024400092B2134418460AF01FFB59A3D3E900230AF0BEFC02460B46104619464FF0000251
:202460005C4B0AF0D5F902460B46104619460AF035FE034601E04FF0FF334F4A1269C2F809
:2024800022304D4B1B690E333B603B681B881C463B689B781D463B68DB781A463B685B7964
:2024A00019463B689B7918463B68DB7903930290019100922B46224647498020FBF794F8DE
:2024C0003D4B1B6916333B603B681B881C463B689B781D463B68DB781A463B685B7919461F
:2024E0003B689B7918463B68DB7903930290019100922B46224639498020FBF775F82E4BB1
:202500000022DA60324A92F8C83D6FF3C71382F8C83D294B1B6993F8263003F00203DBB23B
:20252000002B1AD0244B1A6992F826306FF3820382F82630FCF75AF8254BB3F8783D9BB29B
:2025400001339AB2224BA3F8782D214A92F8CA3D43F0080382F8CA3D0AE021498020FBF7AD
:2025600043F8154B1B692822002118460BF0CAFF114B00221A61164B93F8C130DBB2002B21
:2025800006D0134A92F8C93D6FF3820382F8C93D0F4B0022A3F8982D0D4B0022A3F89A2D59
:2025A0000120FCF7E5F900BF0837BD46B0BD00BF9A99999999990940F027FF1FB17C219504
:2025C00080EE360073B2E745D34D6210F02A0300201AFF1F0000E03F302B03006C2B0300E8
:2025E000A82B0300FFFFFFFFB0B588B002AF7860B34B1B697A68B349A1FB021292095A607E
:20260000B14BB3F8B83D9BB24FF6FD7293422AD8AD4BB3F8BA3D9BB24FF6FD72934222D8DC
:20262000A94BB3F8B83D9BB21B04A74AB2F8BA2D92B2134418460AF027FA9FA3D3E90023E3
:202640000AF0C6FB02460B46104619464FF000029E4B0AF0DDF802460B46104619460AF030
:202660003DFD034600E09A4B954A1269C2F822307B6842F2107293421ED9914B1B6993F85C
:20268000263003F00203DBB2002B15D18C4B1A6992F8263043F0020382F826300120FCF7F8
:2026A00067F98C498020FAF79FFF874A92F8CA3D43F0080382F8CA3D834BB3F8983D9BB2FA
:2026C000002B20D07B68844AA2FB03239B0B3B617D4BB3F8983D9BB21A463B69934212D3D6
:2026E000794BB3F8983D9BB21A467C498020FAF77BFF754B0022A3F8982D734B0022A3F85C
:202700009A2D0C2303E1704BB3F89A3D9BB2002B00F0C5806A4B1B69002B05D17049802062
:20272000FAF762FF0C23F2E0654B1B69D3F81E30002B05DB624B1B69D3F82230002B0CDA8F
:202740005F4B1B69D3F81E205D4B1B69D3F8223064498020FAF748FFA1E0594B1B69D3F800
:202760002220574B1B69D3F81E309A420CDA544B1B69D3F81E20524B1B69D3F822305A4909
:202780008020FAF731FF8AE04D4B1B69D3F822204B4B1B69D3F81E30D31A1A46534B9A42EB
:2027A00005D953498020FAF71FFF0C23AFE0444B1B69D3F82220424B1B69D3F81E30D31AFB
:2027C0001A464FF47A7302FB03F3FB60FB68494AA2FB03235B09FB82FB8A42F20F72934272
:2027E00019D9FB8A444AA2FB0323DB089BB21846FA8A414BA3FB0213D9080B469B000B44A4
:202800005B00D31A9BB202463C498020FAF7ECFE42F20F73FB822C4BB3F89A3D9BB2FA8ADE
:202820009A423CD3284BB3F89A3D9BB2324AA2FB0323DB089BB21C46234BB3F89A3D9AB25E
:202840002D4BA3FB0213D9080B469B000B445B00D31A9BB21D46FB8A274AA2FB0323DB089D
:202860009BB21846FA8A244BA3FB0213D9080B469B000B445B00D31A9BB2019300902B46C1
:2028800022461F498020FAF7AFFE0F4B0022A3F8982D0D4B0022A3F89A2D0C2337E07B6849
:2028A000184A934232D918498020FAF79DFE0C232DE000BFAFF300809A999999999909404C
:2028C000F027FF1FD34D6210201AFF1F0000E03F18FCFFFFDC2B030073B2E745F42B03002B
:2028E000282C0300642C0300C02C030037894100202D03001F85EB51CDCCCCCC5C2D030011
:20290000AC2D03000014730FF42D0300072318461837BD46B0BD00BF80B483B000AF124BA8
:2029200093F8C93DC3F3C003DBB2012B15D00F4B1B695B6807EE903AB8EE677ADFED0C6AC6
:20294000C7EE267AC7ED017A084B1B69D7ED017AFCEEE77A17EE902A9A6000BF0C37BD46D4
:202960005DF8047B704700BF201AFF1FF027FF1F0000614580B400AFBFF34F8F00BF064B57
:20298000DB6803F4E0620449044B1343CB60BFF34F8F00BF00BFFDE700ED00E00400FA05DC
:2029A000B0B58AB004AF786000F09AF8364B1B68184608F0CDFB354B1B68184608F0C8FB2D
:2029C000334B1B68184608F0C3FB00237B6100F0DBFA304B93F8CB3DDBB20133DAB22D4B4B
:2029E00083F8CB2D142008F0C3FA2A4B93F8C93DC3F30013DBB2012B43D000F00DF97B6906
:202A0000002B07D07869F9F70FF8034642F2107293422ED9204B1B687B61FAF783FA07F1D1
:202A20000C0300221A605A6007F10C031846F9F70FF90346052B04D101216B20FCF77EF870
:202A400015E000216B20FCF779F8BB891C46BB7B1D46FB7B7A7CB97CF87C03900291019264
:202A600000932B4622460D490120FAF7BDFD01F06FF80020FBF77CFFFBF7BAFF00F048FA06
:202A8000A5E700BFA3E700BF242AFF1FFC2AFF1F902AFF1F201AFF1F440CFE1F242E030000
:202AA00080B582B002AF0A490120FAF79DFD094B1B6800930B23012207490120FAF794FD51
:202AC00006490120FAF790FD00BFBD4680BD00BF442E03007C09FE1F702E0300842E0300DD
:202AE00080B500AF414B424A1A60404B414A5A603E48F6F75FF9F8F709FF00F0F9F9FFF7F6
:202B0000CFFF3D4B40F205129A803B4B0F229A713A4B4FF483729A80384B00229A71384B30
:202B200040F207129A80364B00229A71354B03F55C63354A1A60334B03F6C453324A1A60CE
:202B4000304A92F8C93D6FF3041382F8C93DFAF75BF9FBF7EBFD0346042B04D02B49012072
:202B6000FAF742FD03E02A490120FAF73DFDFBF7AFFE0346042B0BD026490120FAF734FDDF
:202B8000204B1E2283F8C0201E4B002283F8C1201C4B93F8C130DBB2002B06D1194A92F8E9
:202BA000C93D43F0040382F8C93D164B93F8CA3DC3F34103DBB2012B04D1124B012283F8DF
:202BC000C22010E00F4B93F8CA3DC3F34103DBB2022B04D10B4B032283F8C22003E0094B9F
:202BE000002283F8C22000BF80BD00BFA829FF1F659B02001D9D02002C28FF1F3428FF1F02
:202C00003C28FF1F201AFF1F00808843B02E0300EC2E03001C2F030080B500AF1B4B93F86E
:202C2000C93DC3F34013DBB2012B1ED1184B1B68002B03D1174B1B68154A1360144B1B685F
:202C40001846F8F7F1FE034642F21072934209D90F4B00221A600D4A92F8C93D6FF34513EB
:202C600082F8C93D00F01EF804E0094B00221A6000F02EF8084800F0AFF8084800F0ACF819
:202C8000074800F0A9F800BF80BD00BF201AFF1FB029FF1F440CFE1F2C28FF1F3428FF1FF1
:202CA0003C28FF1F80B400AF064B0F229A71064B0F229A71054B0F229A7100BFBD465DF8F2
:202CC000047B70473C28FF1F3428FF1F2C28FF1F80B500AF3B4B00229A713B4B00229A7106
:202CE0003A4B00229A713A4B93F8C93DC3F34003DBB2012B03D1344B02229A715FE0682011
:202D0000FBF7F8FE0346012B0BD06620FBF7F2FE0346012B05D06720FBF7ECFE0346012BF1
:202D200003D1294B01229A7149E0264B0F229A71274B93F8C130DBB2002B12D0244B93F8C5
:202D4000C93DC3F38003DBB2012B06D11D4B00229A711E4B0F229A7106E01C4B00229A71F0
:202D600002E01A4B00229A71194B93F8C83DC3F38013DBB2002B21D0124B01229A71154B0E
:202D80001B7DDBB2052B1ADC042B0DDA012B01DC002B14E0023B012B11D80C4B00229A71D4
:202DA000084B02229A710AE0064B00229A71074B00229A71044B0F229A7100E000BF00BFC1
:202DC00080BD00BF3428FF1F2C28FF1F3C28FF1F201AFF1FF027FF1F90B587B000AF7860F9
:202DE0007B689B79002B05D17B689B881846FBF7BAF976E07B689B79042B05D97B689B8872
:202E00001846FBF7A3F96CE04FF4FA737B61C8233B614FF4FA73FB607B681B681846F8F7A9
:202E200003FE034640F6B73293420AD97B681B68002B06D07B6800221A607B680022DA713B
:202E40004FE07B68DB791A467B6902FB03F3FA681344BB607B68DA797B689B799A423FD2E7
:202E60007B681B68002B03D1204B1A687B681A607B681B681846F8F7D7FD0246FB6893429C
:202E800005D97B689B881846FBF76DF929E03A69BB68D4187B681B681846F8F7C5FD03461F
:202EA0009C4205D97B689B881846FBF74FF918E07A69BB68D4187B681B681846F8F7B4FD6A
:202EC00003469C4205D97B689B881846FBF74BF907E07B68DB790133DAB27B68DA7100E067
:202EE00000BF00BF1C37BD4690BD00BF440CFE1F80B500AF40F20A20F9F768FD0A2008F0CE
:202F000037F840F20A20F9F76FFD00BF80BDFFFF80B500AF174B93F8CA3DC3F30003DBB2B2
:202F2000002B24D0134B93F8CA3DC3F30003DBB21A4611490120FAF757FBF9F7F9FE0346EE
:202F4000042B09D10D490120FAF74EFB4FF47A7008F00EF8FFF70EFD09490120FAF744FBE8
:202F6000044A92F8CA3D6FF3000382F8CA3D00BF80BD00BF201AFF1F502F03006C2F030059
:202F8000942F0300FFFFFFFFB0B598B004AFB24B93F8C93DC3F34003DAB2B04B1B789A4292
:202FA00018D0AD4B93F8C93DC3F34003DBB2002B14BF01230023DAB2A84B1A70A74B1B7847
:202FC000002B01D0A64B00E0A64B1A46A6490120FAF70AFBA04B93F8C83DC3F38003DAB28D
:202FE000A24B1B789A4218D09B4B93F8C83DC3F38003DBB2002B14BF01230023DAB29B4B9A
:203000001A709A4B1B78002B01D0954B00E0954B1A4697490120FAF7E7FA8F4B93F8C83D75
:20302000C3F30013DAB2934B1B789A4218D08A4B93F8C83DC3F30013DBB2002B14BF012329
:203040000023DAB28B4B1A708A4B1B78002B01D0834B00E0834B1A4687490120FAF7C4FA81
:203060007D4B93F8C83DC3F3C013DAB2834B1B789A4218D0784B93F8C83DC3F3C013DBB255
:20308000002B14BF01230023DAB27C4B1A707B4B1B78002B01D0724B00E0724B1A4678493E
:2030A0000120FAF7A1FA6C4B93F8C83DC3F38013DAB2744B1B789A4218D0674B93F8C83DEF
:2030C000C3F38013DBB2002B14BF01230023DAB26C4B1A706B4B1B78002B01D0604B00E038
:2030E000604B1A4668490120FAF77EFA5A4B93F8C93DC3F38003DAB2644B1B789A4218D089
:20310000554B93F8C93DC3F38003DBB2002B14BF01230023DAB25D4B1A705C4B1B78002B50
:2031200001D04F4B00E04F4B1A4659490120FAF75BFA07F13F031846FAF714FB0346002B35
:2031400000F0E68497F83F301A4652490120FAF74BFA97F83F30142B76DC002B44DC00F0FB
:20316000D7BCDD3B1D2B00F2D38401A252F823F05B370200113B0200113B0200113B020095
:20318000113B0200113B0200113B0200113B0200113B0200113B0200113B0200113B0200BF
:2031A000113B0200113B0200113B0200113B0200113B0200113B0200113B0200673702004D
:2031C000F13702000F38020097380200A5380200B73902001B3A0200BD3A0200D53A020079
:2031E000E53A0200013B0200013B132B00F2908401A252F823F000BF993202005F330200D0
:20320000A3330200BB330200F33302004934020085340200013502007D350200113B02004A
:20322000113B0200113B0200113B020013370200113B0200FD350200453602004B360200D6
:2032400063360200BD360200FA2B00F36184DD2B87DA00F05DBC00BF201AFF1FB429FF1F5D
:20326000BC2F0300C02F0300C42F0300B529FF1FDC2F0300B629FF1FF02F0300B729FF1F51
:2032800008300300B829FF1F1C300300B929FF1F303003004C30030007F138031846F8F743
:2032A000EBFE07F134031846F8F7F5FED7ED0E7AFDEEE77A17EE903A7B6497ED0E7A7B6C7D
:2032C00007EE903AF8EEE77A77EE677AB2EE047A67EE877A17EE900A09F0F8FB02460B460A
:2032E00043EC102B0EF09AF953EC102B1046194609F0F4FE03463B643B6C7A6CB149012029
:20330000FAF772F9D7ED0D7AFDEEE77A17EE903A7B6497ED0D7A7B6C07EE903AF8EEE77A14
:2033200077EE677AB2EE047A67EE877A17EE900A09F0CCFB02460B4643EC102B0EF06EF90C
:2033400053EC102B1046194609F0C8FE03463B643B6C7A6C9C490120FAF746F9D8E307F121
:203360002C0300221A605A6007F12C031846F8F76FFCBB8D1C4697F82E301D4697F82F3001
:2033800097F8312097F8321097F8330003900291019200932B4622468C490120FAF724F991
:2033A000B6E3012206210B20F8F7D1FB18220C2140F2E770F8F702FCAAE3854B1B78C3F1C3
:2033C0000103DAB2824B1A70814B1B78002B04D04FF48270F9F7FAFA03E04FF48270F9F787
:2033E00003FB7B4B1B781A467A490120FAF7FCF88EE3794B1B78012B03D1774B05221A7012
:203400001AE0754B1B78052B03D1734B0A221A7012E0714B1B780A2B03D16F4B14221A7023
:203420000AE06D4B1B78142B03D16B4B01221A7002E0694B01221A70674B1B781A46674949
:203440000120FAF7D1F863E3654B1A78624B1B781344DAB2624B1A70614B1B78642B02D906
:203460005F4B00221A705E4B1B781846F8F7FCFFF8F7E6FF5A4B1B781A465A490120FAF751
:20348000B3F845E3584B93F8C030DBB20333DAB2554B83F8C020544B93F8C030DBB21E2B01
:2034A00003D9514B1E2283F8C0204F4B93F8C83DC3F38003DBB2012B18D14B4B93F8C030E3
:2034C000DBB207EE903AF8EE677AB1EE047A27EE877AF0EE086AC7EE267AFCEEE77AC7ED02
:2034E000017A3B79DBB21846F8F7BEFF3E4B93F8C030DBB21A463D490120FAF775F807E326
:20350000394B93F8C030DBB2033BDAB2364B83F8C020354B93F8C030DBB2042B03D8324B6A
:20352000052283F8C020304B93F8C83DC3F38003DBB2012B18D12C4B93F8C030DBB207EEAF
:20354000903AF8EE677AB1EE047A27EE877AF0EE086AC7EE267AFCEEE77AC7ED017A3B79D4
:20356000DBB21846F8F780FF1F4B93F8C030DBB21A461E490120FAF737F8C9E21A4B93F8DD
:20358000C93DC3F34003DBB2C3F10103DBB203F00103D9B2144A92F8C93D61F3410382F8D8
:2035A000C93D114B93F8C93DC3F34003DBB2002B01D00F4B00E00F4B1A460F490120FAF738
:2035C00013F8A5E2583003006C300300242E0300BA29FF1F803003008809FE1F8C300300B9
:2035E000BB29FF1F9C300300201AFF1FA8300300C4300300D4300300E0300300F7F7CEFBFF
:203600000346B94AC2F89C3DB74BD3F89C3DB74AB7491846FAF73BFEB34BD3F89C3D9FED6E
:20362000B00BB4491846FAF71AFEAF4BD3F89C3D1846FAF745FEAC4BD3F89C3D1846F5F756
:2036400013FC65E2F8F7C4FD62E2AB490120F9F7CBFFA54A92F8C93D43F0200382F8C93DFC
:2036600056E207F1240300221A605A6007F124031846F8F7EDFABB8C1C4697F826301D4659
:2036800097F8273097F8292097F82A1097F82B0003900291019200932B46224697490120C3
:2036A000F9F7A2FF97F8290097F82A1097F82B300133DBB21A46F8F74AFA29E207F11C0398
:2036C00000221A605A6007F11C031846F8F7C0FABB8B1C46BB7F1D46FB7F97F8212097F858
:2036E000221097F8230003900291019200932B46224683490120F9F777FF97F8210097F82F
:20370000221097F82330013BDBB21A46F8F71FFAFEE1754B93F8C93DC3F30013DBB2C3F12A
:203720000103DBB203F00103D9B26F4A92F8C93D61F3041382F8C93D6B4B93F8C93DC3F345
:203740000013DBB2002B01D06E4B00E06E4B1A466E490120F9F748FFDAE16D490120F9F78A
:2037600043FFFFF707F96B4B1B78002B01D06A4B00E06A4B1A466A490120F9F735FF694B76
:203780001B78002B01D0644B00E0644B1A4666490120F9F729FF654B1B78002B01D05E4B2C
:2037A00000E05E4B1A4662490120F9F71DFF614B1B78002B01D0584B00E0584B1A465E49E0
:2037C0000120F9F711FF5D4B1B78002B01D0524B00E0524B1A465A490120F9F705FF594BBB
:2037E0001B7DDBB21A4658490120F9F7FDFE8FE1564B9B791A46564B9B791946554B9B794A
:2038000000930B4654490120F9F7EEFE80E153490120F9F7E9FE344BB3F8A63D9BB21A467B
:203820004F490120F9F7E0FE2F4BB3F8A83D9BB21A464C490120F9F7D7FE2B4BB3F8AA3DC7
:203840009BB21A4648490120F9F7CEFE264BB3F8AC3D9BB21A4645490120F9F7C5FE224BCC
:20386000B3F8A03D9BB21A4641490120F9F7BCFE1D4BB3F8A23D9BB21A463E490120F9F787
:20388000B3FE194BB3F8A43D9BB21A463A490120F9F7AAFE3CE139490120F9F7A5FEFAF75A
:2038A000AFFC35E136490120F9F79EFE3548FAF7E7F90023FB6007F1100300221A605A60EE
:2038C0009A6007F10C031846FAF7B6FA0346002B00F01B81002387F84F3067E0AFF300805E
:2038E0000000000000E1B040201AFF1FF0300300F830030000310300083103003431030079
:203900006431030094310300983103009C310300B0310300B429FF1FBC2F0300C02F0300EC
:20392000C42F0300B529FF1FDC2F0300B629FF1FF02F0300B729FF1F08300300B829FF1F30
:203940001C300300F027FF1FC43103003C28FF1F3428FF1F2C28FF1FDC310300F031030049
:20396000043203000C320300143203001C320300243203002C320300343203003C3203009F
:20398000503203006C32030097F84F30483307F10802134413F8443C1A465F490120F9F77B
:2039A00023FE97F84F30013387F84F3097F84F30092BE9D9A9E0594A92F8CA3D43F00103AE
:2039C00082F8CA3D554B93F8CA3DC3F30003DBB21A4653490120F9F707FE504B93F8CA3DAF
:2039E000C3F30003DBB2002B00F09180F9F7A0F90346042B09D14B490120F9F7F5FD40F6AD
:203A0000B83007F0B5FAFEF7B5FF444A92F8CA3D6FF3000382F8CA3D79E0434BBB64BB6C3D
:203A200093F8AA3C1A46BB6C93F8AB3C3F490120F9F7DAFDBB6C93F8AB3C1946BA6C0B463D
:203A40009B000B44DB00134420339B79C3F30003DBB21846BB6C93F8AB3C1946BA6C0B46D0
:203A60009B000B44DB00134420339B79C3F38003DBB21C46BB6C93F8AB3C1946BA6C0B462C
:203A80009B000B44DB00134420339B79C3F34003DBB200932346024625490120F9F7A4FDB9
:203AA000244BBB64BB6C93F8AA3C1A46BB6C93F8AB3C1E490120F9F797FD29E0FAF78AFD5A
:203AC0000346002B01D1FAF7C5FD1B490120F9F78BFD1DE019490120F9F786FD0120FAF7EB
:203AE00047FF15E0D02216490120F9F77DFD4FF4606340F6B84213490120F9F775FD07E0B3
:203B000011490120F9F770FD02E000BF00E000BF00BF5037BD46B0BD74320300201AFF1FD6
:203B20007C3203009432030000021040A4320300BC32030000121040E4320300243303001A
:203B4000403303004C3303005C330300FFFFFFFF80B500AFAC490120F9F746FDFAF750FA77
:203B600003461A46A9490120F9F73EFDA84BB3F8A63D9BB24FF6FD72934218D8A44BB3F87D
:203B8000A63D9BB2A34AA2FB03235B099BB2184608F08AFF4FF000029F4B08F039FE024613
:203BA0000B461046194609F099FA034601E04FF0FF331A4699490120F9F716FD944BB3F8E8
:203BC000A83D9BB24FF6FD72934218D8904BB3F8A83D9BB28F4AA2FB03235B099BB21846D7
:203BE00008F062FF4FF000028B4B08F011FE02460B461046194609F071FA034601E04FF033
:203C0000FF331A4686490120F9F7EEFC804BB3F8AA3D9BB24FF6FD72934218D87C4BB3F8B3
:203C2000AA3D9BB27B4AA2FB03235B099BB2184608F03AFF4FF00002774B08F0E9FD02465F
:203C40000B461046194609F049FA034601E04FF0FF331A4673490120F9F7C6FC6C4BB3F836
:203C6000A03D9BB24FF6FD72934209D8684BB3F8A03D9BB21A4613469B0013445B0001E041
:203C80004FF0FF331A4668490120F9F7ADFC604BB3F8A23D9BB24FF6FD72934209D85C4B55
:203CA000B3F8A23D9BB21A4613469B0013445B0001E04FF0FF331A465C490120F9F794FC2F
:203CC000534BB3F8A43D9BB24FF6FD72934209D84F4BB3F8A43D9BB21A4613469B001344E5
:203CE0005B0001E04FF0FF331A4651490120F9F77BFC474BB3F8B83D9BB24FF6FD7293428D
:203D00002AD8434BB3F8BA3D9BB24FF6FD72934222D83F4BB3F8B83D9BB21B043C4AB2F8DB
:203D2000BA2D92B21344184608F0AEFE34A3D3E9002309F04DF802460B46104619464FF07E
:203D40000002354B08F064FD02460B461046194609F0C4F9034601E04FF0FF331A4635490B
:203D60000120F9F741FC2A4B93F8C230DBB2012B14D1274BB3F8AE3D9BB24FF6FD72934287
:203D800004D8234BB3F8AE3D9BB201E04FF0FF331A4629490120F9F727FC21E01C4BB3F88B
:203DA000B43D9BB24FF6FD72934212D8184BB3F8B63D9BB24FF6FD7293420AD8144BB3F88F
:203DC000B43D9BB21B04124AB2F8B62D92B2134401E04FF0FF331A4618490120F9F704FCDE
:203DE000174B1B68174AA2FB03239B091A4616490120F9F7F9FB00BF80BD00BFAFF3008075
:203E00009A99999999990940783303007C330300201AFF1F1F85EB510000E03F04320300D2
:203E20000C3203001432030084330300903303009C330300A8330300B0330300B8330300F4
:203E4000440CFE1FD34D6210C433030080B582B000AF0346FB71FB79022B03D10349044891
:203E600002F04AFB00BF0837BD4680BD883703006C2BFF1F80B584B004AF114B1B68013327
:203E80000F4A13600F4B02930F4B0193042300930E4B4FF480620E490E4806F0CFFE034688
:203EA0000D4A13600C4B1B68002B05D10A4B1B680021184600F0F2F800BFBD4680BD00BF6E
:203EC000342DFF1FBC29FF1F486CFF1FC8330300CC330300DD3E0200242AFF1F80B582B09E
:203EE00000AF786000F0E6F87868FAF7FBFE00BF0837BD4680BDFFFF80B584B004AF114BEF
:203F00001B6801330F4A13600F4B02930F4B0193022300930E4B4FF480620E490E4806F068
:203F20008DFE03460D4A13600C4B1B68002B05D10A4B1B680021184600F0B0F800BFBD4657
:203F400080BD00BF342DFF1F282AFF1F487CFF1FD8330300DC330300613F0200902AFF1FFA
:203F600080B582B000AF786000F0A4F87868FAF751FF00BF0837BD4680BDFFFF80B584B001
:203F800004AF114B1B6801330F4A13600F4B02930F4B0193032300930E4B4FF480620E4924
:203FA0000E4806F04BFE03460D4A13600C4B1B68002B05D10A4B1B680021184600F06EF8D1
:203FC00000BFBD4680BD00BF342DFF1F942AFF1F488CFF1FE8330300EC330300E53F020070
:203FE000FC2AFF1F80B582B000AF786000F062F87868FDF7B9F800BF0837BD4680BDFFFF84
:2040000080B584B004AF114B1B6801330F4A13600F4B02930F4B0193012300930E4B4FF475
:2040200000620E490E4806F009FE03460D4A13600C4B1B68002B05D10A4B1B68002118462F
:2040400000F02CF800BFBD4680BD00BF342DFF1F002BFF1F489CFF1FFC330300003403005B
:2040600069400200682BFF1F80B582B000AF786000F020F87868FEF793FC00BF0837BD4689
:2040800080BD80B400AF00BFBD465DF8047B704780B500AFFFF7F5FF00BF80BD80B483B082
:2040A00000AF7860396000BE00BF0C37BD465DF8047B704780B582B000AF204B1B684FF04F
:2040C000FF31184606F008FB78607B68012B05D01A4B1B6800211846FFF7E0FF184B1B786B
:2040E00083F00103DBB2002B24D0154B01221A70FFF7CEFF134B1B68013B124A136015E0EC
:204100000E4B186800230022002106F019F978607B68012B05D0094B1B6800211846FFF750
:20412000BDFF084B1B68013B064A1360054B1B68002BE5D100BF0837BD4680BD3C2DFF1F75
:20414000382DFF1F342DFF1F80B500AF124B00221A60124B00221A70114A01214FF48070C7
:2041600006F0BAF803460F4A13600E4B1B68002B05D10C4B1B6800211846FFF78FFFFFF7D2
:204180003FFFFFF777FEFFF7F9FEFFF7B5FE07F069F80023184680BD342DFF1F382DFF1FC8
:2041A000402DFF1F3C2DFF1F80B485B000AFF860B9607A60FB68074A1A60BB68064A1A606F
:2041C0007B6880221A6000BF1437BD465DF8047B704700BF882DFF1FF02DFF1F80B485B012
:2041E00000AFF860B9607A60FB68074A1A60BB68064A1A607B6880221A6000BF1437BD469E
:204200005DF8047B704700BFF02FFF1F5830FF1F80B483B000AF03463960FB7197F9073046
:20422000002B0ADB3B68DAB20C4997F907301201D2B20B4483F800230AE03B68DAB2084935
:20424000FB7903F00F03043B1201D2B20B441A7600BF0C37BD465DF8047B704700E100E0DF
:2042600000ED00E080B582B000AF78607B68013BB3F1807F01D301230FE00A4A7B68013B67
:2042800053600F214FF0FF30FFF7C2FF054B00229A60044B07221A60002318460837BD46F5
:2042A00080BD00BF10E000E01EF0040F0CBFEFF30880EFF309800149084700BF8D43020047
:2042C00080B400AF62B600BFBFF36F8F00BFEFF3148C2CF0040C8CF31488BFF36F8F02DF5B
:2042E00000BEFDE70E4B1968EFF309821EF0100F08BF22ED108A22E9F04F0A604FF0100035
:2043000080F31188BFF34F8FBFF36F8F07F03EFA4FF0000080F3118800F004B800BF00006C
:20432000B044FF1F064801680A68B2E8F04F1EF0100F08BFB2EC108A82F30988704700BFC1
:20434000B044FF1F80B584B000AFEFF311837B607B68FB601023BB60BB6883F3118800BF65
:2043600007F008F90346002B03D0074B4FF080525A60FB683B603B6883F3118800BF00BFB3
:204380001037BD4680BD00BF00ED00E080B584B000AF78607B689B69FB60FB68023B1B78A5
:2043A000FB72FB7A022B03D1FFF7BCFF00BF09E0FB7A032B06D9054B054A40F205410548DB
:2043C00005F05AF900BF1037BD4680BD50380300743903006438030080B485B000AFF86005
:2043E000B9607A603B60FB68043BFB60FB684FF080721A60FB68043BFB607B6823F001022E
:20440000FB681A60FB68043BFB600D4AFB681A60FB68143BFB603A68FB681A60FB68043B60
:20442000FB60FB686FF002021A60FB68203BFB60FB6818461437BD465DF8047B704700BF6F
:204440004544020080B400AF00BE00BFFDE7FFFF80B584B000AF2C4BFB60FB681B78DBB222
:20446000FB72FB68FF221A70FB681B78DBB27B607B681B09DBB203F00103DAB2234B1A7054
:20448000234B07221A6007E0214B1B68013B204A13607B685B007B607B6803F08003802BFF
:2044A000F2D01B4B1B68C3F10703042B06D0194B194A40F2A241194805F0DEF8144B1B68A4
:2044C0001B02134A1360124B1B6803F4E063104A1360FB7ADAB2FB681A70FF216FF001009A
:2044E000FFF796FE00F0ECF80D4B5B680C4A43F040435360FFF7E4FE07F048F900231846F3
:204500001037BD4680BD00BF00E400E06032FF1F6432FF1F8C380300883903006438030003
:2045200030EF00E080B584B000AFEFF311837B607B68FB601023BB60BB6883F3118800BF96
:204540000E4B1B6801330D4A13600C4B1B68012B0FD10B4AFB6813600A4B5B68C3F3080397
:20456000002B06D0084B094A40F2F641084805F083F800BF1037BD4680BD00BF5832FF1FBE
:204580005C32FF1F00ED00E0B83803009C3903006438030080B582B000AF0F4B1B68002B1A
:2045A00006D10E4B0E4A40F2FF410E4805F064F8094B1B68013B084A1360074B1B68002B82
:2045C00006D1094B1B687B607B6883F3118800BF00BF0837BD4680BD5832FF1F003903007F
:2045E000B0390300643803005C32FF1F80B487B000AF786000237B617B68002B2BD0264B19
:204600009B899BB27B617B6903F40043002B14D0214BB3F8FE339BB23B611F4B4AF20252F5
:20462000A3F8FE231C4B00229A813B699AB21A491A4B13439BB2A1F8FE33BFF34F8F00BFA6
:2046400030BFBFF36F8F00BF62B600BFBFF36F8F00BF72B600BF7B6903F40043002B15D0A1
:204660000D4BB3F8FE339BB2FB600B4B4AF20252A3F8FE23084B7A6992B29A81FB689AB278
:204680000549064B13439BB2A1F8FE3300BF1C37BD465DF8047B704700E0014000A5FFFFAA
:2046A00080B500AF72B600BF06F046FE0120FFF79DFF62B600BF06F04DFE00BF80BDFFFF30
:2046C00080B500AF054B1B68054AA2FB03239B091846FFF7C7FD00BF80BD00BF3C34FF1F0C
:2046E000D34D621080B586B000AF786039607B687B613968786900F067F838613B69002BA5
:2047000001D03B6932E03B681B791A4ADB01DBB293713B681B781A46174B9B5C03F0030322
:20472000FB603B685B781B01DBB2FA681343FB603B689B781B0303F44053FA681343FB607B
:204740003B68DB781B0203F44073FA681343FB60084BFA6892B25A803B685B79054ADB0114
:20476000DBB213727B69054A1A60002318461837BD4680BD00420440C439030054445700F5
:2047800080B485B000AF78607B68FB60FB68002B01D101230DE0FB681B68094A934201D09B
:2047A000072306E0074B00221A70064BFF221A70002318461437BD465DF8047B704700BFD6
:2047C000544457000042044080B483B000AF786039603B68002B01D1012324E07B68002B07
:2047E00001D101231FE07B681B68124A934201D10E2318E03B681B78022B0DD03B681B78BC
:20480000042B09D03B681B78052B05D03B681B78062B01D0012306E03B681B79012B01D0DF
:20482000012300E0002318460C37BD465DF8047B704700BF5444570080B483B000AFEFF37C
:2048400003837B607B683B603B88C3F308039BB2DBB2103BDBB25BB218460C37BD465DF83D
:20486000047B704780B487B000AF0346FB710E4B1B6A7B61FB797A6922FA03F303F0070313
:204880003B617B691B0E03F00703FB60074B1A68FB689A403B6922FA03F318461C37BD469C
:2048A0005DF8047B704700BF00E001403C34FF1F80B483B000AF03463960FB7197F90730D4
:2048C00004493A6841F8232000BF0C37BD465DF8047B7047B032FF1F80B483B000AF03467E
:2048E000FB710B4997F9073003F1C00251F822306FF3104341F82230054A97F90730C03397
:2049000052F8233000BF0C37BD465DF8047B70470060004080B584B000AF0346FB7197F96D
:2049200007301846FFF7D8FFBFF35F8F00BF97F90730FB60FB6803F01F02074997F9073006
:204940005B09012000FA02F2603341F8232000BF1037BD4680BD00BF00E100E080B584B0A6
:2049600000AF0346B9607A60FB73BB68DAB2094997F90F301201D2B20B4483F8002397F9FA
:204980000F3079681846FFF793FF00BF1037BD4680BD00BF00E100E080B485B000AF0346EA
:2049A000FB7197F90730FB60FB6803F01F020749FB685B09012000FA02F241F8232000BF91
:2049C0001437BD465DF8047B704700BF00E100E080B582B000AF0346FB7197F9073018468E
:2049E000FFF798FF97F907301846FFF7D5FF00BF0837BD4680BDFFFF80B485B000AF03469E
:204A0000FB7197F90730FB60FB6803F01F020B4997F907305B09012000FA02F2203341F877
:204A20002320BFF34F8F00BFBFF36F8F00BF00BF1437BD465DF8047B704700BF00E100E05D
:204A400080B483B000AF0346FB7197F90730044A52F8233018460C37BD465DF8047B7047AA
:204A6000B032FF1F80B58AB000AF786039607B687B627B6A002B01D1012337E13B68002BFB
:204A800001D1012332E13B68DB69002B01D101232CE13B68DB695B68002B01D1012325E127
:204AA0007B6A5B68934A934201D10E231EE13B681B781A4640F21F33D34003F00103002B4B
:204AC00002D140F27A5311E13B68DB691B7B032B08D13B68DB695B894FF6FF72934201D166
:204AE000032303E13B68DB691B7B082B01D10323FCE03B6893F90530002B01DA0123F5E0C5
:204B00003B6893F90730002B01DA0123EEE03B6893F90930002B01DA0123E7E03B6893F9AF
:204B20000B30002B01DA0123E0E03B681B7803F1007303F560535B011A467B6A1A627B6A06
:204B400000221A703B681B781A4640F21F33D34003F00103002B02D07B6A10221A707B6A02
:204B60003A68DA613B685A697B6A5A623B689A697B6ADA627B6A00229A627A6A9378012176
:204B800061F3010393703B685B78002B05D17A6A9378022161F3010393703968786A00F063
:204BA00082FC3968786A00F052FB38623B6A002B01D03B6A9AE0786A00F0AAFA0023FB6168
:204BC000EFF31083BB60BB68FB610123FB60FB6883F3108800BF484B5A683B681B7819462D
:204BE0004FF00043CB40DB43434913404B60424B5B68FB693B613B6983F3108800BF7B6ADA
:204C00001B6A00229A707B6A1B6A00221A717B6A1B6A00225A727B6A1B6A00229A727B6AF7
:204C20001B6A0022DA727B6A1B6A00225A833B681B781A4640F21F33D34003F00103002BC9
:204C400003D07B6A1B6A4022DA747B6A1B6A06221A773968786A00F051FB7B6A0022DA6044
:204C60007B6A00221A617B6A00225A617B6A00229A613B68DB69BB61BB691B7803F003033B
:204C80007B617B6943F010037B617B6ADB6993F905301846FFF79CFE7B6ADB6993F90B306A
:204CA0001846FFF795FE7B6943F040037B617B6ADB6993F907301846FFF78AFE7B6ADB69E6
:204CC00093F909301846FFF783FE7B6943F020037B617B6A1B6A7A69D2B29A70BB695A8942
:204CE0007B6A1A817B6A034A5A60002318462837BD4680BD55494353FC6F044090B589B0C7
:204D000000AFF860B9607A60FB68FB610023BB617A68B968F86900F005FAB861BB69002BE0
:204D200001D0BB6988E0FB691B69002B01D0082382E0FB691B6A9B78DAB2FB691B6A02F042
:204D40007B02D2B29A70FB691B78002B06D0FB697A681A61FB69BA68DA6013E0FB699B7865
:204D6000C3F30103DBB21A467B689A1AFB691A61FB699B78C3F30103DBB21A46BB681A4477
:204D8000FB69DA60FB69DB691B69002B2ED0FB691B69002B2AD0FB699B78C3F30103DBB255
:204DA0007B61FB691A697B69013B22FA03F33B61FB6900221A613B69B3F5803F01D9012358
:204DC0003AE0FB69DB691B699B689C68FB69DB691B691868FB69D9683B699BB20022A0473B
:204DE000B861BB69002B01D0BB6925E0FB691B6A9B78DAB2FB691B6A62F07F02D2B29A707F
:204E0000FB691B78002B16D1FB699B7803F00303DBB2022B0AD1BB681B88FA69126A6FEA86
:204E2000C3536FEAD3539BB2D38104E0FB691B6ABA681278DA70002318462437BD4690BD4D
:204E400080B584B000AF786039607B68FB60FB68002B01D101232EE0FB685B68184A93429C
:204E600001D0072327E0FB681B6A9B78C3F30103DBB203F00203002B01D001231BE0FB6878
:204E80001B6A9B78DBB203F07B03FB72FB681B6AFA7A22F07002D2B29A70FB680022DA60E2
:204EA000FB681B6A3968184600F02AFBFB681B6AFA7A9A70002318461037BD4680BD00BFC9
:204EC000554943532DE9B04F90B000AF7861FA60BB600B46FB74BB68002B01D101230BE15C
:204EE00043F69822FB68934201D9032304E17B69002B01D10323FFE0BB68FF229A70BA684C
:204F000013786FF382031370BB688022DA707D4BFB63002387F83B3000233B620C20FFF778
:204F2000A1FCF86100237B63D7E000233B63CDE07B6BDBB274493A6B0A441278C2F34002B1
:204F4000D1B271483A6B02441278C2F38002D2B20A43D2B2934240F0B1806C4A3B6B32F858
:204F600013301A467B6902FB03F33B62FA693B6AB2FBF3F3FB62FB6AB3F5807F00F2A38001
:204F800097E0FB6A013BFB62FB6A01333A6A02FB03F3BB61FB69002298469146594BDA1780
:204FA0009A4693460AFB09F208FB0BF31344A8FB0A452B441D46BB69DA173B607A60D7E9D2
:204FC00000232046294608F001F902460B464D4BD31ABB62002387F82730FB7C002B18D029
:204FE000BA69FB691B0AB2FBF3F387F8273097F92730002B64DA434ABB6A134497F827206D
:2050000002FB03F34FF4807293FBF2F33D4A9B1ABB62BB6A002B02DABB6A5B42BB62BA6A6D
:20502000FB6B9A4239DA384A3B6B13441B78C3F30003D9B2BA68137861F386131370324A2C
:205040003B6B13441B78C3F34003D9B2BA68137861F3041313702C4A3B6B13441B78C3F3E5
:205060008003D9B2BA68137861F3C3031370264A3B6B13441B78C3F3C103D9B2BA685378E6
:2050800061F301035370FB6ADAB2BB689A70BB6AFB6397F8273087F83B30FB7C002B11D001
:2050A000BA68137843F004031370BB6897F83B20DA70FB6A002B7FF464AF04E000BF02E094
:2050C00000BF00E000BF3B6B01333B633B6B0C2B7FF62EAF7B6B01337B637B6B012B04D8E5
:2050E000FB68FA6B9A423FF720AFFB68FA6B9A4201DD032300E0002318464037BD46BDE8DF
:20510000B08F00BFA0860100CC390300DC39030080B483B000AF786000BF0C37BD465DF802
:20512000047B704780B485B000AFF860B9607A60FB68002B01D1012326E0BB68002B01D12C
:20514000012321E07B68002B01D101231CE0FB685B68104A934201D0072315E0FB689B786F
:2051600003F00303DBB2022B0DD1BB6803F00103002B01D0032307E07B6803F00103002B76
:2051800001D0032300E0002318461437BD465DF8047B70475549435380B586B000AFF86038
:2051A000B9607A603B60BB689B68002B01D1012349E0BB681B68002B01D1012343E0BB68E4
:2051C0005B68002B01D101233DE0BB685B681B68002B01D1012336E0BB685B685B68002B5A
:2051E00001D101232FE0BB685B681B687B617B683A681A60FB681B78002B04D03B6803F1DA
:205200000C027B681A60FB68DB695B78002B0AD17A69D378012161F30513D3703B6803F10D
:205220000B027B681A60BB689B681B68BA681068BA6852681146984738613B69002B01D076
:205240003B6900E0002318461837BD4680BD80B586B000AF7860396000237B613B68DB684A
:20526000002B18D03B68DB685B681B683B613B694FF400221A603B68D9683B691A1D7B682E
:205280001B6A05337868FFF787FF78617B69002B01D07B692EE03B681B69002B29D03B685C
:2052A0001B695B681B68FB60FB684FF000621A603B681969FB6803F108027B681B6A033327
:2052C0007868FFF769FF78617B69002B0CD03B68DB68002B08D03B68DB689B681B6A3A68D3
:2052E000D2681268104698477B69002B01D07B6900E07B6918461837BD4680BD80B586B0E5
:2053000000AF78603960786800F073F83B689B781A013B68DB78DB0013437B61F2233B61AD
:205320003B685B78032B04D17B6943F040037B6107E03B685B78002B03D13B6923F0100398
:205340003B617B681B6A7A69D2B21A707B681B6A3A69D2B29A713B68DB69BB60BB681B7B03
:205360005B00DAB27B681B6A02F00202D2B25A730023FB60BB685B78DB01DBB2FA68134302
:20538000FB60BB689B785B0103F02003FA681343FB607B681B6A00221A72BB681B78022BFE
:2053A00003D0BB681B78032B11D17B681B6AFF225A70BB681B78022B03D1FB6843F01003A1
:2053C000FB607B681B6AFA68D2B2DA710DE07B681B6AFA68D2B2DA717B681A6ABB685B6806
:2053E0001946104600F08CF800BF00BF1837BD4680BD80B485B000AF78607B681B78002BE6
:205400002ED00123FB607B68DB69DB68002B0FD17B68DB69DB69BB607B681B78013BBA6840
:20542000127A13401B0203F47063FA681343FB607B681B78013B1B039BB2FA681343FB6063
:20544000FB689AB27B681B6A42F0060292B29A827B681B6A9B8A9BB21A46FB689342F7D161
:2054600000BF1437BD465DF8047B704780B582B000AF78600B46FB701346BB7097F90230A4
:205480001846FFF7B9FA97F902301846FFF724FAF97897F902307A681846FFF75FFA00BF50
:2054A0000837BD4680BD80B582B000AF786039603B68997A3B6893F90B301A467868FFF790
:2054C000D5FF3B6819793B6893F905301A467868FFF7CCFF3B6899793B6893F907301A46E3
:2054E0007868FFF7C3FF3B68197A3B6893F909301A467868FFF7BAFF00BF0837BD4680BD49
:2055000080B483B000AF786039603B689A787B685A703B685B78C3F30103D9B27A6813787A
:2055200061F3010313703B68DA787B689A747B68DB79DBB223F05C03DAB23B681B7803F0BF
:205540005C03DBB21343DAB27B68DA7100BF0C37BD465DF8047B704790B58BB000AFF86038
:20556000B9601346FB71FB689B6A7B627B6A002B03D107F114037B6205E07B6A07F114045E
:205580000FCB84E80F00FB68DB691B781A467B6A1A607B6ABA689A607B6AFA791A71FB6876
:2055A000DA6A7B6ADA60FB685B6A786A9847FB689B6A002B07D0FB689B6A1C4607F114035C
:2055C0000FCB84E80F0000BF2C37BD4690BD80B586B000AFFFF730F90346FB7497F9133040
:2055E0001846FFF779F997F913301846FFF728FAF860FB68DB691B69002B40F08980FB6852
:205600001B69002B00F08480FB681B78002B52D0FB681B6ADB8AC3F30423DBB2BB60BB68AF
:205620007B612FE0FB689B7803F00303DBB2022B0BD1FB68DB681B88FA68126A6FEAC353E4
:205640006FEAD3539BB2D38105E0FB68DA68FB681B6A1278DA73FB681B69FA689278C2F3D9
:205660000102D2B29A1AFB681A61FB68DB68FA689278C2F30102D2B21A44FB68DA607B69E4
:2056800001337B61FB681B781A467B69934203D2FB681B69002BC5D1FB681B6A1B79DBB265
:2056A00003F07D03DBB243F00203FB71FB681B6AFA791A712CE0FB689B7803F00303DBB258
:2056C000022B0BD1FB68DB681B88FA68126A6FEAC3536FEAD3539BB2D38105E0FB68DA6881
:2056E000FB681B6A1278DA70FB681B69FA689278C2F30102D2B29A1AFB681A61FB68DB6827
:20570000FA689278C2F30102D2B21A44FB68DA60FB681B69002B1BD1FB681B6A9B78BB71C1
:20572000BB7943F00403BB71BB7903F07F03BB71FB681B6ABA799A70FB680022DA60FB68B3
:205740005B6A002B04D080220021F868FFF704FF00BF1837BD4680BD80B584B000AFFFF70D
:205760006BF80346FB7397F90F301846FFF7B4F897F90F301846FFF763F9B860BB68DB6942
:20578000DB68002B03D0BB689B69002B7AD1BB681B78002B0FD0BB681B6ADB8AC3F30403A1
:2057A000DBB2002B64D0BB681B6A1B8A9BB2C3F308037B6013E0BB689B7803F00303DBB218
:2057C000022B07D1BB681B6A1B8A9BB2C3F308037B6004E0BB681B6A5B79DBB27B60BB68A3
:2057E0009B69002B0AD1BB685B6A002B33D07B6804221946B868FFF7AFFE2CE0BB6858696E
:20580000BB689B78C3F30103DBB21A463B1D194609F022FDBB685B69BA689278C2F3010211
:20582000D2B21A44BB685A61BB689B69BA689278C2F30102D2B29A1ABB689A61BB689B6920
:20584000002B08D1BB685B6A002B04D001220021B868FFF781FEBB681B78002B09D0BB68A7
:205860001B6ADB8AC3F30403DBB2002B8FD100E000BFBB681B78002B14D0BB681B6ABE227D
:205880001A710FE0BB6800229A61BB6800225A61BB685B6A002B06D001220021B868FFF70B
:2058A0005BFE00E000BF00BF1037BD4680BD80B582B000AFFEF7C0FF0346FB7197F9073064
:2058C0001846FFF7BDF838603B681B6A9B78DAB23B681B6A02F07B02D2B29A703868FFF7A5
:2058E00017FC3B685B6A002B04D0022200213868FFF732FE97F907301846FEF7EDFF00BF5E
:205900000837BD4680BD80B584B000AFFEF794FF0346BB7297F90A301846FFF791F8786073
:205920000023FB607B681B78002B06D17B689B7803F00303DBB2022B07D17B681B6A1B8AE3
:205940009BB2C3F30803FB6004E07B681B6A5B79DBB2FB607B681B6A1B79DBB203F038031F
:20596000FB72FB7A03F01003002B0BD07B681B6A1B7FC3F30003DBB2002B03D1FB7A43F04A
:205980004003FB727B681B6A1B79DAB27B681B6A22F03802D2B21A717868FFF7B9FB7B689F
:2059A0005B6A002B05D0FB7A1A46F9687868FFF7D3FD97F90A301846FEF78EFF00BF103796
:2059C000BD4680BD80B483B000AFEFF303837B607B683B603B88C3F308039BB2DBB2103B07
:2059E000DBB25BB218460C37BD465DF8047B704780B483B000AF03463960FB7197F90730B3
:205A000004493A6841F8232000BF0C37BD465DF8047B7047B032FF1F80B483B000AF03462C
:205A2000FB710B4997F9073003F1C00251F822306FF3104341F82230054A97F90730C03345
:205A400052F8233000BF0C37BD465DF8047B70470060004080B584B000AF0346FB7197F91C
:205A600007301846FFF7D8FFBFF35F8F00BF97F90730FB60FB6803F01F02074997F90730B5
:205A80005B09012000FA02F2603341F8232000BF1037BD4680BD00BF00E100E080B584B055
:205AA00000AF0346B9607A60FB73BB68DAB2094997F90F301201D2B20B4483F8002397F9A9
:205AC0000F3079681846FFF793FF00BF1037BD4680BD00BF00E100E080B485B000AF034699
:205AE000FB7197F90730FB60FB6803F01F020749FB685B09012000FA02F241F8232000BF40
:205B00001437BD465DF8047B704700BF00E100E080B582B000AF0346FB7197F9073018463C
:205B2000FFF798FF97F907301846FFF7D5FF00BF0837BD4680BD80B584B000AF0346B96031
:205B40007A60FB7397F90F307A68B9681846FFF7A5FF97F90F301846FFF7DAFF00BF103731
:205B6000BD4680BD80B483B000AF0346FB7197F90730044A52F8233018460C37BD465DF86F
:205B8000047B7047B032FF1F80B588B000AF786039607B68FB61FB69002B01D10123AFE0EF
:205BA0003B68002B01D10123AAE03B685B6A002B01D10123A4E03B685B68534A934206D0DC
:205BC0003B685B68514A934201D0012398E03B6893F90F30002B01DA012391E03B6893F94A
:205BE0001030002B01DA01238AE0FB69DB68484A934201D10E2383E03B681B781F2B09D8FC
:205C00003B681B781A4640F21F33D34003F00103002B02D140F27A5372E03B685B6ABB618D
:205C2000BB691B78002B06D0BB69DB785BB2002B01DB012364E03B681B7803F1007303F524
:205C400060535B011A46FB691A61FB693A681A603B689A68FB695A603B681A7BFB691A728B
:205C60003B68DA69FB695A633B681A6AFB69DA63FB6900229A6300237B61EFF31083BB6043
:205C8000BB687B610123FB60FB6883F3108800BF204B5A683B681B7819464FF00043CB4007
:205CA000DB431C4913404B601A4B5B687B693B613B6983F3108800BF3968F86900F023F93C
:205CC000FB6900229A61FB690022DA61FB6900221A62FB6900225A62FB69002283F82D20F0
:205CE000FB69002283F82E20FB69002283F82F20FB69002283F83020FB69054ADA600023A4
:205D000018462037BD4680BDA0860100801A060043324953FC6F044080B586B000AFF86095
:205D2000B9607A60FB70FB68002B01D1012312E07B68002B01D101230DE000237B61FB683C
:205D4000FA7883F82E2001237A68B968F86800F05BF878617B6918461837BD4680BD80B55F
:205D600086B000AFF860B9607A60FB70FB68002B01D101230DE000237B61FB68FA7883F8C8
:205D80002E2000237A68B968F86800F03DF878617B6918461837BD4680BDFFFF80B487B0F7
:205DA00000AFF860B9601346FB71FB687B6100233B617B69002B01D101231CE07B69DB68D8
:205DC000104A934201D0072315E07B691B6A002B08D17B6993F83030DBB283F00103DBB2D7
:205DE000002B01D1082306E07B69BA685A607B69FA791A723B6918461C37BD465DF8047BC6
:205E0000704700BF4332495380B586B000AFF860B9607A60FB70FB687B61BB68002B01D1CC
:205E2000012336E07B69DB681C4A934201D007232FE0FB685B6B002B01D1012329E07B6985
:205E4000BA689A617B697A68DA617B691B7A012B12D17B69002283F829207B695B68DBB29E
:205E60005B00DAB2FB781343DAB27B6983F828207B69012283F82A20FB78002B14BF0123DE
:205E80000023DAB27B6983F82D20786900F099F8002318461837BD4680BD00BF4332495365
:205EA00080B586B000AF78600B46FB707B689B6B7B617B69002B03D107F10C037B6106E0C3
:205EC0007A6907F10C0392E8030083E803007B68DA6B7B691A607B69FA781A717B685B6BDD
:205EE000786998477B689B6B002B08D07B689B6B1A4607F10C0393E8030082E8030000BFFC
:205F00001837BD4680BD80B584B000AF786039607B681B685B6AFB607B681B6900229A7050
:205F20007B681B69F022DA72FB689A787B681B6902F00302D2B21A707B681B69FA229A712D
:205F40007B681B69FA6852785A70FB681B789B00DAB27B681B6942F02002D2B2DA717B685A
:205F60001B69FA6852791A727B681B69FA68D2789A74FB681B79DB00DAB27B681B6942F0CC
:205F80000102D2B25A727B681B6923229A727B681B6900225A733B6893F90F003B685B7BE9
:205FA0007A681946FFF7C7FD3B6893F910003B685B7B7A681946FFF7BEFD00BF1037BD4633
:205FC00080BD80B483B000AF78607B68002283F82C207B6800225A627B68DA697B681A6284
:205FE0007B6893F82A207B6883F82B207B68002283F82F207B68002283F831207B6800229B
:2060000083F833207B6893F82D30DBB2002B03D07B68012283F831207B681B69B4229A7043
:206020007B6893F83030DBB283F00103DBB2002B04D07B681B695122DA7222E07B680022D5
:2060400083F830207B6893F82A30012B03D17B6893F8283002E07B6893F829307A681269E1
:20606000D3707B6893F82B30013BDAB27B6883F82B207B6893F82C300133DAB27B6883F8BB
:206080002C2000BF0C37BD465DF8047B704780B582B000AFFFF796FC03461846FFF7BCFC31
:2060A000FFF790FC0346FB7197F907301846FFF759FD3860386800F01EF800BF0837BD46F9
:2060C00080BD80B582B000AFFFF77CFC0346FB7197F907301846FFF745FD3860386800F0C5
:2060E00058F8FFF76FFC03461846FFF795FC00BF0837BD4680BD80B582B000AF78607B68B2
:206100001B691B7BC3F30003DBB2002B3AD17B6893F82A207B6893F82C309A4226D07B68B2
:2061200093F82D30DBB2002B09D07B6893F82C30022B04D17B681B695222DA7225E07B680B
:206140001B697A6892F82820DA707B6893F82B30013BDAB27B6883F82B207B6893F82C30B9
:206160000133DAB27B6883F82C200EE07B681B6A002B03D0786800F061F806E0786800F082
:206180003AF902E0786800F0FBF800BF0837BD4680BD80B584B000AF78607B681A69D37A46
:2061A0006FF3C303D3727B6893F82F30DBB2002B08D07B681B69F022DA7201217868FFF758
:2061C0006FFE37E07B6893F82A207B6893F82C309A4203D0786800F08BF82BE07B681B6A44
:2061E000002B27D17B6893F82D30DBB2002B01D0022300E00323FB737B6893F83030DBB234
:20620000002B04D07B681B690022DA720DE07B681B69F022DA727B681B699B78DAB27B680F
:206220001B6922F03002D2B29A70FB7B19467868FFF736FE00BF1037BD4680BD80B485B07A
:2062400000AF7860FF23FB737B6893F82D30DBB283F00103DBB2002B11D07B689A697B68F6
:206260005B6A13441B78FB737B681B6A5A1E7B681A627B685B6A5A1C7B685A622EE07B6814
:2062800093F83130DBB2002B0CD07B68002283F831207B681B6A012B18D97B681B6900229F
:2062A0009A7213E07B681A697B6899697B685B6A0B445279D2B21A707B681B6A5A1E7B6801
:2062C0001A627B685B6A5A1C7B685A627B681B6A012B03D17B681B6920229A727B681B6901
:2062E000FA7BDA7000BF1437BD465DF8047B704780B485B000AF78600023FB737B6893F858
:206300002C30002B0DD17B6893F82A30012B03D17B6893F8283002E07B6893F82930FB7373
:2063200010E07B6893F82D30DBB2002B0AD07B6893F82C30022B05D17B6893F8293043F049
:206340000103FB737B681B690022DA727B681B69FA7BDA707B6893F82B30013BDAB27B685C
:2063600083F82B207B6893F82C300133DAB27B6883F82C2000BF1437BD465DF8047B70478B
:2063800080B582B000AF78607B6893F82D30DBB283F00103DBB2002B05D17B6893F83130E3
:2063A000DBB2002B0BD07B6800221A627B68012283F82F207B681B695422DA7217E07B68F6
:2063C0001A697B6899697B685B6A0B445279D2B21A707B681B6A5A1E7B681A627B685B6A9E
:2063E0005A1C7B685A62786800F005F800BF00BF0837BD4680BD80B483B000AF78607B68ED
:2064000093F82E30DBB2002B08D07B681B695222DA727B68012283F8302003E07B681B69C1
:206420005422DA7200BF0C37BD465DF8047B704780B485B000AF0023FB60EFF310837B6024
:206440007B68FB600123BB60BB6883F3108800BF0D4B1B68002B05D10C4B0022DA700B4BDA
:206460004022DA70084B1B680133074A1360FB683B603B6883F3108800BF00BF1437BD4627
:206480005DF8047B704700BFAC32FF1F000D044080B485B000AF0023FB60EFF310837B607F
:2064A0007B68FB600123BB60BB6883F3108800BF0F4B1B68002B04D00D4B1B68013B0C4A26
:2064C00013600B4B1B68002B05D10A4B0022DA70084B8022DA70FB683B603B6883F31088C0
:2064E00000BF00BF1437BD465DF8047B704700BFAC32FF1F000D044080B584B000AF786049
:2065000039607B68FB60FB68002B01D1012318E03B68002B01D1012313E03B685B68002BE0
:2065200001D101230DE0FB681B68084A934201D10E2306E0FB68054A1A60386800F008F8C6
:20654000002318461037BD4680BD00BF54524F5080B584B000AF7860786800F061F87B6833
:20656000BB60FFF765FF0023FB8111E0BB685A68FB89DB0013449888BB685A68FB89DB0017
:2065800013441B68194600F00FF8FB890133FB81BB681B88FA899A42E8D3FFF779FF00BF8A
:2065A0001037BD4680BDFFFF80B483B000AF03463960FB803B6803F48033002B1CD017491F
:2065C000FB881B0A9BB21A46FB88DBB212011A4451F822306FF3104341F822300F48FB8830
:2065E0001B0A9BB21946FB88DBB23A6822F4803209010B4440F823200849FB881B0A9BB236
:206600001A46FB88DBB2120113443A6841F8232000BF0C37BD465DF8047B704700080440A6
:2066200080B586B000AF786000237B619FE000233B6195E07B685A687B69DB0013449A88D9
:2066400051493B6931F813309A4240F086807B685A687B69DB0013441B6803F0F853FB60A7
:20666000FB68B3F1807F03D0FB68B3F1106F39D1464B93F8BB34DAB201213B6901FA03F363
:20668000DBB21340DBB2002B13D1012003F066F93E4B93F8BB34DAB201213B6901FA03F3C5
:2066A000DBB23A491343DBB281F8BB34012003F005F9374A3B69203312F81330C3F3C0131F
:2066C000DBB2002B49D132493B6903F1200211F8123043F0800301F812300121C82002F07B
:2066E000D5FF3AE0294B93F8BB34DAB201213B6901FA03F3DBB21340DBB2002B15D00120DD
:2067000003F02CF9214B93F8BB34DAB201213B6901FA03F3DBB2DB43DBB21C491340DBB2BB
:2067200081F8BB34012003F0C9F8194A3B69203312F81330C3F3C013DBB2002B0DD01449FA
:206740003B6903F1200211F812306FF3C71301F812300121C82002F099FF3B6901333B61B5
:206760003B69022B7FF666AF7B6901337B617B681B881A467B699342FFF459AF00BF00BFB2
:206780001837BD4680BD00BFF839030000E001400040044080B483B000AFEFF303837B6079
:2067A0007B683B603B88C3F308039BB2DBB2103BDBB25BB218460C37BD465DF8047B7047E9
:2067C00080B487B000AF0346FB710E4B1B6A7B61FB797A6922FA03F303F007033B617B694A
:2067E0001B0E03F00703FB60074B1A68FB689A403B6922FA03F318461C37BD465DF8047BC9
:20680000704700BF00E001403C34FF1F80B483B000AF03463960FB7197F9073004493A6839
:2068200041F8232000BF0C37BD465DF8047B7047B032FF1F80B483B000AF0346FB710B492D
:2068400097F9073003F1C00251F822306FF3104341F82230054A97F90730C03352F823303A
:2068600000BF0C37BD465DF8047B70470060004080B584B000AF0346FB7197F907301846F6
:20688000FFF7D8FFBFF35F8F00BF97F90730FB60FB6803F01F02074997F907305B09012097
:2068A00000FA02F2603341F8232000BF1037BD4680BD00BF00E100E080B584B000AF0346B4
:2068C000B9607A60FB73BB68DAB2094997F90F301201D2B20B4483F8002397F90F30796853
:2068E0001846FFF793FF00BF1037BD4680BD00BF00E100E080B485B000AF0346FB7197F98F
:206900000730FB60FB6803F01F020749FB685B09012000FA02F241F8232000BF1437BD46BF
:206920005DF8047B704700BF00E100E080B582B000AF0346FB7197F907301846FFF798FFCF
:2069400097F907301846FFF7D5FF00BF0837BD4680BD80B584B000AF0346B9607A60FB7348
:2069600097F90F307A68B9681846FFF7A5FF97F90F301846FFF7DAFF00BF1037BD4680BD0B
:2069800080B483B000AF0346FB7197F90730044A52F8233018460C37BD465DF8047B70474B
:2069A000B032FF1F80B584B000AF786039607B68FB603B68002B01D1012363E03B68DB6922
:2069C000002B01D101235DE0FB68002B01D1012358E03B681B7A03F00103DBB2002B03D1E2
:2069E0003B681B7A0A2B01D901234BE03B681B78032B01D9052345E0FB681B68234A93424E
:206A000001D10E233EE03B681B7C1A46012303FA02F2FB68DA60FB68DB68C3F30C03002B73
:206A200002D140F27A532DE03B685B69002B03D13B681B78012B06D13B6893F91230002B3C
:206A400001DA0B231EE03B68DB69BB60BB689B69002B03D1BB68DB69002B07D0FB68DB68F8
:206A6000C3F30C03002B01D105230BE03968F86800F060F93968F86800F08CF9FB68034AD1
:206A80001A60002318461037BD4680BD5450470080B485B000AF78607B68FB60FB68002BCD
:206AA00001D101230CE0FB681B68084A934201D0072305E0FB689B68FA68D2689A600023E8
:206AC00018461437BD465DF8047B70475450470080B485B000AF78607B68FB60FB68002BD8
:206AE00001D101230CE0FB681B68084A934201D0072305E0FB689B68FA68D2685A600023E8
:206B000018461437BD465DF8047B70475450470080B58CB000AFF860B9607A607B6803F012
:206B200003037B62FB683B623B6A002B01D10123B2E07B6A022B01D90123ADE07B6803F0A7
:206B40000C03002B14BF01230023FB773B6A5B681B78062B04D1FB7F002B0ED105239BE047
:206B6000FB7F83F00103DBB2002B06D13B6A5B681B78032B01D005238EE03B6A1B68484A4B
:206B8000934201D0072387E03B6A9B685B6E0133BA689A4201D903237EE04FF0FF333B61B0
:206BA00000237B6107F110027B68B968386A00F088FA386A00F0B3F8B8613B6A9B681B6B30
:206BC000FB627B69002B29D10223BB627B6803F00803002B01D00423BB627B6803F0020311
:206BE000002B11D03B6A99683A69BB6A12339B000B445A603B6A9968BB6A01333A6912334B
:206C00009B000B445A6009E03B6A99687A6ABB6A13443A6912339B000B445A607B6803F07F
:206C20004003002B07D03B6A9B681A6C3B6A9B6842F480021A647B6A012B08D0FB6A23F49E
:206C40004033FB627B691B04FA6A1343FB627B68022B09D17B69002B06D007F1100201234D
:206C6000B968386A00F02DFA7B6A002B08D0FB6A23F04073FB627B691B06FA6A1343FB62AE
:206C80003B6A9B68FA6A1A63BB6943F425431946386A00F039F8002318463037BD4680BD5E
:206CA0005450470080B586B000AF786039607B687B617B69002B01D101231FE03B68002BCD
:206CC00001D101231AE07B691B680E4A934201D0072313E07B699B685B6E3B613B6901331E
:206CE000FB603B68FA689A60786900F05FFA02463B685A603B6801221A700023184618374B
:206D0000BD4680BD5450470080B483B000AF7860396000BF0C37BD465DF8047B704780B4FD
:206D200083B000AF7860002318460C37BD465DF8047B704780B485B000AF786039607B68DB
:206D40003A685A607B6801221A747B68DB68C3F30C03002B02D07B6800221A743B681B7C8E
:206D600003F5800303F5F0631B02FB60FA687B689A603B685A697B685A613B689A697B6809
:206D8000DA617B6800229A6100BF1437BD465DF8047B704780B596B000AF786039603B68E2
:206DA000DB69FB640023BB64EFF310837B627B6ABB640123BB62BB6A83F3108800BF044B16
:206DC000DB683A68127C072A04D86FF0200203E0FC6F04406FF040027E491340CB607D4B72
:206DE000DB68BB6C3B623B6A83F3108800BF7B68DB6803F00F03002B1ED000237B64EFF3F2
:206E000010837B617B697B640123BB61BB6983F3108800BF704B5B889AB27B68DB689BB2B2
:206E2000DB439BB26C4913409BB24B807B6CFB61FB6983F3108800BF7B689B684FF42542C3
:206E40001A607B689B680022DA627B689B680022DA637B689B6800229A643B681B7A5B088E
:206E6000DBB23B643B6C1B067B653B685B68013BFB633B681B78032B03D17B6D43F4803334
:206E80007B657B689B687A6DDA62786800F0E2F87B689B68FA6C9269DA617B689B68FA6C91
:206EA000D2691A627B689B68FA6B9A667B689B68FA6B5A660023BB63FB6CDB6A3B654FF0F9
:206EC000FF33FB6000233B613B681B78002B06D13B685B685B08013B7B637B6BFB603B6867
:206EE0001B78012B07D93B68D96807F10C020023786800F0E6F87B689B68FA685A657B684E
:206F00009B68FA689A653B691B04BA6B1343BB633B691B06BA6B1343BB63FB6CDB6A002B7C
:206F20001ED1FB6C1B78002B0AD0FB6C5B781946386800F053F938633A6D3B6B13433B6510
:206F4000FB6C9B78002B0BD0FB6CDB781946386800F044F9F862FB6A1B043A6D13433B6550
:206F60003B681B7C1A46FF23D34003F00103002B03D07B689B6800225A647B689B6800227F
:206F80009A637B689B680022C3F88820FB6CDB6A002B0DD1FB6C93F820305B033A6D134337
:206FA0003B65FB6C93F821305B073A6D13433B657B689B684FF4AA021A643B681B78012B3A
:206FC0000CD17B689B680022DA647B689B6800221A6503E0FC6F044000B007407B689B6898
:206FE0007A68D268DA607B689B683A6D5A637B689B68BA6B42F003021A637B689B68BA6B27
:2070000042F001021A634AF201517868FFF77CFE3B6893F912003B685B7C7A68194600F0F4
:207020003AF8FB6C93F92400FB6C93F822307A68194600F030F8FB6C93F92500FB6C93F860
:2070400023307A68194600F026F800BF5837BD4680BD00BF80B483B000AF78607B689B686D
:207060004FF000421A617B689B684FF000425A617B689B684FF000429A617B689B68002288
:207080005A627B689B6800229A6200BF0C37BD465DF8047B704780B584B000AF0346B96026
:2070A0007A60FB7397F90F30002B06DB97F90F307A68B9681846FFF74CFC00BF1037BD4636
:2070C00080BD80B48BB000AFF860B9607A603B60FB689B689B6EFB61FB690133FB61BB688D
:2070E000002B0CBF01230023FB76BA68FB699A422CBF01230023BB76FB7E002B02D1BB7E6D
:20710000002B44D03B6803F00103002B07D1FB689B685B6BC3F30403DBB27B6206E0FB68F7
:207120009B685B6BC3F30443DBB27B62FB685B681B78032B09D97B6A03F01003002B0CBF75
:207140000123002387F8233008E07B6A03F00C03042B0CBF0123002387F82330FB7E002B90
:2071600006D097F8233083F00103DBB2002B06D1BB7E002B07D097F82330002B03D07B6853
:2071800002225A600CE07B6803225A6008E0BB687B617B69013B7B617B687A691A6000BF81
:2071A00000BF2C37BD465DF8047B704780B584B000AF78607B689B68DB6AC3F30263DBB25C
:2071C0005B00FB730020FFF7FBFAB860FB7BBA6822FA03F318461037BD4680BD80B485B0CB
:2071E00000AF78600B46FB70FB789A01FB781B01134343F48073BB600923FB607B681B7817
:20720000022B0BD07B681B78032B02D10323FB6004E0FB78002B01D10623FB60BA68FB6811
:207220001343BB60BB6818461437BD465DF8047B704790B589B000AFF8600B467A60FB7266
:20724000FB689B69FB61FB69002B03D107F11003FB6105E0FA6907F1100307CA83E807000B
:20726000FB69FA7A1A71FB697A689A60FB68DA69FB691A60FB685B69F8699847FB689B6919
:20728000002B08D0FB689B691C4607F1100393E8070084E8070000BF2437BD4690BD80B583
:2072A00084B000AFFFF776FA0346FB7397F90F301846FFF7BFFA97F90F301846FFF760FB74
:2072C000B860BB685B681B78012B20D1B868FFF726FD7860BB689B68BA68D2689A60BB6850
:2072E0009B6800229A64BB689B680022DA64BB689B6800221A657B6843F425431946B8681D
:20730000FFF702FD97F90F301846FFF7B1FABB685B69002B04D000220021B868FFF789FFE3
:2073200000BF1037BD4680BD80B483B000AFEFF303837B607B683B603B88C3F308039BB25F
:20734000DBB2103BDBB25BB218460C37BD465DF8047B704780B487B000AF0346FB710E4B64
:207360001B6A7B61FB797A6922FA03F303F007033B617B691B0E03F00703FB60074B1A6871
:20738000FB689A403B6922FA03F318461C37BD465DF8047B704700BF00E001403C34FF1F4D
:2073A00080B400AF044B0022A3F8002100BFBD465DF8047B704700BF00C0014080B400AFCD
:2073C000094B0122A3F80421074BB3F804319BB2002BF9D1044B0122A3F8002100BFBD4612
:2073E0005DF8047B704700BF00C0014080B483B000AF03463960FB7197F9073004493A6828
:2074000041F8232000BF0C37BD465DF8047B7047B032FF1F80B483B000AF0346FB710B4941
:2074200097F9073003F1C00251F822306FF3104341F82230054A97F90730C03352F823304E
:2074400000BF0C37BD465DF8047B70470060004080B584B000AF0346FB7197F9073018460A
:20746000FFF7D8FFBFF35F8F00BF97F90730FB60FB6803F01F02074997F907305B090120AB
:2074800000FA02F2603341F8232000BF1037BD4680BD00BF00E100E080B584B000AF0346C8
:2074A000B9607A60FB73BB68DAB2094997F90F301201D2B20B4483F8002397F90F30796867
:2074C0001846FFF793FF00BF1037BD4680BD00BF00E100E080B485B000AF0346FB7197F9A3
:2074E0000730FB60FB6803F01F020749FB685B09012000FA02F241F8232000BF1437BD46D4
:207500005DF8047B704700BF00E100E080B582B000AF0346FB7197F907301846FFF798FFE3
:2075200097F907301846FFF7D5FF00BF0837BD4680BDFFFF80B485B000AF0346FB7197F9C3
:207540000730FB60FB6803F01F020B4997F907305B09012000FA02F2203341F82320BFF313
:207560004F8F00BFBFF36F8F00BF00BF1437BD465DF8047B704700BF00E100E080B584B07E
:2075800000AF0346B9607A60FB7397F90F307A68B9681846FFF780FF97F90F301846FFF7CA
:2075A000B5FF00BF1037BD4680BDFFFF80B483B000AF0346FB7197F90730044A52F8233056
:2075C00018460C37BD465DF8047B7047B032FF1F80B584B000AF786039607B68FB60002392
:2075E000BB603B68002B01D101235BE0FB68002B01D1012356E0FB681B682C4A934201D1B4
:207600000E234FE03B681B78002B0DD03B6893F91130002B01DA0B2344E03B6893F9133092
:20762000002B01DA0B233DE0FB683A685A603B681B78002B23D03B685A68FB689A633B687E
:20764000DA68FB681A64FB680022DA63184B01221A763B6893F911003B681B7CFA681946F4
:20766000FFF78CFF124B98221A753B6893F913003B689B7CFA681946FFF780FF05E00C4B75
:2076800000221A760A4B00221A75F86800F0EAF9B860BB68002B01D0BB6803E0FB68034A12
:2076A0001A60BB6818461037BD4680BD4E45504F00E07F4080B586B000AFF860B9607A6012
:2076C0003B60FB683B6100237B6101233A687968386900F02FF978617B69002B01D07B6914
:2076E00021E03B685A083B691A633B69BA689A623B697A68DA623B69002283F834207B6867
:207700000B4A93420AD8BB68B3F5002F01D8012309E0386909F0F0FF786103E0386900F0A7
:20772000C2F878617B6918461837BD4680BD00BFFFFF0F4080B58CB000AFF860B9607A606E
:20774000FB68FB610023FB62F86900F065F9F862FB6A002B01D0FB6A73E0FB695B681B780E
:20776000002B05D0FB699B6B002B01D1012368E07B68002B01D1152363E0FB69002283F8DA
:207780003420BB68314A934236D80023BB6200237B62BB68B3F5803F0BD2BB6823F4FF53E1
:2077A00023F01F03BB62BB6AC3F580335B0B7B6205E0BB6823F4FF4323F07F03BB627B6AAC
:2077C0005B033B627A687B6A9A4206D97A687B6AD31ADB033A6A13443B62BA6A3B6A1344E2
:2077E000B3F5002F01D915232BE07A68B96AF86909F08EFFF86223E0BB6823F03F03BB61B8
:207800007B689B017B61BB69104A934203D9BB690F4A934201D3162313E0BA697B6913442E
:207820000B4A934201D915230BE07A68B969F86900F0B6F9F862FB6A002B01D0FB6A00E01D
:20784000FB6A18463037BD4680BD00BFFFFF0F400020104080B584B000AF78600B46FB7096
:207860001346BB707B68FB600023BB60F86800F0D3F8B860BB68002B01D0BB680FE0FB7831
:20788000002B04D1BB78002B01D1012307E0BA78FB781946F86809F04BFFB860BB6818466D
:2078A0001037BD4680BD80B586B000AF786000237B61786800F0B2FA78617B69002B01D01B
:2078C0007B6932E07B685B681B78002B06D07B68012283F8342000233B6102E07B68DB68DC
:2078E0003B613A690421786809F01EFF78617B685B681B78002B01D07B6916E018224FF4C9
:207900008051786909F008FF78617B681B6B002B02D07B69002BE4D009F0F6FEF8607B698A
:20792000002B01D1FB687B617B6918461837BD4680BDFFFF80B588B000AFF860B9607A60D5
:20794000FB70F86800F068F8B861BB69002B01D0BB6956E0FB685B681B78002B05D0FB685D
:207960009B6B002B01D101234BE0BB68274A934213D84FF400237B61BA687B699A4201D963
:2079800016233EE0BA687B6813447A699A4201D2172336E08023FB6113E0BB681B4A934203
:2079A00003D9BB681A4A934201D3162329E0BA687B681344164A934201D9172321E00423AC
:2079C000FB61FB78002B0FD0FB695A1EBB681340002B01D0162314E0FB695A1E7B68134041
:2079E000002B01D017230CE07B68002B01D1172307E0FB681B68074A934201D0072300E07D
:207A0000002318462037BD4680BD00BFFFFF0F40002010404E45504F80B483B000AF7860B2
:207A20007B68002B01D1012311E07B681B680B4A934201D007230AE0094BB3F884309BB2DC
:207A400003F08103002B01D0082300E0002318460C37BD465DF8047B704700BF4E45504F65
:207A600000E07F4080B586B000AF78607B68002283F83420424B012283F816241C20FFF70A
:207A800069FC78611820FFF765FC38617B693D4A934202D84FF4FB736DE07B6903F57423F5
:207AA00003F23F23384AA2FB03239B0CFB603B6903F5742303F23F23334AA2FB03239B0CB7
:207AC000BB60FB689BB2314A03F5F0539BB2A2F8E430BB6843F6B85202FB03F32C4AA2FBBE
:207AE00003239A087B689A60BB6840F6D86202FB03F3274AA2FB03239A087B68DA60BB6845
:207B00005B00234AA2FB03239A087B681A61BB68542202FB03F31E4AA2FB03239A087B689E
:207B20005A61BB681B4A02FB03F3194AA2FB03239A087B689A61BB6844F2506202FB03F36B
:207B4000134AA2FB03239A087B685A62BB68124A02FB03F30E4AA2FB03239A087B681A6236
:207B6000BB680E4A02FB03F3094AA2FB03239A087B68DA61002318461837BD4680BD00BFF2
:207B800000E00140FF083D0083DE1B4300E07F40ABAAAAAA38AF040080DE0F00A0F7030087
:207BA00080B588B000AFF860B9607A600023FB61FB68BA689A62FB687A681A63F86800F04C
:207BC0002DF9F861FB69002B02D04FF4FA7336E0FB685B681B78002B06D0FB68022283F843
:207BE00034200023BB6102E0FB685B6ABB61164B0122A3F8E020BA694021F86809F080FD53
:207C0000F861FB685B681B78002B01D0FB6916E019224FF40051F86909F07EFDF861FB689C
:207C20001B6B002B02D0FB69002BE4D009F06CFD7861FB69002B01D17B69FB61FB691846E0
:207C40002037BD4680BD00BF00E07F4080B584B000AFFFF769FB0346BB7397F90E3018461A
:207C6000FFF7A4FCB8601E4B1B7CDBB27B601C4BD3F880201B4B13403B607B6803F00803E7
:207C8000002B02D00423FB7319E07B6803F08003002B02D00523FB7311E07B6803F0100393
:207CA000002B0AD03B6803F44053002B02D00723FB7304E00623FB7301E00723FB73B868E9
:207CC00009F02EFD97F90E301846FFF7A3FBFB7B1946B86800F06EF800BF1037BD4680BD2F
:207CE00000E07F404070F00080B584B000AF0023FB73FFF719FB03467B7397F90D30184630
:207D0000FFF754FCB86097F90D301846FFF782FBBB6893F83430012B17D1BB681B6B002B6D
:207D20000ED000220421B86809F0FEFC78607B68002B2BD0B86809F0F3FC0723BB7325E0C5
:207D40000123BB730123FB7320E0BB6893F83430022B0ED1BB681B6B002B05D000224021F5
:207D6000B86809F0CDFC11E00023BB730123FB730CE00123FB730E4B93F8D430DBB2012B2E
:207D800002D10323BB7301E00223BB73FB7B002B0AD009F0B9FCBB68002283F83420BB7B15
:207DA0001946B86800F006F800BF1037BD4680BD00E07F4080B586B000AF78600B46FB70C3
:207DC0007B68DB6B7B617B69002B03D107F10C037B6106E07A6907F10C0392E8030083E820
:207DE00003007B69FA781A707B681A6C7B695A607B689B6B786998477B68DB6B002B08D0C4
:207E00007B68DB6B1A4607F10C0393E8030082E8030000BF1837BD4680BDFFFF80B584B032
:207E200000AF78600023FB604FF49643BB607B685B681B78002B0DD07B685B6893F9113052
:207E40001846FFF763FB7B685B6893F913301846FFF75CFB0C4B4AF68022A3F8842008E0F0
:207E6000BB68002B02D14FF4FA7309E0BB68013BBB60054BB3F884309BB2802BF0D1FB6803
:207E800018461037BD4680BD00E07F4080B586B000AF786039607B687B617B69002B01D133
:207EA000012344E07B691B68234A934201D10E233DE03B68002B01D1012338E03B685B686F
:207EC000002B01D1012332E000F046FA3B685B683B613B691B78FB7397F90F30002B01DAC3
:207EE0000B2324E097F90F30144A52F82330002B01D008231BE07B69FA7B1A713B681B685A
:207F0000002B10D03B681B68184600F0BAFAB860BB68002B01D0BB6809E03B681B68194666
:207F2000786900F059FA7B69034A1A60002318461837BD4680BD00BF004354440000FE1FAB
:207F400080B584B000AF786039607B68FB60FB68002B01D1012341E0FB681B68214A93428F
:207F600001D007233AE03B68002B01D1012335E0386800F086FA0346002B01D001232DE08D
:207F80001949FB6893F9043003F1C00251F822306FF3186341F82230134AFB6893F9043023
:207FA000C03352F82330C3F308039BB243F40043BB6000BF0D4BDB899BB21A46BB6893426E
:207FC000F8D03968F86800F007FAF86800F09AF90346002B01D0132300E0002318461037E1
:207FE000BD4680BD00435444006000400054004080B586B000AFF860B9607A607B80FB686F
:208000007B617B69002B01D101237BE07B691B683E4A934201D0072374E03D497B6993F91B
:20802000043003F1C00251F822306FF3186341F82230374A7B6993F90430C03352F823309E
:20804000C3F308039BB243F400433B6100BF314BDB899BB21A463B699342F8D02D4B0822CD
:208060001A70BB68002B08D07B6993F904301A46294B53F82230BA685A607B68002B08D079
:208080007B6993F904301A46234B53F822307A689A607B6993F904301A461F4B53F82230EA
:2080A000DB7823F03F03DBB2802B09D17B6993F904301A46184B53F822307A889A8115E0F0
:2080C0007B6993F904301A46134B53F82230DB7823F03F03DBB2002B08D17B6993F90430C4
:2080E0001A460D4B53F822307A88DA81094B18221A70786900F006F90346002B01D013236B
:2081000000E0002318461837BD4680BD0043544400600040005400400000FE1F80B483B0DC
:2081200000AF78600B46FB70062318460C37BD465DF8047B704780B483B000AF786006238D
:2081400018460C37BD465DF8047B704780B584B000AF78607B68FB60FB68002B01D101233E
:208160000AE0FB681B68064A934201D0072303E0F86800F0C7F8034618461037BD4680BDEF
:208180000043544480B485B000AF78607B68FB60FB68002B01D1012313E0FB681B680C4A23
:2081A000934201D007230CE00A49FB6893F9043003F1C00251F822306FF3186341F82230D4
:2081C000002318461437BD465DF8047B704700BF004354440060004080B485B000AF78601B
:2081E00039607B68FB60FB68002B01D1012347E0FB681B68254A934201D0072340E03B6815
:20820000002B01D101233BE0FB6893F904301A461F4B53F82230BB603B6800221A603B689B
:2082200000225A60BB68DB7823F03F03DBB2002B1BD03B684FF480729A60BB68DB899BB24E
:20824000DAB23B68DA60BB68DB7823F03F03DBB2802B14D13B684FF480321A60BB689B8974
:208260009BB21A463B685A6009E03B684FF480329A60BB68DB899BB21A463B68DA60002345
:2082800018461437BD465DF8047B7047004354440000FE1F80B485B000AF78607B68FB6081
:2082A0000023BB60FB68002B01D101231EE0FB681B68114A934201D0072317E00F49FB683B
:2082C00093F9043003F1C00251F822306FF3186341F82230FB6893F904301946084B00222E
:2082E00043F82120FB6800221A60BB6818461437BD465DF8047B704700435444006000402E
:208300000000FE1F80B584B000AF78607B6893F904301A460E4B53F82230184600F0F7F81A
:20832000F860FB68002B01D0FB680CE009497B6893F9043003F1C00251F8223043F08073CB
:2083400041F82230002318461037BD4680BD00BF0000FE1F0060004080B584B000AF1A4B91
:208360001B7883F00103DBB2002B29D0164B01221A700023FB60EFF310833B603B68FB60A8
:2083800001237B607B6883F3108800BF0F4BDB690E4A23F48003D3610C4BDB69FB68BB6051
:2083A000BB6883F3108800BF4FF4C0720021084806F0A8F8074B064A5A60064B01221A73F4
:2083C00000BF1037BD4680BD6832FF1F00E001400000FE1F0054004080B582B000AF7860DF
:2083E0003960386800F016F8084B08221A707B6893F904301946064A3B6842F82130034B71
:2084000018221A7000BF0837BD4680BD005400400000FE1F80B485B000AF78600023FB603B
:20842000FB681B017A681344DB7823F03F03DBB2002B13D0FB681B017A681344DB899BB2D8
:20844000FB72FB7A1B021AB2FB7A1BB2134319B2FB681B017A6813448AB2DA81FB685A1CC6
:20846000FA601B017A6813449B7823F03F03DBB2002BD5D100BF00BF1437BD465DF8047BE7
:20848000704780B485B000AF78600023FB60FB681B017A681344DB7803F00C03DBB2042BEE
:2084A00001D106232DE0FB681B017A6813449B7803F00C03DBB2042B01D1062321E0FB68CC
:2084C0001B017A681344DB7823F03F03DBB2002B0AD0FB681B017A681344DB899BB2B3F5FC
:2084E000807F01D901230CE0FB685A1CFA601B017A6813449B7823F03F03DBB2002BC6D154
:20850000002318461437BD465DF8047B704780B485B000AF78600023FB60FB681B017A6832
:208520001344DB7803F00C03DBB2042B01D1062358E0FB681B017A6813449B7803F00C03D3
:20854000DBB2042B01D106234CE0FB681B017A6813445B68002B01D1012343E0FB681B01FA
:208560007A6813449B68002B01D101233AE0FB681B017A6813449B681946FB681B017A6809
:208580001344DB78C3F30113DBB21A4601239340013B0B40002B01D0012323E0FB681B015A
:2085A0007A6813445B681946FB681B017A681344DB78C3F30113DBB21A4601239340013B6B
:2085C0000B40002B01D001230CE0FB685A1CFA601B017A6813449B7823F03F03DBB2002B9C
:2085E0009BD1002318461437BD465DF8047B704780B483B000AFEFF303837B607B683B60DE
:208600003B88C3F308039BB2DBB2103BDBB25BB218460C37BD465DF8047B704780B487B07D
:2086200000AF0346FB710E4B1B6A7B61FB797A6922FA03F303F007033B617B691B0E03F01A
:208640000703FB60074B1A68FB689A403B6922FA03F318461C37BD465DF8047B704700BFF0
:2086600000E001403C34FF1F80B483B000AF03463960FB7197F9073004493A6841F82320B5
:2086800000BF0C37BD465DF8047B7047B032FF1F80B483B000AF0346FB710B4997F9073064
:2086A00003F1C00251F822306FF3104341F82230054A97F90730C03352F8233000BF0C3781
:2086C000BD465DF8047B70470060004080B584B000AF0346FB7197F907301846FFF7D8FFAD
:2086E000BFF35F8F00BF97F90730FB60FB6803F01F02074997F907305B09012000FA02F2F8
:20870000603341F8232000BF1037BD4680BD00BF00E100E080B584B000AF0346B9607A6030
:20872000FB73BB68DAB2094997F90F301201D2B20B4483F8002397F90F3079681846FFF773
:2087400093FF00BF1037BD4680BD00BF00E100E080B485B000AF0346FB7197F90730FB60D2
:20876000FB6803F01F020749FB685B09012000FA02F241F8232000BF1437BD465DF8047BFF
:20878000704700BF00E100E080B582B000AF0346FB7197F907301846FFF798FF97F907305E
:2087A0001846FFF7D5FF00BF0837BD4680BD80B584B000AF0346B9607A60FB7397F90F30C2
:2087C0007A68B9681846FFF7A5FF97F90F301846FFF7DAFF00BF1037BD4680BD80B483B0F5
:2087E00000AF0346FB7197F90730044A52F8233018460C37BD465DF8047B7047B032FF1F34
:2088000080B586B000AF786039607B687B617B69002B01D101237DE0386800F065F9386125
:208820003B69002B01D03B6974E0386800F0B2F938613B69002B01D03B696BE07B699B6856
:20884000364A934201D10E2364E03B685B69FB603B68DB68002B10D03B6893F90630002B39
:208860000BDAFB6893F90630002B06DAFB6893F90730002B01DA0B234CE07B693A685A601D
:208880003B68DA687B699A613B681A697B691A627B690022DA614FF40073BB603B681B8836
:2088A0001A46BB6802FB03F303F1804303F5B8231A467B691A603968786900F019FA3B68D2
:2088C00093F906003B681B7A7A69194600F0E2FC3B6893F907003B685B7A7A69194600F0DE
:2088E000D9FCFB6893F90600FB681B7A7A69194600F0D0FCFB6893F90700FB685B7A7A69A7
:20890000194600F0C7FC7B6900221A617B69034A9A60002318461837BD4680BD434441526F
:2089200080B586B000AF786039603B687B617B683B610023FB603B69002B01D101231EE06D
:208940007B69002B01D1012319E03B699B680E4A934201D0072312E07969386900F016FBD4
:20896000F860FB68002B01D0FB6808E07969386900F08CFB7B691A683B691A61FB681846B5
:208980001837BD4680BD00BF4344415280B485B000AF78607B68FB60FB68002B01D10123BD
:2089A00026E0FB689B68154A934201D007231FE0FB68DB68114A934201D0212318E0FB68D7
:2089C0001B68B3F880309BB248F20102934209D0FB681B681B88C3F3C033DBB2002B01D0C6
:2089E000082305E0FB681B68FA68928A1A80002318461437BD465DF8047B704743444152F5
:208A000080B489B000AFF8600B467A60FB72FB68FB61FB69002B01D101235BE07B68002BBD
:208A200001D1012356E0FB699B682D4A934201D007234FE0FB69DB68294A934201D0212329
:208A400048E097F90B30002B15DBFB7A1F2B12D897F90B30012202FA03F3BB61FB695B683C
:208A60001B881A461F4B53F82220BB691340002B1AD101232EE097F90B3013F1030F14D078
:208A800097F90B3013F1020F0FD097F90B3013F1040F0AD097F90B30322B06D097F90B3092
:208AA000332B02D0012315E000BFFB695B685B697B617B695B79012B01D101230AE0FB69BF
:208AC0001B6897F90B20103233F812309AB27B681A80002318462437BD465DF8047B704776
:208AE00043444152303A030080B584B000AF78607B68002B01D1012345E07B681B881A46F0
:208B00000323D34003F00103002B02D140F27A5339E00420FFF782FDF860FB681C4A934280
:208B200001D81B232FE07B685B69BB60BB681B78002B05D0BB681B78832B01D9012322E033
:208B4000BB681B78052B05D17B68DB78002B01D0012318E07B689B78012B03D0BB68DB78A0
:208B6000002B0FD07B685B79022B01D001230AE07B689B78012B05D1BB689B78022B01D0FC
:208B8000012300E0002318461037BD4680BD00BF3F420F0080B483B000AF78607B68DB7856
:208BA000002B09D07B68DB78012B05D07B68DB78022B01D0012300E0002318460C37BD467B
:208BC0005DF8047B704780B485B000AF786039603B689B7C002B20D03B689B7C072B01D9E6
:208BE00001231BE03B68DB7C032B01D8012315E03B689B7C1A463B685B681340FB607B682B
:208C00005B689B78012B08D13B681B8A002B04D0FB68002B01D0012300E000231846143703
:208C2000BD465DF8047B704780B485B000AF78607B68002B39D07B681B89FB60FB68002B2F
:208C400033D0FB6803F40063002B1BD0FB6803F40073002B16D07B689B7CBB60BB681F2BDE
:208C600001D9042300E00023BA68D31ABB607B681B680121BA6801FA02F21340002B01D0DE
:208C8000012313E0FB6803F48043002B0DD07B685A897B689B899A4205D87B68DA897B68E9
:208CA0001B8A9A4201D9012300E0002318461437BD465DF8047B704780B485B000AF78600B
:208CC00039607B685B685B69FB60FB68DB78002B07D03B681B6803F0C043002B01D0012342
:208CE00000E0002318461437BD465DF8047B704780B48DB000AF786039603B685B697B6265
:208D00003B689B785B03FB62FB6A43F04003FB623B685B791B02FA6A1343FB627B6ADB78C7
:208D2000002B04D0FB6A43F42073FB6207E03B685B79002B03D1FB6A43F40043FB62FB6AAA
:208D40009AB27B689A820023BB623B685B79022B06D17B6ADB781A46324B53F82230BB623E
:208D600000233B623B68DB785B003A6A13433B623B681B79DB033A6A13433B627B6A5B78E7
:208D80005B013A6A13433B627B6A1B78FB610023BB61EFF31083FB60FB68BB6101233B61BE
:208DA0003B6983F3108800BF1F4BDA683B681B88C3F11003012101FA03F3DB431A491340A2
:208DC000CB60194BDB68BB697B617B6983F3108800BFFB6A99B27B681A6847F6FF530B4021
:208DE0009BB213807B681B68BA6A92B21A827B681B683A6A92B2DA817B681B68FA69D2B233
:208E00001A737B681B680022A3F8B0217B681B6849F69912A3F8A02100BF3437BD465DF8A3
:208E2000047B7047243A0300FC6F044080B58AB000AF786039600023FB6007F10C0318467A
:208E400000F07CF83B681A683B685B6813433B6200237B623B6A03F00053002B3CD00023EB
:208E6000FB61EFF310833B613B69FB6101237B617B6983F3108800BF2E4BDB682D4A23F48A
:208E80008003D3602B4BDB68FB69BB61BB6983F3108800BF284B90221A70FA687B681B687B
:208EA000D2B283F8DE203B681B6803F00053002B04D07B6A43F480737B6203E07B6A43F45F
:208EC00080637B623B689B6803F00053002B03D07B6A43F001037B623B6A03F08043002B69
:208EE0001ED0FA687B681B68D2B283F8DF203B681B6803F08043002B04D07B6A43F4007354
:208F00007B6203E07B6A43F400637B623B689B6803F08043002B03D07B6A43F002037B62E1
:208F20007B681B687A6A92B25A8200BF2837BD4680BD00BFFC6F044000D0054080B584B07D
:208F400000AF78600420FFF769FBB860BB680D4AA2FB03239B0941F2360202FB03F30A4A61
:208F6000A2FB03239B0C0133FB60FB68062B01D80723FB607B68FA681A6000BF1037BD463E
:208F800080BD00BFD34D621083DE1B4380B588B000AF786039607B685B681B88FB83FB8BAA
:208FA000394A52F8233043F0C043BB613B681B68002B06D03B681A68BB69DB431340002B33
:208FC00001D001235CE07B685B689B78012B15D13B685B68002B06D03B685A68BB69DB4387
:208FE0001340002B01D001234AE03B681A683B685B681340002B07D0012341E03B685B6849
:20900000002B01D001233BE039687868FFF754FE78617B69002B01D07B6931E07B685B68F8
:209020005B693B613B691B78002B12D03B685A683B681B681343FB603B689A68FB68DB432A
:209040001340002B03D13B689B68002B07D1012316E03B689B68002B01D0012310E03968A4
:209060007868FFF7B0FD78617B69002B01D07B6906E03B68DB681846FFF7D6FD78617B6920
:2090800018462037BD4680BD303A030080B58CB000AF786039603B681B6823F0C043BB6284
:2090A0007B685B685B697B623B685B6823F0C0433B623B689B6823F0C043FB617B681B68D2
:2090C000BA6A92B29A807B681B683A6A92B29A827B681B68FA6992B21A81BB6A1A0C7B68CE
:2090E0001B6892B2DA803B6A1A0C7B681B6892B2DA82FB691A0C7B681B6892B25A813B68CC
:209100001A683B685B681343BB61BB6903F0C043002B03D039687868FFF788FE3B68DB7CE6
:209120007B613B689B7C1B0203F4E0637A6913437B617B681B687A6992B2A3F866203B68DC
:20914000DB683B610023FB853B69002B66D03B691B89FB853B691B8903F40063002B41D0E2
:209160007B681B683A691289A3F890207B681B683A695289A3F89C207B681B683A699289A1
:20918000A3F89E203B691A687B681B6892B2A3F894203B691B681B011A0D7B681B6892B243
:2091A000A3F896203B691B685A0F7B681B68D2B283F892203B695A687B681B6892B2A3F80C
:2091C00098203B695B681B011A0D7B681B6892B2A3F89A203B695B685A0F7B681B68D2B274
:2091E00083F893203B691B8903F40073002B15D03B69997C3B69DA7C7B681B680A43D2B295
:2092000083F8A6207B681B683A69D289A3F8A8207B681B683A69128AA3F8AA207B681B68D6
:20922000FA8DA3F890207B681B683A68128AA3F880207B6ADB78002B22D07B681B681B881F
:209240009BB2FB60FB6823F01F03BA6ABA60BA68002A01D1202203E0BA68B2FA82F2D2B287
:209260009B1A1F33FB607B681B68FA6892B21A807B689A8AFB689BB213439AB27B689A828E
:209280007B68034ADA6000BF3037BD4680BD00BF4344415280B582B000AF03463A60FB71C0
:2092A0000B46BB7197F90730002B06DBB97997F907303A681846FFF77AFA00BF0837BD46FA
:2092C00080BDB0B58CB000AF786039607B68DB69FB62FB6A002B02D13B68FB6213E0FB6A51
:2092E00007F108041D460FCD0FC495E80F0084E80F00FA6A3B6814461D460FCD0FC495E861
:209300000F0084E80F007B689B69F86A98477B68DB69002B0AD07B68DB691D4607F10804E1
:209320000FCC0FC594E80F0085E80F0000BF3037BD46B0BD80B58CB000AF0346FB71FFF716
:2093400057F903461846FFF749FAF862FFF750F903461846FFF79CF9FB79BB72FB6A5B6849
:209360001B883B8100233B74FB6A1B6AFB60FB6A9B69002B05D007F108031946F86AFFF754
:20938000A0FF00BF3037BD4680BD80B500AF0020FFF7D0FF00BF80BD80B400AF044B0022AF
:2093A000A3F8002100BFBD465DF8047B704700BF00C0014080B400AF094B0122A3F80421CA
:2093C000074BB3F804319BB2002BF9D1044B0122A3F8002100BFBD465DF8047B704700BFDF
:2093E00000C0014080B483B000AF0B4B93F82630DBB27B60094A7B6852F82330064A126A18
:20940000C2F30262D2B2D340054A136000BF0C37BD465DF8047B704700E00140040CFE1FFC
:209420003C34FF1F80B500AF074B022283F81C21064B074A1A62054B052283F82620FFF740
:20944000D1FF00BF80BD00BF00C0014000E001402112012180B500AF0B4B0C4A1A600A4BAB
:209460000B4A5A60084B4FF400429A60064B094ADA60054B4FF400421A61034B064A5A6184
:20948000FFF7B0FF00BF80BD040CFE1F002D310100127A00001BB700001C4E0E80B500AFE5
:2094A0003B4B4AF20352A3F8FE23FFF775FFFFF7D1FF374B202283F81324354B092283F80D
:2094C000A220334B93F88034DBB2002B07D1304B93F88134C3F30103DBB2002B1CD02C4BED
:2094E00093F88034DBB2002B0DD1294B012283F880240121C82000F0C9F8254B93F8803477
:20950000DBB2012BF9D1224B002283F88124204B002283F8802403E04FF47A7000F03AF83B
:209520001B4B062283F8A520194B002283F83220174B93F83C30C3F3C003DBB2012BF7D1B7
:20954000134B4FF41C521A85114B002283F82A200F4B93F83C30C3F34013DBB2012BF7D13F
:20956000FFF760FF0A4B012283F83020084B012283F85220064B402283F82420044B4FF4EC
:209580002542A3F8FE23FFF715FF00BF80BD00BF00E0014080B483B000AF786000BF0C37D2
:2095A000BD465DF8047B704780B582B000AF2B4B002283F828200121C82000F067F8274BE1
:2095C000002283F82420254B93F82430DBB2002BF9D1224A92F8243043F0020382F8243089
:2095E0001E4B93F82430C3F34003DBB2002BF7D11A4B002283F82220184B93F82230DBB299
:20960000002BF9D10023FB7116E01449FB7903F1200211F812306FF3C71301F812300F4ACE
:20962000FB79203312F81330C3F3C013DBB2002BF5D1FB790133FB71FB79022BE5D901207B
:2096400000F08CF9064B002283F8BB24012000F035F900BF0837BD4680BD00BF0040044008
:2096600000E0014080B483B000AF786000BF0C37BD465DF8047B704780B485B000AFF860DB
:20968000B9607A603B6000BE00BFFDE72DE9B04F90B000AFF861B9610023FB63FB69BA695C
:2096A00002FB03F3BB63504B1B687B634F4A7B6BB2FBF3F33B63BB6B00223B617A61D7E96E
:2096C00004234FF000004FF00001590141EAD261500102460B463969B2EB0108796963EBCA
:2096E00001094FF000024FF000034FEA890343EA98734FEA880290469946D7E904120B4641
:2097000018EB03033B60134649EB03037B604FF000024FF00003D7E900894946CB0041468A
:2097200043EA51734146CA00C7E90A23D7E90A23012B08D2BA6A3B6BB2FBF3F37B627B6AF8
:209740009B08FB6344E03B6B9B00BA6BB2FBF3F3BB63BB6B0022BB60FA60D7E9028942463D
:209760004B464FF000004FF00001590141EAD261500102460B464146541A494663EB01055F
:209780004FF000024FF00003AB0043EA9473A20014461D46434614EB030A4B4645EB030BA4
:2097A0004FF000024FF000034FEACB0343EA5A734FEACA0292469B46C7E90AABD7E90A2315
:2097C000012B02D2BB6AFB6302E04FF0FF33FB63FB6B002B02D0F86B00F00AF800BF403767
:2097E000BD46BDE8B08F00BF3C34FF1F00CA9A3BA0F101000028FBD1704700BF80B582B033
:2098000000AF0346FB71FB79074A52F82330002B06D0FB79044A52F82330FA79104698477A
:2098200000BF0837BD4680BD6C32FF1F80B582B000AF104BB3F84031BB800023FB710EE0E9
:20984000BA88FB7922FA03F303F00103002B03D0FB791846FFF7D2FFFB790133FB71FB792A
:209860000F2BEDD9034ABB88A2F8303100BF0837BD4680BD0060004080B483B000AF002346
:209880007B600CE00B4A7B6832F813300A4A19467B68C03342F823107B6801337B607B6891
:2098A0005F2BEFD900BF00BF0C37BD465DF8047B704700BF903703000060004080B487B073
:2098C00000AF0346FB7100237B61EFF31083FB60FB687B6101233B613B6983F3108800BFE5
:2098E000FB791A4A32F813309BB2002B09D0FB79164A32F8132092B2013A91B2134A22F868
:209900001310FB79114A32F813309BB2002B11D10F4BB3F8FE339AB20E4B13439AB2FB799D
:209920000D4931F81330DB439BB2094913409BB2A1F8FE337B69BB60BB6883F3108800BF4F
:2099400000BF1C37BD465DF8047B70473034FF1F00E0014000A5FFFF383A030080B487B041
:2099600000AF0346FB7100237B61EFF31083FB60FB687B6101233B613B6983F3108800BF44
:20998000FB79164A32F813309BB2002B0FD1144BB3F8FE339AB2FB79124931F81330134316
:2099A0009AB20F49104B13439BB2A1F8FE33FB790A4A32F8132092B2013291B2074A22F8F1
:2099C00013107B69BB60BB6883F3108800BF00BF1C37BD465DF8047B704700BF3034FF1F94
:2099E00000E00140383A030000A5FFFF80B584B000AF78607B68FB60144B1B68002B02D120
:209A0000124B134A1A60114B1B68BB60FB68033323F00303FB600D4B1A68FB6813440D4A20
:209A2000934207D905F0FCFB03460C221A604FF0FF3306E0054B1A68FB681344034A1360F1
:209A4000BB6818461037BD4680BD00BF3834FF1F4848FF1F4868FF1F80B500AF00F00CF861
:209A6000FAF772FB00BFFDE780B400AF00BE00BFBD465DF8047B704780B582B000AF2E4B68
:209A80004FF47002C3F888202B4B2C4A9A600020FAF7DCF9FFF702FD0120FAF7D7F9284B98
:209AA00000229A80264B4FF425421A80234B1B68234AA3F580639360204B1A68204BDA6057
:209AC000204B4FF48052A3F820211D4B01229A801D4A1E4BD31A1A4600211C4804F012FDE0
:209AE0001B4A1C4BD31A1A461B491A4805F0B4FB1A4A1B4BD31A9B103B6000237B6007E001
:209B0000174A7B6852F8233098477B6801337B607A683B689A42F3DBFFF764FCFFF744FDD7
:209B20000220FAF793F9FFF7A7FE0020FFF79AFD00BF0837BD4680BD00ED00E000820100B0
:209B4000000D0040006000404848FF1F200CFE1F040CFE1F8001FE1FC04B0300000CFE1F1F
:209B6000FC0BFE1F80B586B000AF78600023FB6001F0E2FB5E4B1B68002B01D100F030F941
:209B80005C4B1A687B681340002B40F09D807B68002B28D008227B6813447A689A4222D2D2
:209BA00008227B6813447B607B6803F00703002B1CD07B6823F0070308337A689A420FD295
:209BC0007B6823F0070308337B607B6803F00703002B0BD0484B494A9C214948FFF74CFDD6
:209BE00000237B6002E000237B6000E000BF7B68002B69D0434B1B687A689A4264D8424B09
:209C00003B61414B1B687B6104E07B693B617B691B687B617B695B687A689A4203D97B69F1
:209C20001B68002BF1D1324B1B687A699A424BD03B691B6808221344FB607B691A683B69CD
:209C40001A607B695A687B68D21A08235B009A421AD97A697B681344BB60BB6803F0070368
:209C6000002B05D0294B254ACF212548FFF704FD7B695A687B68D21ABB685A607B697A6895
:209C80005A60B86800F00EF91E4B1A687B695B68D31A1C4A13601B4B1A681D4B1B689A42EC
:209CA00003D2184B1B681A4A13607B695A68114B1B681A437B695A607B6900221A60154BB2
:209CC0001B680133134A136001F044FBFB6803F00703002B06D0104B084A4FF48871084833
:209CE000FFF7CAFCFB6818461837BD4680BD00BF4844FF1F5C44FF1F403A0300703B030006
:209D0000643A03004C44FF1F4044FF1FA43A03005044FF1F5444FF1FD83A030080B584B08B
:209D200000AF78607B68FB607B68002B45D008235B42FA681344FB60FB68BB60BB685A68FC
:209D4000204B1B681340002B06D11F4B1F4A4FF492711F48FFF790FCBB681B68002B06D017
:209D60001C4B1A4A40F225111948FFF785FCBB685A68144B1B681340002B1ED0BB681B68FF
:209D8000002B1AD1BB685A680E4B1B68DB431A40BB685A6001F0D0FABB685A680E4B1B681B
:209DA00013440D4A1360B86800F07CF80B4B1B6801330A4A136001F0CDFA00BF1037BD4669
:209DC00080BD00BF5C44FF1F143B0300803B0300643A0300483B03004C44FF1F5844FF1F2A
:209DE00080B485B000AF4FF48053BB60274BFB60FB6803F00703002B0CD0FB680733FB60EE
:209E0000FB6823F00703FB60BA68FB68D31A1F4A1344BB60FB687B601D4A7B6813601C4BB8
:209E200000225A607B68BA681344FB600822FB689B1AFB60FB6823F00703FB60FB68154A55
:209E40001360144B1B6800225A60124B1B6800221A607B683B603B68FA68D21A3B685A6089
:209E60000C4B1A683B681A603B685B680A4A13603B685B68094A1360094B4FF000421A6044
:209E800000BF1437BD465DF8047B70474034FF1F4044FF1F4844FF1F5044FF1F4C44FF1FEC
:209EA0005C44FF1F80B485B000AF7860284BFB6002E0FB681B68FB60FB681B687A689A425F
:209EC000F7D8FB68BB60FB685B68BA6813447A689A4208D1FB685A687B685B681A44FB6873
:209EE0005A60FB687B607B68BB607B685B68BA681A44FB681B689A4218D1FB681A68154B56
:209F00001B689A420DD07B685A68FB681B685B681A447B685A60FB681B681A687B681A60F7
:209F200008E00C4B1A687B681A6003E0FB681A687B681A60FA687B689A4202D0FB687A68A6
:209F40001A6000BF1437BD465DF8047B704700BF4044FF1F4844FF1F80B483B000AF7860F6
:209F60007B6803F108027B685A607B684FF0FF329A607B6803F108027B68DA607B6803F141
:209F800008027B681A617B6800221A6000BF0C37BD465DF8047B704780B483B000AF78605C
:209FA0007B6800221A6100BF0C37BD465DF8047B704780B485B000AF786039607B685B6862
:209FC000FB603B68FA685A60FB689A683B689A60FB689B683A685A60FB683A689A603B6801
:209FE0007A681A617B681B685A1C7B681A6000BF1437BD465DF8047B704780B485B000AF1B
:20A00000786039603B681B68BB60BB68B3F1FF3F03D17B681B69FB600CE07B680833FB608E
:20A0200002E0FB685B68FB60FB685B681B68BA689A42F6D2FB685A683B685A603B685B6866
:20A040003A689A603B68FA689A60FB683A685A603B687A681A617B681B685A1C7B681A606D
:20A0600000BF1437BD465DF8047B704780B485B000AF78607B681B69FB607B685B687A680E
:20A0800092689A607B689B687A6852685A60FB685B687A689A4203D17B689A68FB685A60D6
:20A0A0007B6800221A61FB681B685A1EFB681A60FB681B6818461437BD465DF8047B7047C8
:20A0C00080B584B000AF786039600123FB607B68BB60BB68002B06D13C4B3D4A4FF488710B
:20A0E0003C48FFF7C9FABB68002B5ED0BB68DB6B002B5AD0BB681A6CBB68DB6B0021A3FB18
:20A100000223002B00D001210B46002B4DD1FAF709FABB681A68BB68DB6BB968096C01FBCF
:20A1200003F31A44BB689A60BB6800229A63BB681A68BB685A60BB681A68BB68DB6B013BA0
:20A14000B968096C01FB03F31A44BB68DA60BB68FF2283F84420BB68FF2283F845203B68D2
:20A16000002B15D1BB681B69002B1BD0BB681033184601F0D7FB0346002B13D0164B4FF093
:20A1800080525A60BFF34F8F00BFBFF36F8F09E0BB6810331846FFF7DFFEBB6824331846DC
:20A1A000FFF7DAFEFAF7F6F901E00023FB60FB68002B06D1094B064A40F245110548FFF7BE
:20A1C0005BFAFB6818461037BD4680BD8C3B0300F83E0300943B030000ED00E0C03B030042
:20A1E00080B588B002AFF860B9607A603B6000237B613B68002B06D1224B234A40F2591141
:20A200002248FFF739FAFB68002B2CD03B68002B29D07B68002B02D0BB68002B23D07B6856
:20A22000002B02D1BB68002B1DD148233B613B69482B06D0164B144A40F26B111348FFF732
:20A240001BFA3B693B687B617B69012283F8462097F820207B69009313467A68B968F868DC
:20A2600000F01AF809E07B69002B06D1094B064A4FF4C1710548FFF7FFF97B691846183728
:20A28000BD4680BDE43B03000C3F0300943B0300F43B0300103C030080B584B000AFF8604B
:20A2A000B9607A60FB70BB68002B03D1BB69BA691A6002E0BB697A681A60BB69FA68DA6338
:20A2C000BB69BA681A640121B869FFF7F9FE00BF1037BD4680BDFFFF80B588B002AFF860D0
:20A2E000B9607A6000237B61FB68002B13D0BA68FB689A420FD8022300937B6800220021D5
:20A30000F868FFF76DFF78617B69002B0DD07B69BA689A6309E07B69002B06D1054B064A44
:20A320004FF43E710548FFF7A7F97B6918461837BD4680BD243C0300283F0300943B0300D8
:20A3400080B58AB000AFF860B9607A603B6000237B62FB683B623B6A002B06D16A4B6B4AE8
:20A3600040F22E316A48FFF787F9BB68002B0AD13B6A1B6C002B06D0664B644A40F22F31DD
:20A380006348FFF779F93B68022B0AD13B6ADB6B012B06D0604B5D4A4FF44C715C48FFF726
:20A3A0006BF901F0F7FC0346002B00D009E07B68002B06D0594B554A40F233315448FFF7D9
:20A3C0005BF9FAF7AFF83B6A9A6B3B6ADB6B9A4202D33B68022B2CD13A68B968386A00F029
:20A3E0009BFAF8613B6A5B6A002B11D03B6A2433184601F097FA0346002B16D0484B4FF0F1
:20A4000080525A60BFF34F8F00BFBFF36F8F0CE0FB69002B09D0424B4FF080525A60BFF353
:20A420004F8F00BFBFF36F8F00BFFAF7B3F8012366E07B68002B03D1FAF7ACF800235FE031
:20A440007B6A002B06D107F11403184601F042FB01237B62FAF79EF800F06EFFFAF762F84A
:20A460003B6A93F844305BB2B3F1FF3F03D13B6A002283F844203B6A93F845305BB2B3F179
:20A48000FF3F03D13B6A002283F84520FAF782F83A1D07F114031146184601F031FB034617
:20A4A000002B25D1386A00F02FFB0346002B19D03B6A10337A681146184601F0C5F9386A92
:20A4C00000F0BAFA00F046FF0346002B7FF479AF134B4FF080525A60BFF34F8F00BFBFF36A
:20A4E0006F8F0CE0386A00F0A7FA00F033FF68E7386A00F0A1FA00F02DFF002300E060E73B
:20A5000018462837BD4680BD8C3B03004C3F0300943B03002C3C0300843C0300D43C0300D3
:20A5200000ED00E080B58AB000AFF860B9607A6000237B62FB683B623B6A002B06D1604B93
:20A54000604A40F251516048FFF796F8BB68002B0AD13B6A1B6C002B06D05C4B594A40F27F
:20A5600055515948FFF788F801F014FC0346002B00D009E07B68002B06D0554B514A40F29F
:20A580005A515148FFF778F8F9F7CCFF3B6A9B6BFB61FB69002B21D0B968386A00F026FAFC
:20A5A000FB695A1E3B6A9A633B6A1B69002B11D03B6A1033184601F0B5F90346002B09D0B6
:20A5C000444B4FF080525A60BFF34F8F00BFBFF36F8F00BFF9F7DEFF01236CE07B68002B18
:20A5E00003D1F9F7D7FF002365E07B6A002B06D107F11403184601F06DFA01237B62F9F7BC
:20A60000C9FF00F099FEF9F78DFF3B6A93F844305BB2B3F1FF3F03D13B6A002283F8442062
:20A620003B6A93F845305BB2B3F1FF3F03D13B6A002283F84520F9F7ADFF3A1D07F1140309
:20A640001146184601F05CFA0346002B24D1386A00F044FA0346002B18D03B6A24337A688B
:20A660001146184601F0F0F8386A00F0E5F900F071FE0346002B87D1164B4FF080525A6085
:20A68000BFF34F8F00BFBFF36F8F13E0386A00F0D3F900F05FFE77E7386A00F0CDF900F077
:20A6A00059FE386A00F01AFA0346002B3FF46CAF002300E068E718462837BD4680BD00BFCD
:20A6C000C83D0300603F0300943B0300D43D0300D43C030000ED00E080B58AB000AF786014
:20A6E000396000237B627B68FB6100233B62FB69002B06D1754B764A40F2E3517548FEF7C4
:20A70000BBFFFB691B6C002B06D0734B704A40F2E7517048FEF7B0FF01F03CFB0346002BB9
:20A7200000D009E03B68002B06D06C4B684A40F2EC516848FEF7A0FFF9F7F4FEFB699B6B54
:20A74000BB61BB69002B26D0BB695A1EFB699A63FB691B68002B04D101F00AFD0246FB6910
:20A760009A60FB691B69002B11D0FB691033184601F0D8F80346002B09D0594B4FF0805223
:20A780005A60BFF34F8F00BFBFF36F8F00BFF9F701FF012396E03B68002B0DD13B6A002B3B
:20A7A00006D0504B4A4A40F232614A48FEF764FFF9F7F0FE002385E07B6A002B06D107F1A0
:20A7C0000C03184601F086F901237B62F9F7E2FE00F0B2FDF9F7A6FEFB6993F844305BB228
:20A7E000B3F1FF3F03D1FB69002283F84420FB6993F845305BB2B3F1FF3F03D1FB69002291
:20A8000083F84520F9F7C6FE3A4607F10C031146184601F075F90346002B33D1F86900F040
:20A820005DF90346002B27D0FB691B68002B09D1F9F778FEFB699B68184601F0C9FA3862F2
:20A84000F9F7A8FEFB6924333A681146184600F0FBFFF86900F0F0F800F07CFD0346002B50
:20A860007FF46AAF1E4B4FF080525A60BFF34F8F00BFBFF36F8F24E0F86900F0DDF800F0FF
:20A8800069FD59E7F86900F0D7F800F063FDF86900F024F90346002B3FF44EAF3B6A002BC0
:20A8A0000DD0F9F73FFEF86900F01EF87861FB699B687969184601F0B1FBF9F76BFE00238E
:20A8C00000E039E718462837BD4680BDC83D0300703F0300943B0300483D0300D43C030054
:20A8E00000ED00E0303E030080B485B000AF78607B685B6A002B06D07B681B6B1B68C3F1E1
:20A900000503FB6001E00023FB60FB6818461437BD465DF8047B704780B586B000AFF86069
:20A92000B9607A6000237B61FB689B6B3B61FB681B6C002B0DD1FB681B68002B4DD1FB689B
:20A940009B68184601F0D4FA7861FB6800229A6043E07B68002B19D1FB685868FB681B6C57
:20A960001A46B96804F078FCFB685A68FB681B6C1A44FB685A60FB685A68FB689B689A42FD
:20A980002BD3FB681A68FB685A6026E0FB68D868FB681B6C1A46B96804F05EFCFB68DA68B0
:20A9A000FB681B6C5B421A44FB68DA60FB68DA68FB681B689A4207D2FB689A68FB681B6C86
:20A9C0005B421A44FB68DA607B68022B05D13B69002B02D03B69013B3B613B695A1CFB685F
:20A9E0009A637B6918461837BD4680BD80B582B000AF786039607B681B6C002B18D07B68A2
:20AA0000DA687B681B6C1A447B68DA607B68DA687B689B689A4203D37B681A687B68DA60D0
:20AA20007B68D9687B681B6C1A46386804F014FC00BF0837BD4680BD80B584B000AF786056
:20AA4000F9F770FD7B6893F84530FB7311E07B685B6A002B12D07B682433184600F062FFB9
:20AA60000346002B01D001F0B1F8FB7B013BDBB2FB7397F90F30002BE9DC00E000BF7B6809
:20AA8000FF2283F84520F9F785FDF9F74BFD7B6893F84430BB7311E07B681B69002B12D096
:20AAA0007B681033184600F03DFF0346002B01D001F08CF8BB7B013BDBB2BB7397F90E3031
:20AAC000002BE9DC00E000BF7B68FF2283F84420F9F760FD00BF1037BD4680BD80B584B008
:20AAE00000AF7860F9F71EFD7B689B6B002B02D10123FB6001E00023FB60F9F74BFDFB6864
:20AB000018461037BD4680BD80B584B000AF7860F9F708FD7B689A6B7B68DB6B9A4202D1AB
:20AB20000123FB6001E00023FB60F9F733FDFB6818461037BD4680BD80B584B000AF7860DF
:20AB400039607B68002B06D11E4B1F4A40F6C8211E48FEF791FD0023BB603B68002B24D09D
:20AB60000023FB601EE01A4AFB68DB0013445B687A689A4205D1FB68DB00154A1344BB60FA
:20AB800013E0BB68002B0AD1114AFB6852F83330002B04D1FB68DB000D4A1344BB60FB68C4
:20ABA0000133FB60FB68092BDDD9BB68002B05D0BB683A681A60BB687A685A6000BF103792
:20ABC000BD4680BDF03E0300843F0300943B03006044FF1F80B586B000AFF860B9607A6045
:20ABE000FB687B61F9F79EFC7B6993F844305BB2B3F1FF3F03D17B69002283F844207B691D
:20AC000093F845305BB2B3F1FF3F03D17B69002283F84520F9F7BEFC7B699B6B002B06D1F5
:20AC20007B6924337A68B968184600F033FE7869FFF702FF00BF1837BD4680BD80B58CB0C0
:20AC400004AFF860B9607A603B60FB6A002B06D1234B244A40F24A212348FEF70DFD3B6B6B
:20AC6000002B06D1214B1F4A40F24B211E48FEF703FD68237B617B69682B06D01C4B194A86
:20AC800040F253211848FEF7F7FC7B693B6B002B1ED0FB6A002B1BD03B6BFB61FB69FA6ADE
:20ACA0001A63FB69022283F8652000230393FB69029307F118030193BB6A00933B687A68F9
:20ACC000B968F86800F016F8F86900F0BBF801E00023BB61BB6918462037BD4680BD00BFF9
:20ACE000983F030070430300B83F0300E43F03000040030080B586B000AFF860B9607A60FC
:20AD00003B60BB6A1A6B7B6803F18043013B9B0013443B613B6923F007033B613B6903F096
:20AD20000703002B06D0434B434A4FF458714348FEF7A2FCBB68002B21D000237B6114E091
:20AD4000BA687B69134493F90010BA6A7B69134434330A461A70BA687B69134493F9003041
:20AD6000002B06D07B6901337B617B690F2BE7D900E000BFBB6A002283F8432003E0BB6A34
:20AD8000002283F834203B6A042B06D92C4B2A4A40F297312948FEF76FFC3B6A042B01D9AB
:20ADA00004233B62BB6A3A6ADA62BB6A3A6A5A64BB6A00229A64BB6A04331846FFF7ECF86A
:20ADC000BB6A18331846FFF7E7F8BB6ABA6A1A613B6AC3F10502BB6A9A61BB6ABA6A5A6287
:20ADE000BB6A4C3314220021184603F08BFBBB6A603304220021184603F084FBBB6A6433F6
:20AE000001220021184603F07DFBBB6A196B3B68FA683869F9F7E0FA0246BB6A1A607B6A40
:20AE2000002B02D07B6ABA6A1A6000BF1837BD4680BD00BF1C40030084430300B83F030062
:20AE40006040030080B584B000AF7860F9F76AFB404B1B6801333F4A13603F4B1B68002B94
:20AE600009D13D4A7B6813603A4B1B68012B10D100F0D4FE0DE0394B1B68002B09D1364BCA
:20AE80001B68DA6A7B68DB6A9A4202D8324A7B681360334B1B680133314A13607B68DA6AF1
:20AEA000304B1B689A4203D97B68DB6A2D4A13607B68DA6A2C4913469B0013449B000B44F9
:20AEC00004331B68FB607B68FA689A60FB689A687B68DA60FB689B687A6804325A607B6881
:20AEE0001A1DFB689A607B68DA6A13469B0013449B001D4A1A447B685A617B68DA6A1A49C4
:20AF000013469B0013449B000B441B68591C164813469B0013449B0003441960F9F73AFBDB
:20AF20000E4B1B68002B10D00B4B1B68DA6A7B68DB6A9A4209D20D4B4FF080525A60BFF359
:20AF40004F8F00BFBFF36F8F00BF00BF1037BD4680BD00BF8845FF1FB044FF1F9445FF1FEC
:20AF6000A445FF1F9045FF1FB444FF1F00ED00E080B584B000AF78600023FB607B68002B78
:20AF800013D0124B1B68002B06D0114B114A40F249511148FEF770FB00F0CEF900217868F9
:20AFA00001F0FAF800F0D6F9F860FB68002B09D10A4B4FF080525A60BFF34F8F00BFBFF30E
:20AFC0006F8F00BF00BF1037BD4680BDB045FF1F744003009C430300B83F030000ED00E0FB
:20AFE00080B584B000AF7860F9F79CFA7B68002B02D1354B1B6800E07B68BB60BB680433BF
:20B000001846FFF733F8BB689B6A002B04D0BB6818331846FFF72AF8BB68043319462B487A
:20B02000FEF7C7FF0023FB6010E0BA68FB68134464331B78DBB2012B05D1BA68FB68134476
:20B04000643300221A70FB680133FB60FB68002BEBDDF9F79FFA1E4B1B68002B05D0F9F700
:20B0600061FA00F07BFEF9F795FA174B1B68BA689A4225D1164B1B68002B15D0154B1B68DD
:20B08000002B06D0144B154A40F2FD611448FEF7F3FA144B4FF080525A60BFF34F8F00BFAA
:20B0A000BFF36F8F00BF0BE0084B1A680E4B1B689A4203D1044B00221A6001E000F066FBB8
:20B0C00000BF1037BD4680BDB044FF1F7445FF1F9445FF1FB045FF1F74400300A843030092
:20B0E000B83F030000ED00E08845FF1F80B584B000AF78600023FB607B68BB607B68002B24
:20B1000006D10E4B0E4A40F227710E48FEF7B4FABB685B690C4A93420AD1BB689B6A0B4A7A
:20B12000934205D0BB689B6A002B01D10123FB60FB6818461037BD4680BD00BFD0400300A7
:20B14000B8430300B83F03007445FF1F4845FF1F80B584B000AF78607B68FB607B68002B39
:20B1600006D1394B394A40F251713948FEF784FA384B1B68FA689A4262D0FB68002B5FD0D6
:20B18000F9F7D0F9F868FFF7B1FF0346002B55D0FB6804331846FEF769FFFB68DA6A2E4BE2
:20B1A0001B689A4203D9FB68DB6A2B4A1360FB68DA6A2A4913469B0013449B000B4404333E
:20B1C0001B68BB60FB68BA689A60BB689A68FB68DA60BB689B68FA6804325A60FB681A1D7E
:20B1E000BB689A60FB68DA6A13469B0013449B001A4A1A44FB685A61FB68DA6A1749134665
:20B200009B0013449B000B441B68591C134813469B0013449B0003441960FB68DA6A0D4B5A
:20B220001B68DB6A9A4209D30D4B4FF080525A60BFF34F8F00BFBFF36F8F00BFF9F7AAF91A
:20B2400000BF1037BD4680BDD8400300D0430300B83F0300B044FF1F9045FF1FB444FF1F62
:20B2600000ED00E080B58AB004AF0023FB600023BB603A1D07F1080107F10C031846F8F777
:20B2800093FF7968BB68FA68029201930023009300230A461E491F48FFF7D0FC03461E4A24
:20B2A00013601D4B1B68002B02D001237B6101E000237B617B69012B02D100F0DBFF7861CD
:20B2C0007B69012B12D101233B613B6983F3108800BF124B4FF0FF321A60114B01221A600A
:20B2E000104B00221A60F9F7B3F80AE07B69B3F1FF3F06D10C4B0D4A4FF404610C48FEF796
:20B30000BBF90C4B1B6800BF1837BD4680BD00BFE8400300E5BB0200AC45FF1FA845FF1FAB
:20B320009445FF1F8C45FF1FF0400300DC430300B83F0300D809FE1F80B400AF044B1B6825
:20B340000133034A136000BFBD465DF8047B7047B045FF1F80B586B000AF00237B6100235D
:20B360003B61704B1B68002B06D16F4B6F4A40F6B3016F48FEF780F9F9F7D4F8694B1B687C
:20B38000013B684A1360674B1B68002B40F0C380684B1B68002B00F0BE808BE0664BDB688B
:20B3A000DB687B617B699B6ABB607B69DB697A69126A9A607B691B6A7A69D2695A60BB6885
:20B3C0005A687B6918339A4203D17B691A6ABB685A607B6900229A62BB681B685A1EBB6844
:20B3E0001A607B695B697B607B699B687A69D2689A607B69DB687A6992685A607B685A68EF
:20B400007B6904339A4203D17B69DA687B685A607B6900225A617B681B685A1E7B681A60A2
:20B420007B69DA6A454B1B689A4203D97B69DB6A424A13607B69DA6A414913469B001344F4
:20B440009B000B4404331B683B607B693A689A603B689A687B69DA603B689B687A690432AB
:20B460005A607B691A1D3B689A607B69DA6A13469B0013449B00324A1A447B695A617B69EF
:20B48000DA6A2F4913469B0013449B000B441B68591C2B4813469B0013449B0003441960AA
:20B4A0007B69DA6A274B1B68DB6A9A4202D3264B01221A60204B1B68002B7FF46FAF7B69DD
:20B4C000002B01D000F04AFC204B1B68FB60FB68002B10D000F04EF80346002B02D01A4BA2
:20B4E00001221A60FB68013BFB60FB68002BF1D1164B00221A60144B1B68002B0BD001235C
:20B500003B61134B4FF080525A60BFF34F8F00BFBFF36F8F00BFF9F73DF83B691846183732
:20B52000BD4680BDB045FF1F04410300F0430300B83F03008845FF1F4845FF1F9045FF1FB7
:20B54000B444FF1FB044FF1F9C45FF1F9845FF1F00ED00E080B483B000AF054B1B687B6038
:20B560007B6818460C37BD465DF8047B704700BF8C45FF1F80B588B000AF0023FB61754BB0
:20B580001B68002B40F0DB80734B1B680133BB61714ABB691360BB69002B1CD16F4B1B6816
:20B5A0001B68002B06D06E4B6E4A40F6C7216E48FEF762F8694B1B687B616C4B1B68674A75
:20B5C00013606A4A7B691360694B1B680133684A136000F0C3FB674B1B68BA699A42C0F0CB
:20B5E000A7805E4B1B681B68002B04D1614B4FF0FF321A609CE0594B1B68DB68DB683B611A
:20B600003B695B68FB60BA69FB689A4203D2594AFB6813608CE03B695B69BB603B699B6822
:20B620003A69D2689A603B69DB683A6992685A60BB685A683B6904339A4203D13B69DA689F
:20B64000BB685A603B6900225A61BB681B685A1EBB681A603B699B6A002B1ED03B699B6A66
:20B660007B603B69DB693A69126A9A603B691B6A3A69D2695A607B685A683B6918339A42BD
:20B6800003D13B691A6A7B685A603B6900229A627B681B685A1E7B681A603B69DA6A364BAB
:20B6A0001B689A4203D93B69DB6A334A13603B69DA6A324913469B0013449B000B440433A7
:20B6C0001B683B603B693A689A603B689A683B69DA603B689B683A6904325A603B691A1D75
:20B6E0003B689A603B69DA6A13469B0013449B00224A1A443B695A613B69DA6A1F4913460D
:20B700009B0013449B000B441B68591C1B4813469B0013449B00034419603B69DA6A184B01
:20B720001B68DB6A9A42FFF45CAF0123FB6158E7144B1B68002B07D00123FB6104E0124B03
:20B740001B680133104A1360FB6918462037BD4680BD00BFB045FF1F8C45FF1F4045FF1FA8
:20B760002441030000440300B83F03004445FF1FA045FF1FA845FF1F9045FF1FB444FF1F62
:20B78000B044FF1F9C45FF1F9845FF1F80B582B000AF254B1B68002B03D0244B01221A608A
:20B7A0003DE0224B00221A60214B1B687B600CE07B68002B06D11F4B1F4A40F602411F4815
:20B7C000FDF75AFF7B68013B7B601D497A6813469B0013449B000B441B68002BE8D07A685D
:20B7E00013469B0013449B00154A13443B603B685B685A683B685A603B685A683B6808334A
:20B800009A4204D13B685B685A683B685A603B685B68DB680B4A1360054A7B68136000BF1D
:20B820000837BD4680BD00BFB045FF1F9C45FF1F9045FF1F9C41030014440300B83F030090
:20B84000B444FF1FB044FF1F80B582B000AF786039607B68002B06D10A4B0B4A40F61C4117
:20B860000A48FDF709FF0A4B1B68183319467868FEF7C3FB0121386800F08EFC00BF08372B
:20B88000BD4680BDAC41030028440300B83F0300B044FF1F80B586B000AFF860B9607A6098
:20B8A000FB68002B06D11B4B1B4A40F652411B48FDF7E2FEFB685B687B61194B1B687A698C
:20B8C000DA61174B1B687A6992681A62144B1A687B699B6818325A60114B1B6803F1180236
:20B8E0007B699A600E4B1B68FA689A62FB681B685A1CFB681A607B68002B02D04FF0FF33A6
:20B90000BB607968B86800F047FC00BF1837BD4680BD00BFAC41030040440300B83F03005A
:20B92000B044FF1F80B588B000AF78607B68DB68DB68BB61BB69002B06D15D4B5D4A40F6D1
:20B9400082415D48FDF798FEBB699B6A7B61BB69DB69BA69126A9A60BB691B6ABA69D269E8
:20B960005A607B695A68BB6918339A4203D1BB691A6A7B695A60BB6900229A627B691B6859
:20B980005A1E7B691A604D4B1B68002B5FD1BB695B69FB60BB699B68BA69D2689A60BB6976
:20B9A000DB68BA6992685A60FB685A68BB6904339A4203D1BB69DA68FB685A60BB69002274
:20B9C0005A61FB681B685A1EFB681A60BB69DA6A3B4B1B689A4203D9BB69DB6A384A1360EA
:20B9E000BB69DA6A374913469B0013449B000B4404331B68BB60BB69BA689A60BB689A68F0
:20BA0000BB69DA60BB689B68BA6904325A60BB691A1DBB689A60BB69DA6A13469B00134464
:20BA20009B00284A1A44BB695A61BB69DA6A254913469B0013449B000B441B68591C214850
:20BA400013469B0013449B00034419601BE01E4B5B683B61BB693A69DA613B699A68BB69B1
:20BA60001A623B699B68BA6918325A60BB6903F118023B699A60BB69134A9A62124B1B684F
:20BA80000133114A1360BB69DA6A104B1B68DB6A9A4205D90123FB610D4B01221A6001E009
:20BAA0000023FB61FB6918462037BD4680BD00BFD441030060440300B83F0300B045FF1F23
:20BAC0009045FF1FB444FF1F4845FF1FB044FF1F9C45FF1F80B483B000AF7860064B1A68E0
:20BAE0007B681A60054B1A687B685A6000BF0C37BD465DF8047B7047A045FF1F8C45FF1FF8
:20BB000080B586B000AF786039607B68002B06D1284B294A40F6FD412848FDF7ADFD3B68AA
:20BB2000002B06D1264B244A40F6FE412348FDF7A3FDF8F7F7FC234B1B683B617B685B689B
:20BB40003A69D31AFB603B681B68B3F1FF3F02D100237B6126E07B681A681B4B1B689A42F0
:20BB60000AD07B685B683A699A4205D301237B613B6800221A6015E03B681B68FA689A4256
:20BB80000BD23B681A68FB68D21A3B681A607868FFF7A0FF00237B6104E03B6800221A60A0
:20BBA00001237B61F8F7F6FC7B6918461837BD4680BD00BF144203007C440300B83F0300FE
:20BBC000204203008C45FF1FA045FF1F80B400AF034B01221A6000BFBD465DF8047B7047F3
:20BBE0009C45FF1F80B582B000AF786000F056F8084B1B68012B09D9074B4FF080525A6019
:20BC0000BFF34F8F00BFBFF36F8F00BFF8F748FDECE700BFB444FF1F00ED00E080B582B056
:20BC200000AF00237B600CE07A6813469B0013449B00124A13441846FEF78EF97B680133FF
:20BC40007B607B68042BEFD90D48FEF785F90D48FEF782F90C48FEF77FF90C48FEF77CF923
:20BC60000B48FEF779F90B4B054A1A600A4B054A1A6000BF0837BD4680BD00BFB444FF1FBA
:20BC80001845FF1F2C45FF1F4845FF1F5C45FF1F7445FF1F4045FF1F4445FF1F80B582B0A8
:20BCA00000AF19E0F8F73EFC104BDB68DB687B607B6804331846FEF7D9F90D4B1B68013BA1
:20BCC0000B4A13600B4B1B68013B0A4A1360F8F761FC786800F010F8064B1B68002BE1D1EB
:20BCE00000BF00BF0837BD4680BD00BF5C45FF1F8845FF1F7045FF1F80B582B000AF78601D
:20BD00007B6893F86530002B08D17B681B6B1846FEF704F87868FEF701F814E07B6893F834
:20BD20006530012B03D17868FDF7F8FF0BE07B6893F86530022B06D0054B064A40F69C71CF
:20BD40000548FDF799FC00BF0837BD4680BD00BF4842030094440300B83F030080B400AFCB
:20BD60000A4B1B681B68002B04D1094B4FF0FF321A6005E0054B1B68DB681B68044A1360EB
:20BD800000BFBD465DF8047B704700BF4045FF1FA845FF1F80B483B000AF0B4B1B68002BCF
:20BDA00002D101237B6008E0084B1B68002B02D102237B6001E000237B607B6818460C3792
:20BDC000BD465DF8047B70479445FF1FB045FF1F80B586B000AF78607B683B6100237B615B
:20BDE0007B68002B79D03B69DA6A3E4B1B68DB6A9A4269D23B699B69002B06DB394B1B68E1
:20BE0000DB6AC3F105023B699A613B6959693B69DA6A13469B0013449B00334A13449942A0
:20BE20004AD13B6904331846FEF720F92D4B1B68DA6A3B69DA623B69DA6A2C4B1B689A42C3
:20BE400003D93B69DB6A294A13603B69DA6A264913469B0013449B000B4404331B68FB6096
:20BE60003B69FA689A60FB689A683B69DA60FB689B683A6904325A603B691A1DFB689A604E
:20BE80003B69DA6A13469B0013449B00164A1A443B695A613B69DA6A134913469B00134428
:20BEA0009B000B441B68591C0F4813469B0013449B000344196004E00A4B1B68DA6A3B69FF
:20BEC000DA6201237B6108E03B695A6C054B1B68DB6A9A4201D201237B617B69184618377C
:20BEE000BD4680BDB044FF1FB444FF1F9045FF1F80B586B000AF78607B683B6100237B6177
:20BF00007B68002B76D03E4B1B683A699A4206D03C4B3D4A41F24F013C48FDF7ADFB3B6917
:20BF20009B6C002B06D13A4B374A41F250013748FDF7A2FB3B699B6C5A1E3B699A643B69F5
:20BF4000DA6A3B695B6C9A4254D03B699B6C002B50D13B6904331846FEF788F83B695A6C23
:20BF60003B69DA623B69DB6AC3F105023B699A613B69DA6A274B1B689A4203D93B69DB6A20
:20BF8000244A13603B69DA6A234913469B0013449B000B4404331B68FB603B69FA689A6022
:20BFA000FB689A683B69DA60FB689B683A6904325A603B691A1DFB689A603B69DA6A1346CC
:20BFC0009B0013449B00144A1A443B695A613B69DA6A114913469B0013449B000B441B68BF
:20BFE000591C0D4813469B0013449B000344196001237B617B6918461837BD4680BD00BF41
:20C00000B044FF1F7C420300A4440300B83F0300944203009045FF1FB444FF1F80B588B019
:20C0200000AF786039607B68BB6101237B617B68002B00F08B80BB699B6C002B06D1454B1B
:20C04000454A41F29F014548FDF716FBBB695B6C3A689A4202D93B68FB6102E0BB695B6CDC
:20C06000FB61BB69DB6AFA699A426FD0BB699B6C7A699A426AD13A4B1B68BA699A4206D17A
:20C08000384B354A41F2BA013448FDF7F5FABB69DB6A3B61BB69FA69DA62BB699B69002B36
:20C0A00004DBFB69C3F10502BB699A61BB6959693A6913469B0013449B002B4A134499424D
:20C0C00044D1BB6904331846FDF7D0FFBB69DA6A264B1B689A4203D9BB69DB6A234A136072
:20C0E000BB69DA6A204913469B0013449B000B4404331B68FB60BB69FA689A60FB689A6840
:20C10000BB69DA60FB689B68BA6904325A60BB691A1DFB689A60BB69DA6A13469B001344DD
:20C120009B00114A1A44BB695A61BB69DA6A0E4913469B0013449B000B441B68591C0A488E
:20C1400013469B0013449B000344196000BF2037BD4680BD94420300BC440300B83F03000D
:20C16000B044FF1FAC420300B444FF1F9045FF1F80B400AF074B1B68002B04D0054B1B6829
:20C180009A6C01329A64034B1B681846BD465DF8047B7047B044FF1F80B586B000AF7860A7
:20C1A00039602E4B1B687B612D4B1B6804331846FDF75CFF7B68B3F1FF3F24D13B68002BA7
:20C1C00021D0284B5B683B61254B1B683A699A60234B1B683A699268DA60214B1A683B69B2
:20C1E0009B6804325A601E4B1B681A1D3B699A601B4B1B681B4A5A611A4B1B680133194A03
:20C20000136000BF26E07A697B681344FB60144B1B68FA685A60FA687B699A4209D2124B16
:20C220001A680F4B1B68043319461046FDF7E5FE10E00E4B1A680A4B1B680433194610464D
:20C24000FDF7DBFE0A4B1B68FA689A4202D2084AFB68136000BF1837BD4680BD8C45FF1FC2
:20C26000B044FF1F7445FF1F4445FF1F4045FF1FA845FF1F80B588B004AF0023FB6000F0F2
:20C2800081FA1A4B1B68002B20D00023BB6000237B603A46391D07F108031846F7F79EFF22
:20C2A00039687B68BA68029201930323009300230A460F490F48FEF7C1FC03460E4A13600F
:20C2C0000D4B1B68002B01D00123FB60FB68002B06D10A4B0A4A40F219110A48FDF7CCF993
:20C2E000FB6818461037BD4680BD00BFE445FF1FE0440300ADC30200E845FF1FE8440300DD
:20C30000D8450300F044030080B584B000AFF860B9607A6008E0FB689B69BA681344BB6080
:20C32000FB681B6AF8689847FB689A69BB68D118BB687A68F86800F0E1F80346002BEAD107
:20C3400000BF00BF1037BD4680BDFFFF80B584B000AF78603960144B1B68DB68DB68FB608E
:20C36000FB6804331846FDF781FEFB6893F8243003F00403002B05D03A687968F868FFF73D
:20C38000C3FF08E0FB6893F8243023F00103DAB2FB6883F82420FB681B6AF868984700BF06
:20C3A0001037BD4680BD00BFDC45FF1F80B584B000AF786007F10803184600F05BF8F8600C
:20C3C000BB681946F86800F005F800F0D9F800BFF0E7FFFF80B584B000AF78603960FEF7BB
:20C3E000ABFF07F10803184600F068F8F860BB68002B31D13B68002B0AD17A68FB689A4270
:20C4000006D8FEF7A7FFF9687868FFF79FFF26E03B68002B08D0144B1B681B68002B01D1C0
:20C42000012300E000233B60104B18687A68FB68D31A3A681946FEF7CDFBFEF78BFF0346A7
:20C44000002B0CD10A4B4FF080525A60BFF34F8F00BFBFF36F8F02E0FEF77CFFFFE700BFBE
:20C460001037BD4680BD00BFE045FF1FE445FF1F00ED00E080B485B000AF78600E4B1B6853
:20C480001B68002B01D1012200E000227B681A607B681B68002B05D1074B1B68DB681B6898
:20C4A000FB6001E00023FB60FB6818461437BD465DF8047B704700BFDC45FF1F80B584B0C1
:20C4C00000AF7860FFF746F8F8600B4B1B68FA689A4205D200F030F97B6801221A6002E0E0
:20C4E0007B6800221A60044AFB681360FB6818461037BD4680BD00BFEC45FF1F80B586B0D8
:20C5000000AFF860B9607A603B6000237B61FB68BA685A60FB68FA681A61BA687B689A4227
:20C5200012D87A683B68D21AFB689B699A4202D301237B611BE0104B1A68FB6804331946B7
:20C540001046FDF75AFD12E07A683B689A4206D2BA683B689A4202D301237B6107E0074B60
:20C560001A68FB68043319461046FDF746FD7B6918461837BD4680BDE045FF1FDC45FF1F60
:20C5800080B588B000AFBCE07B68002B14DA3B1D0433FB61FB69002B06D1624B624A40F20B
:20C5A00006316248FDF768F8FB691B68FA695068FA699268114698477B68002BC0F2A180D0
:20C5C000FB68BB61BB695B69002B04D0BB6904331846FDF74BFD3B461846FFF76FFF7861E4
:20C5E0007B68013B082B00F2898001A252F823F015C6020015C602007DC6020091C6020096
:20C60000D3C6020015C6020015C602007DC6020091C60200BB6993F8243043F00103DAB261
:20C62000BB6983F82420BA68BB699B69D118BB687A69B869FFF762FF0346002B60D0BB699E
:20C6400093F8243003F00403002B09D0BA68BB699B6913447A691946B869FFF755FE08E0C8
:20C66000BB6993F8243023F00103DAB2BB6983F82420BB691B6AB869984741E0BB6993F8B8
:20C68000243023F00103DAB2BB6983F8242038E0BB6993F8243043F00103DAB2BB6983F843
:20C6A0002420BA68BB699A61BB699B69002B06D11F4B1D4A40F259311C48FCF7DDFFBB69E7
:20C6C0009A697B69D1187B697A69B869FFF716FF17E0BB6993F8243003F00203002B03D1A6
:20C6E000B869FDF71BFB0CE0BB6993F8243023F00103DAB2BB6983F8242002E000BF00E019
:20C7000000BF0C4B1B68391D00221846FDF70AFF0346002B7FF438AF00BF00BF2037BD4607
:20C7200080BD00BF90450300F0450300F04403009C450300E445FF1F80B582B000AF09E08C
:20C740000E4B1B68DB681B683B604FF0FF313868FFF7FCFD094B1B681B68002BF0D1074B06
:20C760001B687B60064B1B68044A1360044A7B68136000BF0837BD4680BD00BFDC45FF1FE6
:20C78000E045FF1F80B582B002AFF7F7CBFE154B1B68002B20D11448FDF7DEFB1348FDF710
:20C7A000DBFB134B104A1A60124B104A1A6000230093114B114A10210A20FDF711FD03462D
:20C7C000084A1360074B1B68002B05D0054B1B680B491846FEF7B0F9F7F7DCFE00BFBD4612
:20C7E00080BD00BFE445FF1FB445FF1FC845FF1FDC45FF1FE045FF1F9046FF1FF045FF1FEB
:20C80000C445030081F0004102E000BF83F0004330B54FEA41044FEA430594EA050F08BFC6
:20C8200090EA020F1FBF54EA000C55EA020C7FEA645C7FEA655C00F0E2804FEA5454D4EBB3
:20C840005555B8BF6D420CDD2C4480EA020281EA030382EA000083EA010180EA020281EA1C
:20C860000303362D88BF30BD11F0004F4FEA01314FF4801C4CEA113102D0404261EB410127
:20C8800013F0004F4FEA03334CEA133302D0524263EB430394EA050F00F0A780A4F101041E
:20C8A000D5F1200E0DDB02FA0EFC22FA05F2801841F1000103FA0EF2801843FA05F3594154
:20C8C0000EE0A5F120050EF1200E012A03FA0EFC28BF4CF0020C43FA05F3C01851EBE37182
:20C8E00001F0004507D54FF0000EDCF1000C7EEB00006EEB0101B1F5801F1BD3B1F5001F44
:20C900000CD349085FEA30004FEA3C0C04F101044FEA445212F5800F80F09A80BCF1004F08
:20C9200008BF5FEA500C50F1000041EB045141EA050130BD5FEA4C0C404141EB0101013C1E
:20C9400028BFB1F5801FE9D291F0000F04BF01460020B1FA81F308BF2033A3F10B03B3F1B7
:20C9600020020CDA0C3208DD02F1140CC2F10C0201FA0CF021FA02F10CE002F11402D8BF27
:20C98000C2F1200C01FA02F120FA0CFCDCBF41EA0C019040E41AA2BF01EB0451294330BD0C
:20C9A0006FEA04041F3C1CDA0C340EDC04F11404C4F1200220FA04F001FA02F340EA03008C
:20C9C00021FA04F345EA030130BDC4F10C04C4F1200220FA02F001FA04F340EA03002946EF
:20C9E00030BD21FA04F0294630BD94F0000F83F4801306BF81F480110134013D4EE77FEA66
:20CA0000645C18BF7FEA655C29D094EA050F08BF90EA020F05D054EA000C04BF19461046E1
:20CA200030BD91EA030F1EBF0021002030BD5FEA545C05D14000494128BF41F0004130BD92
:20CA400014F580043CBF01F5801130BD01F0004545F0FE4141F470014FF0000030BD7FEAF5
:20CA6000645C1ABF194610467FEA655C1CBF0B46024650EA013406BF52EA033591EA030F95
:20CA800041F4002130BD00BF90F0000F04BF0021704730B54FF4806404F132044FF00005EF
:20CAA0004FF0000150E700BF90F0000F04BF0021704730B54FF4806404F1320410F000459A
:20CAC00048BF40424FF000013EE700BF42004FEAE2014FEA31014FEA02701FBF12F07F4393
:20CAE00093F07F4F81F06051704732F07F4208BF704793F07F4F04BF41F40021704730B5A5
:20CB00004FF4607401F0004521F000411CE700BF50EA010208BF704730B54FF000050AE0E6
:20CB200050EA010208BF704730B511F0004502D5404261EB41014FF4806404F132045FEA8D
:20CB4000915C3FF4D8AE4FF003025FEADC0C18BF03325FEADC0C18BF033202EBDC02C2F1F3
:20CB6000200300FA03FC20FA02F001FA03FE40EA0E0021FA02F11444BDE600BF70B54FF02D
:20CB8000FF0C4CF4E06C1CEA11541DBF1CEA135594EA0C0F95EA0C0F00F0DEF82C4481EA75
:20CBA000030621EA4C5123EA4C5350EA013518BF52EA033541F4801143F4801338D0A0FB2A
:20CBC00002CE4FF00005E1FB02E506F00042E0FB03E54FF00006E1FB03569CF0000F18BF97
:20CBE0004EF0010EA4F1FF04B6F5007F64F5407404D25FEA4E0E6D4146EB060642EAC621A0
:20CC000041EA55514FEAC52040EA5E504FEACE2EB4F1FD0C88BFBCF5E06F1ED8BEF1004F2F
:20CC200008BF5FEA500E50F1000041EB045170BD06F0004646EA010140EA020081EA03018E
:20CC4000B4EB5C04C2BFD4EB0C0541EA045170BD41F480114FF0000E013C00F3AB8014F164
:20CC6000360FDEBF002001F0004170BDC4F10004203C35DA0C341BDC04F11404C4F1200511
:20CC800000FA05F320FA04F001FA05F240EA020001F0004221F0004110EBD37021FA04F69E
:20CCA00042EB06015EEA430E08BF20EAD37070BDC4F10C04C4F1200500FA04F320FA05F0C7
:20CCC00001FA04F240EA020001F0004110EBD37041F100015EEA430E08BF20EAD37070BDBA
:20CCE000C4F1200500FA05F24EEA020E20FA04F301FA05F243EA020321FA04F001F00041AB
:20CD000021FA04F220EA020000EBD3705EEA430E08BF20EAD37070BD94F0000F0FD101F08A
:20CD20000046400041EB010111F4801F08BF013CF7D041EA060195F0000F18BF704703F089
:20CD40000046520043EB030313F4801F08BF013DF7D043EA0603704794EA0C0F0CEA1355B1
:20CD600018BF95EA0C0F0CD050EA410618BF52EA4306D1D181EA030101F000414FF0000007
:20CD800070BD50EA410606BF1046194652EA430619D094EA0C0F02D150EA013613D195EABD
:20CDA0000C0F05D152EA03361CBF104619460AD181EA030101F0004141F0FE4141F47001EB
:20CDC0004FF0000070BD41F0FE4141F4780170BD70B54FF0FF0C4CF4E06C1CEA11541DBF5A
:20CDE0001CEA135594EA0C0F95EA0C0F00F0A7F8A4EB050481EA030E52EA03354FEA013110
:20CE000000F088804FEA03334FF0805545EA131343EA12634FEA022245EA111545EA10654A
:20CE20004FEA00260EF000419D4208BF964244F1FD0404F5407402D25B084FEA3202B61A7F
:20CE400065EB03055B084FEA32024FF480104FF4002CB6EB020E75EB030E22BFB61A7546DA
:20CE600040EA0C005B084FEA3202B6EB020E75EB030E22BFB61A754640EA5C005B084FEAFC
:20CE80003202B6EB020E75EB030E22BFB61A754640EA9C005B084FEA3202B6EB020E75EB29
:20CEA000030E22BFB61A754640EADC0055EA060E18D04FEA051545EA16754FEA06164FEA19
:20CEC000C30343EA52734FEAC2025FEA1C1CC0D111F4801F0BD141EA00014FF000004FF061
:20CEE000004CB6E711F4801F04BF01430020B4F1FD0C88BFBCF5E06F3FF6AFAEB5EB030C48
:20CF000004BFB6EB020C5FEA500C50F1000041EB045170BD0EF0004E4EEA113114EB5C04E6
:20CF2000C2BFD4EB0C0541EA045170BD41F480114FF0000E013C90E645EA060E8DE60CEA81
:20CF4000135594EA0C0F08BF95EA0C0F3FF43BAF94EA0C0F0AD150EA01347FF434AF95EA9A
:20CF60000C0F7FF425AF104619462CE795EA0C0F06D152EA03353FF4FDAE1046194622E706
:20CF800050EA410618BF52EA43067FF4C5AE50EA41047FF40DAF52EA43057FF4EBAE12E797
:20CFA0004FF0FF3C06E000BF4FF0010C02E000BF4FF0010C4DF804CD4FEA410C7FEA6C5C4C
:20CFC0004FEA430C18BF7FEA6C5C1BD001B050EA410C0CBF52EA430C91EA030F02BF90EA80
:20CFE000020F0020704710F1000F91EA030F58BF994208BF90422CBFD8176FEAE37040F06B
:20D00000010070474FEA410C7FEA6C5C02D150EA013C07D14FEA430C7FEA6C5CD6D152EAE3
:20D02000033CD3D05DF8040B704700BF8446104662468C461946634600E000BF01B5FFF747
:20D04000B7FF002848BF10F1000F01BD4DF808EDFFF7F4FF0CBF012000205DF808FB00BFD7
:20D060004DF808EDFFF7EAFF34BF012000205DF808FB00BF4DF808EDFFF7E0FF94BF0120C9
:20D0800000205DF808FB00BF4DF808EDFFF7CEFF94BF012000205DF808FB00BF4DF808ED77
:20D0A000FFF7C4FF34BF012000205DF808FB00BF4FEA410C7FEA6C5C02D150EA013C0AD190
:20D0C0004FEA430C7FEA6C5C02D152EA033C02D14FF0000070474FF0010070474FEA41020D
:20D0E00012F5001215D211D56FF47873B3EB625212D94FEAC12343F0004343EA505311F05B
:20D10000004F23FA02F018BF404270474FF00000704750EA013005D111F0004008BF6FF003
:20D12000004070474FF00000704700BF4FEA4102B2F1E04324BFB3F5001CDCF1FE5C0DD94D
:20D1400001F0004C4FEAC0024CEA5070B2F1004F40EB830008BF20F00100704711F0804FA2
:20D1600021D113F13872BCBF01F00040704741F480114FEA5252C2F11802C2F1200C10FA53
:20D180000CF320FA02F018BF40F001004FEAC1234FEAD32303FA0CFC40EA0C0023FA02F3E3
:20D1A0004FEA4303CCE77FEA625307D150EA01331EBF4FF0FE4040F44000704701F0004023
:20D1C00040F0FE4040F40000704700BF7BB972B90029BEBF00204FF0004106E008BF0028BD
:20D1E0001CBF6FF000414FF0FF3000F09DB9ADF1080C6DE904CE002909DB002B1ADB00F009
:20D2000035F8DDF804E0DDE9022304B07047404261EB4101002B1BDB00F028F8DDF804E0D8
:20D22000DDE9022304B0404261EB4101524263EB43037047524263EB430300F017F8DDF864
:20D2400004E0DDE9022304B0404261EB41017047524263EB430300F009F8DDF804E0DDE9EC
:20D26000022304B0524263EB430370472DE9F047089D0C46002B4ED194468C458646B2FA45
:20D2800082F262D94AB1C2F12003914020FA03F30CFA02FC194300FA02FE4FEA1C471FFA1E
:20D2A0008CF6B1FBF7F44FEA1E4307FB141143EA014304FB06F199420AD91CEB030304F16D
:20D2C000FF3080F01281994240F20F81023C6344591A1FFA8EF3B1FBF7F007FB101143EAAA
:20D2E000014300FB06F69E420AD91CEB030300F1FF3180F0FC809E4240F2F98063440238AA
:20D300009B1B40EA044000211DB1D3400022C5E90032BDE8F0878B4205D90DB1C5E90001B1
:20D3200000210846F5E7B3FA83F1002946D1A34202D39042C0F0F080861A64EB030301207F
:20D34000002DE6D0C5E90063E3E7002A40F09080A1EB0C044FEA1C481FFA8CF70121B4FBFF
:20D36000F8F64FEA1E4308FB164443EA044307FB06F0984208D91CEB030306F1FF3402D296
:20D38000984200F2CD8026461C1A1FFA8EF3B4FBF8F008FB104443EA044300FB07F79F42FC
:20D3A00008D91CEB030300F1FF3402D29F4200F2B0802046DB1B40EA0640A5E7C1F1200654
:20D3C0008B4022FA06F71F4320FA06FC04FA01F343EA0C03F44000FA01F8380C4FEA1349BD
:20D3E000B4FBF0FE1FFA87FC00FB1E4449EA04440EFB0CF9A14502FA01F20AD93C190EF102
:20D40000FF3A80F08480A14540F28180AEF1020E3C44A4EB09041FFA83F9B4FBF0F300FB59
:20D42000134449EA044403FB0CFCA44507D93C1903F1FF3067D2A44565D9023B3C4443EA89
:20D440000E40A0FB0293A4EB0C049C42CE469C4651D34ED055B1B8EB0E0364EB0C0404FA82
:20D4600006F6CB401E43CC40C5E90064002150E7C2F1200320FA03F10CFA02FC24FA03F3D2
:20D4800094400C434FEA1C4800FA02FE1FFA8CF7B3FBF8F008FB1031230C43EA014300FBC1
:20D4A00007F1994208D91CEB030300F1FF362CD299422AD9023863445B1AA4B2B3FBF8F166
:20D4C00008FB113344EA034401FB07F3A34208D91CEB040401F1FF3613D2A34211D90239AF
:20D4E0006444E41A41EA004139E70446F0E6084606E7C845AED2B9EB020E63EB070C0138C4
:20D50000A8E73146EDE7034699E73046D4E7D6467FE7634402384DE70646234608460FE7A7
:20D52000023E634430E700BF704700BF024B0146186800F02DB800BF500BFE1F024B014604
:20D54000186801F0B1BE00BF500BFE1F70B50F4E0C463168054611B901F052FE30602146FA
:20D56000284601F04DFE431C03D14FF0FF34204670BDC41C24F00304A042F8D0211A28467B
:20D5800001F03EFE0130F2D1EFE700BFD846FF1F2DE9F843CD1C25F0030508350C2D38BFD5
:20D5A0000C25002D064601DBA94204D90C2333600020BDE8F883DFF8D48000F069F8D8F8CF
:20D5C00000301C4644BB29463046FFF7BFFF431C044658D1D8F800402746002F43D1002C63
:20D5E0004BD023683946304604EB030901F008FE814542D121686D1A29463046FFF7A6FF35
:20D6000001303AD023682B442360D8F800305A6862BBC8F800700FE02268521B20D40B2A34
:20D6200017D96119A342256018BF5960636808BFC8F8001062514B60304600F02FF804F144
:20D640000B00231D20F00700C21A1CBF1B1AA350AFE76268A3420CBFC8F800205A60EBE70D
:20D6600023466468AEE73C467F68B6E71A465B68A342FBD100235360DEE70C233360304633
:20D6800000F00CF894E70560D6E700BFDC46FF1F014801F0CCBD00BF4248FF1F014801F096
:20D6A000C8BD00BF4248FF1F024B0A460146186800F002B8500BFE1F2DE9F0418046154690
:20D6C0000C4621B9BDE8F0411146FFF761BF2AB901F0EAFD00242046BDE8F08102F072FE1E
:20D6E0008542064602D8B5EB500FF4D829464046FFF74EFF07460028ECD0B5422A4621463B
:20D7000028BF324601F0A8FD2146404601F0CCFD3C46E0E770B504460D4645EC104B16467A
:20D7200002F012FD51EC100B7EB1C5F30A53C3F16B03002B09DD1B0503F17F55002405F513
:20D74000401522462B46FFF719FA41EC100B70BD2DE9F04F9DB082460F92002218920C46F4
:20D760004FF000084FF000090A46179211782B293BD02CD80D2926D8082926D800292FD0AA
:20D7800000220D92179D2A78302A7DD16A7802F0DF02582A6ED102930D9B019318AB00932D
:20D7A000894A19AB17A9504601F02EFE10F00F0604463ED0062E1AD10F9B0BB101351D60BA
:20D7C00042464B4640E02029DAD10132CDE72D29D6D101210D91511C17915278002AD1D1CD
:20D7E0000F9B002BECD01C60EAE70021F2E7189A3AB135211AA802F0A1FD1899504602F0D3
:20D800006BF9013E199A042E06D8DFE806F022032B2E2200DDE91A89E10548BF49F000496D
:20D8200029F000431B0D1B051BB901F0F9FC222303600F9B13B10F9A179B13600D9B002BD3
:20D84000BED0424609F1004343EC102B1DB0BDE8F08FDDE91A8302F2334223F4801343EA77
:20D860000259D9E7DFF86891D6E76FF000494FF0FF38D1E7179B5A1C17925B78302BF9D062
:20D88000002BD6D0012300E000230027CDE905770493179B0A930A2217980578A5F1300330
:20D8A000D9B2092924D94949012200F042FE00282DD000202A46059D83460346652A01D000
:20D8C000452A13D11DB9049A024389D00025179C621C179262782B2A6DD02D2A71D04FF0A1
:20D8E000000CA2F13001092978D91794002696E005990829DDBF069902FB0133069302FBBD
:20D900000737059B0130013305931790C4E7179B5A1C17925A78059BABB383461D46A2F17A
:20D920003003092B12D90123C8E7179B5A1C17925A780130302AF8D0A2F13103082B00F2E0
:20D94000EF84179B0A93834600200546303A00F1010312D09B4400EB050C2B460A219C4538
:20D9600013D12B18082B05F10105054419DC06990A2303FB012306930023179A511C1791A3
:20D9800052781846CBE70598D4E7082B03F1010303DC069E4E430696E1E7102BD8BF4F434E
:20D9A000DDE70F2BDCBF0A2303FB0727E4E74FF0000B012387E74FF0000CA21C1792A27802
:20D9C0008FE74FF0010CF8E7304603000B4603000000F07F179A511C17915278302AF9D0B7
:20D9E000A2F13101082981D8303A0792179A0C92179A561C17965278A2F1300EBEF1090F54
:20DA000038D90C99761A082E44F61F6603DC07998E42A8BF0E46BCF1000F00D07642002D50
:20DA20004FD1049908437FF404AF002B7FF4D8AE692A29D026DC492A26D04E2A7FF4D0AE34
:20DA40009B4917A801F002FF00283FF4C9AE179B1B78282B2FD197491AAA17A801F00AFF6A
:20DA6000052828D11B9BDDF8688043F0FF4949F4E009DEE6079E0A2101FB0621A1F13002F1
:20DA80000792B5E76E2AD9E78B4917A801F0DEFE00283FF4A5AE179B8849013B17A81793C3
:20DAA00001F0D4FE10B9179B01331793DFF81C924FF00008BDE6824801F0E6FB59EC108B5F
:20DAC000B7E6A6EB0B030C93059B0698002B08BF2B46102D05932C46A8BF1024FEF7D4FF20
:20DAE000092D8046894613DC0C9B002B3FF4A1AE0C9B78DD162B45DC724901EBC301D1E995
:20DB0000000142464B46FFF739F88046894690E66C4B03EBC40353E91223FFF72FF88046F9
:20DB200038468946FEF7B0FF02460B4640464946FEF76EFE0F2D80468946D5DD0C9B2C1B74
:20DB40001C44002C25DC00F0A280644214F00F020AD05C4B03EBC20340464946D3E9002343
:20DB6000FFF736F980468946241100F090801F2C40F3B28022234FF000084FF00009CAF870
:20DB8000003056E60C9AC5F12503934219DA2C1B144414F00F030AD04A4901EBC301424673
:20DBA0004B46D1E90001FEF7E9FF8046894634F00F046CD0B4F59A7F41DD2223CAF800301D
:20DBC00074E7404CC5F10F0504EBC50142464B46D1E90001FEF7D2FF0C9B5D1B04EBC5046E
:20DBE000D4E900238FE71633A8DB364BABEB060203EBC203D3E9002340464946FFF7E8F867
:20DC000083E7002306932223DFF8C090CAF800304FF000081899504601F05EFF069950466F
:20DC200001F05AFF0599504601F056FF1099504601F052FF0799504601F04EFFF9E500232A
:20DC4000214F0493241140464946012C22DC0BB180468946049B1C49A9F1547901EBC301DC
:20DC600042464B46D1E90001FEF788FF174B0A460B4017498B4280469FD8A1F580118B42F9
:20DC800086BFDFF850904FF0FF3802F15479002304934CE0E20704D5D7E90023FEF76EFF65
:20DCA0000123049A0132049264100837CDE700BF164603001C4603000D4603001046030040
:20DCC000E54A0300184A0300F04903000000F07F0000A07CFFFFEF7F14F0100318BF6A23FF
:20DCE000AA4F0493404649460023E20704D5D7E90023FEF743FF0123641007F10807F4D11C
:20DD00000BB180468946049B43B1C9F30A52C2F16B03002B49464EDC6A2304930022002399
:20DD200040464946FFF792F900287FF423AF069B0093059A0A992B46504601F035FF10909E
:20DD400000283FF43AAF0C9BABEB060B002BB4BF5B46002311930C9B23EAE3731593002356
:20DD600007930593109B5046596801F075FE069000283FF448AF109B1A69023203F10C01C0
:20DD800092000C3001F068FA49EC108B1AAA19A95046CDE90A8902F047FA189000283FF4F7
:20DDA00032AF0121504601F099FF05900346D0B90023059327E71F2B0EDD342BDEBF4FF0A1
:20DDC000FF33C2F14B0293404FF00008CCBF4FF05C7903EA01099FE74FF0FF3202FA03F379
:20DDE00003EA080898E7199C1A9A002CABBF119B159B159E119FACBFE7181E1B049BE41AA9
:20DE00001444634B013C9C42C2F1360280F2B2801B1B1F2BC2BFC4F17F4404F57F0404F564
:20DE20007B444FF00105C8BFE234A2EB0302DABF9D40002405FA04F407EB020B049B5F45DC
:20DE400016441E443B46A8BF5B46B342A8BF3346002BC2BFABEB030BF61AFF1A119B002B58
:20DE600016DD05991A46504601F0F8FF059000289ED00146189A504601F046FF0E9000287D
:20DE80003FF4C1AE1899504601F026FE0E9B1893BBF1000F71DC0C9B002B08DD159A069923
:20DEA000504601F0DBFF069000283FF4AAAE002E08DD06993246504602F02AF80690002826
:20DEC0003FF49FAE002F08DD05993A46504602F01FF8059000283FF496AE069A18995046D6
:20DEE00002F09EF8079000283FF48DAEC3680E9300230599C36002F077F800284ADA0E9B67
:20DF000053EA080340F0BC80C9F31303002B40F0B78029F000431B0D1B05B3F1D66F40F22A
:20DF2000AF80079B5B6923B9079B1B69012B40F3A78007990122504601F0EAFF059907905C
:20DF400002F052F8002840F39B8029F00043049A1B0D1B05002A79D0B3F1D66F6DD8B3F188
:20DF60005C7F45D84FF000084FF000092223CAF800304FE6002401255EE718995A46504638
:20DF800001F0C6FF1890002885D13CE64846030002FCFFFFCB4640F0A4800E9AC9F3130317
:20DFA000002A41D09C4A934259D1049B42467BB9B8F1FF3F40F08A80984B99453FF423AE00
:20DFC000974BDDF8108009EA030303F5801921E6934B09EA0303B3F1D46F17D918F10101B0
:20DFE0001CD18E4A91453FF40EAE03F5801980468C4B404649460022FEF7C0FD884B0B4062
:20E0000080468946002B7FF405AEAFE71E0DC6F16B064FF0FF31B1408845E6D0002C5ED0F4
:20E0200014EA0B0FE4D01EE0002B4AD1B8F1000F8BD064B314EA0B0F2BE0A3F580136FEAFF
:20E0400013596FEA09594FF0FF38D1E7A3F580136FEA13596FEA09594FF0FF38DAE59CB13E
:20E0600014EA090F0CD040464946049AFFF752FBDDE90A0153EC102BFEF7CAFB804689461E
:20E08000049B002BB4D1C5E515EA080FEAE718EA050FF5D0049A40464946FFF73BFBDDE920
:20E0A0000A0153EC102BFEF7B1FB0022002304460D46FEF7CBFF00287FF454AFA046A94626
:20E0C000DEE7002CB6D115EA080FE2E724B114EA090F3FF49FADC6E718EA050FF9E72A4270
:20E0E000A0E70599079802F0F7F855EC104B00224FF0804320462946FEF7BCFF00286DD0D1
:20E100000E9B002B78D1B8F1000F56D1C9F31303002B59D1444B002220462946FEF7A0FFC2
:20E12000002858D120462946404B0022FEF726FD04460D4605F1004308940993384B0BEA6E
:20E1400003031493149A3A4B9A42DDE9086740F0A880ABF1547949EC108B01F0F5FFDDE992
:20E16000082351EC100BFEF709FD42464B46FEF74FFB0B462A492F4A1940914280465BD966
:20E180000B9A264B9A4203D10A9B01333FF43BADDFF888904FF0FF381899504601F09CFC90
:20E1A0000699504601F098FC0599504601F094FC0799504601F090FCD4E5B8F1010F03D1F7
:20E1C000B9F1000F3FF4CEAE9FED0F7B164D8DED087B0024B2E7154D0024ABE7134B2046C8
:20E1E00029460022FEF7CAFC0E9B04460D46002BA0D0CDE90845A1E79FED057B8DED087B5E
:20E2000055EC174B9AE700BF000000000000F0BF000000000000F03FFFFF0F00FFFFEF7FC4
:20E220000000F07F000050390000F03F0000E03F0000E07FFFFF9F7C03F15479049B4E462C
:20E24000002BA9D129F00043149A1B0D1B059A42A2D12046294603F0ABF9FEF761FC0B4669
:20E26000024629462046FEF7D1FAC9F313060E9B46EA08061E4304460D464BD02EA3D3E95F
:20E280000023FEF7EDFE00287FF4C4AC2CA3D3E9002320462946FEF701FF00283FF47CAF72
:20E2A000B8E4049B13B3149BB3F1D46F1ED826A3D3E9002320462946FEF7DCFE90B12946D5
:20E2C000204603F055F9012838BF0120FEF7DCFB0E9B04460D46D3B901F10043129013933B
:20E2E000DDE91267149A07F1D6639F1A9DED0A0B01F02AFF304653EC102B3946FEF73EFCF0
:20E30000DDE90A23FEF784FA8046894696E7CDE91245E5E70EA3D3E90023FEF7A1FEBCE7E5
:20E32000652A3FF444AB452A3FF441AB0123FFF778BB00BFAFF300809535A094FFFFDF3F56
:20E3400035E5AF350000E03F0000C0FFFFFFDF419535A094FFFFCF3F0A4601460248034B8A
:20E360000068FFF7F5B900BF500BFE1FE409FE1F0CB430B5174B0C1E1D689DB008DA8B23BD
:20E380002B604FF0FF301DB0BDE8304002B070474FF40273ADF8143014BF04F1FF33234635
:20E3A000049307934FF6FF7302900690ADF81630209A21AB02A92846019302F0F1F8431CF5
:20E3C000BCBF8B232B60002CDDD0029B00221A70D9E700BF500BFE1F0EB400B59CB01DABE5
:20E3E000029006906FF00041094807910491094953F8042B05910068019302A902F0D0F814
:20E40000029B00221A701CB05DF804EB03B07047500BFE1F0802FFFF0EB430B59CB01FACFB
:20E420004FF4017254F8045BADF814200290069000F020FF0B4B039007900B930A48019466
:20E4400000230F9314934FF6FF73ADF816302A46234602A9006802F0F7F91CB0BDE83040FF
:20E4600003B070476DE40200500BFE1F0020704730B51446002C9BB005461A4605DA8B23A2
:20E4800003604FF0FF301BB030BD4FF40273ADF80C3014BF04F1FF332346029305934FF685
:20E4A000FF7300910491ADF80E3069461E9B02F077F8431CBCBF8B232B60002CE3D0009B8B
:20E4C00000221A70DFE7FFFF07B5009313460A46014603480068FFF7CBFF03B05DF804FB13
:20E4E000500BFE1F10B501390244904201D1002005E0037811F8014FA34201D0181B10BD2C
:20E500000130F2E702440346934200D1704703F8011BF9E710B50246147813460132002CBD
:20E52000FAD1013B11F8012B03F8012F002AF9D110BD10B56AB10139841810F8012B11F8C0
:20E54000013F9A4203D1A04201D0002AF5D1D01A10BD1046FCE7FFFF38B50B4B1D686B6B9C
:20E56000044653B92420FEF7E1FF0246686320B9064B07483221FBF77FF8696B2046BDE805
:20E58000384000F007B800BF500BFE1F71470300884703002DE9F0410C46804602F04CFEF5
:20E5A00021460546404602F04BFE43699907044603F26C7706D1642297FBF2F302FB137323
:20E5C000002B70D14FF4C87297FBF2F302FB1373B3FA83F35B09644E302202FB036600F077
:20E5E000DBFB00F0E5FB614B1B68002B6AD06B68BB425AD12F68D8E90023D5E90801002F75
:20E600005BD1824273EB01015EDB012323622B6D61684FF4616293FBF2F002FB10333C2253
:20E6200093FBF2F502FB153223689B1AA2682360491B121A3B2B6160A26051DD013161607A
:20E640003C3B236063683B2B50DD0132A2603C3B6360A368172B4FDDE2690132E261A269AE
:20E660000132072AA8BF0022A261E268183B0132A3602369E26056F823108A420EDD0B2B9B
:20E68000A2EB0102E26003F1010209BF636922610022013302BF22616361E26100F082FB8C
:20E6A0002046BDE8F081012395E7384600F0CAFA00289FD14FF0FF3304E0824273EB0101FB
:20E6C00002DA0023236209E0D5E9120182428B41B4BF012300232362002B98D1AB6A97E706
:20E6E000002BAFDA013961603C33AAE7002BB0DA013AA2603C33ABE7002BCFDAE269013A1E
:20E70000E261A269013A48BF0622A261E2681833013AE260A360002AC0D12369013B05D4CD
:20E720002361236956F82330E360B7E70B23236163695A1E6261920703F26B7305D16421C7
:20E7400093FBF1F201FB123262B94FF4C87293FBF2F102FB1133B3FA83F35B0903F5B67316
:20E76000E361DEE70123F9E74C4803003848FF1FF7B501683B29044611D93C22684600F0AE
:20E780008BFD019A63680099002A0B446360BBBF3C3203F1FF3322602260B8BF63606168A1
:20E7A0003B2911D93C22684600F076FD019AA3680099002A0B44A360BBBF3C3203F1FF33D3
:20E7C00062606260B8BFA360A168172911D91822684600F061FD019AE3680099002A0B44DA
:20E7E000E360BBBF183203F1FF33A260A260B8BFE36021690B2911D90C22684600F04CFD71
:20E80000019A63690099002A0B446361BBBF0C3203F1FF3322612261B8BF636163699A072F
:20E820001CD1642193FBF1F201FB1232C2B903F26C734FF4C87293FBF2F102FB1133002B0C
:20E8400014BF1C231D23E268002A0BDC344D0B206421E668002E11DD03B0F0BD1C23F2E7F8
:20E860001D23F0E72E480225D4E90321012932D19342F1DAD21AC4E90325F5E72269013AD3
:20E880002261013216D163695A1E9707C4E9040219D192FBF1F701FB1722B2B903F26B7374
:20E8A0004FF4C87293FBF2F702FB1733002B14BF1C231D232269012A14BF55F822201A4628
:20E8C0003244E260C5E71C23F4E71D23F2E71C23CAE71D23C8E750F82160B242BCDD01313A
:20E8E000921B0C29E2602161BED1636900215A1C216191076261EAD1642192FBF1F601FBF3
:20E900001622002AE5D103F26D734FF4C87293FBF2F102FB1133002B14BF1C231D23A3E7D4
:20E920001C4803002DE9F74F074602F085FC82463846FFF71DFFD7E900433C2202FB034457
:20E94000BB687D694FF4616202FB0344D7E90363B94A52F82320013E012B164411DDA9074B
:20E960000FD1642295FBF2F302FB135343B905F26C734FF4C87293FBF2F102FB113303B99C
:20E98000013605F51C53103344F620629342FE6100F24D81462D40F39980462340F26D1C01
:20E9A00064214FF4C8709A0740F08A8093FBF1F201FB1232002A40F0868003F26C7292FB0B
:20E9C000F0FE00FB1E22002A14BF62464FF4B77201339D421644E6D1984B4FEAE478C6FBA0
:20E9E000034800F0D9F900F0E3F9954B1B68002B00F013817869DAF80430D7F8209000F2D4
:20EA00006C70834240F0A480DAE90823DAF85000DAF828C0DAE9121B121A63EBE0730193E6
:20EA2000B1EB0C036BEBEC7E9C4278EB0E0E80F2B580DAF8001029B1019B944278EB0303D0
:20EA4000C0F2BA80B9F1000F40F08F80ACEB00004FF001093B68D7F80CB00419034448EB2D
:20EA6000E0783B603846FFF783FEFA68B2EB0B0278D0012A00F3A880931CD8BF0122FB6947
:20EA8000D31840F1AA806B1E980740F0A080642193FBF1F001FB1033002B40F09B804FF4CC
:20EAA000C87305F26B7595FBF3F103FB1155002D40F26D1318BF4FF4B673FB61164451E063
:20EAC00040F26D1284E74FF4B77281E784D0452340F26D1C64214FF4C87012E062BB93FB32
:20EAE000F1F201FB123252BB03F26C7292FBF0FE00FB1E22002A14BF62464FF4B772B61A7C
:20EB0000013B9D4203F00302E8DBDAB9642295FBF2F302FB1353C3B905F26C734FF4C8725F
:20EB200093FBF2F102FB1133002B40F26D1308BF4FF4B773F61A4FE740F26D12DFE74FF412
:20EB4000B772DCE740F26D13F4E74FF4B773F1E700F078F800287FF457AFB9F1010FA8BFD5
:20EB60004FF00109B9F1010F59D1DAF850301C1948EBE3784FF0010900F014F904360723A9
:20EB800096FBF3F3C3EBC303F61A4ED4C7F82090BE612046414603B0BDE8F08F091A4FEAAA
:20EBA000E0736BEB030E8C4278EB0E0ED5DBDAF8001000293FF440AFB9F1000F2DDDA0EB23
:20EBC0000C004FF0000945E74FF0FF3257E74FF4B67372E740F26D136FE7A90717D164201E
:20EBE00095FBF0F100FB1151A1B94FF4C87105F26C7595FBF1F001FB1055002D40F26D11EA
:20EC000008BF4FF4B7718B42A8BF5B1A55E740F26D11F8E74FF4B771F5E74FF00009DAF8ED
:20EC200028301C1948EBE378A6E70736AEE74FF0FF34A046ADE700BFEC47030080510100A7
:20EC40003848FF1F2DE9F047044602F0F5FA40F2B1739C4240F399806FF4F667E519A4F2CA
:20EC6000B27340F26D12AD1002FB03556FF4C86C6FF06302A4F26D73454F93FBF2F31D4473
:20EC80004FF4C87204EB0C034460B3FBF2F301461D4400F1500C0B7A4A694A2B33D1A6076F
:20ECA00005EB020306D14FF0640E94FBFEF60EFB164636B94FF4C87E94FBFEF60EFB16468F
:20ECC000FEB93B2AD4BF002201221344013B8A69D617C3FB07268B6AD21846EBE373C1E9D2
:20ECE000082328318C45D6D1D0E90843D0E912128C429341B4BF0123002303600120BDE8B2
:20ED0000F0870022E1E7442B01D1AB18DFE7A30705D1642694FBF6F306FB13437BBB4FF476
:20ED2000C87394FBF3F603FB1646B6FA86F67609DFF860E0D1F80C904FF0300A2B464FF076
:20ED400000080AFB06E608F10108C14556F828E017DC03F10408072698FBF6F6C6EBC60640
:20ED6000A8EB0606921B0E6906F1FF3648BF0732C6EBC6063244724505DA1344A7E70126CF
:20ED8000D6E77344DFE7073AF5E70020B7E700BF8051010048480300014800F047BA00BF41
:20EDA0004048FF1F014800F043BA00BF4048FF1F014B186800F002B8500BFE1F2DE9F04FCF
:20EDC0008DB0074602F038FABC49BD4D0446384600F028FE064610BBBA4BBB4A1860BB4BF9
:20EDE000A0621860BA4B2065C3E900224A2100220023C4E90300C4E90500C4E90D00C4E9C8
:20EE00000F00C4E90823C4E912232868217284F83010FEF793FB2E600DB0BDE8F08F2968C7
:20EE2000002940F08E802868FEF788FB304600F021FA411C3846FEF7ABFB2860002840F08C
:20EE40008680A24ADFF88882DFF878A200231360A04ACAF8003000200021C8E90022C4E9BB
:20EE60000333C4E90533C4E90801C4E90D33C4E90F33C4E912014A222272A36284F8302054
:20EE8000236533783A2B08BF013633783C2B62D1751C914A91490AAB2846FFF7BDFA002859
:20EEA000BADD0A9BDA1E072AB6D8EB5C3E2BB3D102360A9BF518F35C2D2B5AD101354FF0FA
:20EEC000FF390023ADF81E30ADF8203008AF0AABCDE9013703930DF11E03009380490AABCF
:20EEE00007AA2846FFF798FA002895DDBDF81E30BDF820603C2202FB0366BDF81C304FF491
:20EF0000616202FB03660A9B09FB06F605EB0309EB5C3C2B40F0EE8009F10105714A6F4968
:20EF20000AAB2846FFF778FA002828DC99F801303E2B24D1684BA662C8E90033CAF8006039
:20EF40006AE700F077F900287FF46DAF64E7314600F07AF975E7604A63490AAB3046FFF751
:20EF60005BFA00287FF758AF0A9B033B072BA0D952E72B2B08BF01354FF00109A1E70A9B07
:20EF8000DA1E072A3FF648AFEB5C3E2B7FF444AF09F102090A9B09EB030519F803302D2BC4
:20EFA00040F0B78001354FF0FF390023ADF81C30ADF81E30ADF820300A930AABCDE90273C4
:20EFC00001930DF11E03009345490AAB07AA2846FFF722FA002800F3A280A6F56163049344
:20EFE0000A9B27461D444FF0000B2B782C2B08BF013595F80090B9F14D0F40F0A3800AAB32
:20F000000DF12602CDE9013209AA0092374903930DF122022846FFF7FFF903287FF4FCAEC0
:20F02000BDF822104B1E0B2B3FF6F6AEBDF82420531E042B3FF6F0AEBDF82630062B3FF694
:20F04000EBAEC7E9031287F808907B610A9B05EB030900254FF00203ADF81C30ADF81E5051
:20F06000ADF820500A9599F800302F2B40F096800AAB08AACDE901320DF11E0200921C4916
:20F08000039307AA4846FFF7C7F9A84200F386804A2100220023C4E90355C4E90555C4E999
:20F0A0000823C4E90D55C4E90F55C4E912232172A56284F830102565AEE600BFAC480300F9
:20F0C0001848FF1F3448FF1FAF4803003848FF1FDC09FE1FE54A03002848FF1FB3480300C0
:20F0E000E84803001C48FF1FC6480300D4480300E74803003E4A3F490AAB4846FFF78CF92B
:20F1000000287FF717AF0A9B033B072B7FF642AF82E62B2B08BF01354FF0010945E7BDF82B
:20F120001E20BDF820303C2101FB0233BDF81C204FF4616101FB023309FB03F34FE74FF068
:20F14000010B52E7B9F14A0F06BF01354B4644230A220BA92846059301F0B0F9DDF82C9063
:20F16000059BADF82600A94514D14D23BBF1000F07D1237203210223C4E90313C4F814B02D
:20F1800067E784F830300B220123C4E90D230023E3635EE780B23B7278615AE7BDF81E207D
:20F1A000BDF820303C2101FB0233BDF81C204FF4616101FB0233BB610A9D28374D44BBF136
:20F1C000000FBCD0049B23650B4BC8F800306068074BA662C8F80430FFF734FDA26A236D4E
:20F1E000CAF800209B1A054A18BF0123136013E61C48FF1FC64803002848FF1F3848FF1F03
:20F2000038B5064D0023044608462B60FAF7EEFB431C02D12B6803B1236038BD3C48FF1FFB
:20F22000014B1868704700BF500BFE1F704770477047704710F8012B11F8013B012A28BFAD
:20F240009A42F7D0D01A7047034611F8012B03F8012B002AF9D170470A44914200F1FF33D6
:20F2600000D1704710B511F8014B03F8014F9142F9D110BD034613F8012B002AFBD1181A8F
:20F2800001387047FFFFFFFF9FED010B704700BF000000000000F87F10B591FBF2F402FBC9
:20F2A00014110460416010BD38B50546002941D051F8043C0C1F002BB8BFE418FEF7E8F9BD
:20F2C0001D4A136833B9636014602846BDE83840FEF7E4B9A34208D9206821188B4201BFF8
:20F2E00019685B6809182160EDE71A465B680BB1A342FAD911685018A0420BD12068014451
:20F30000501883421160E0D118685B68536008441060DAE702D90C232B60D6E72068211818
:20F320008B4204BF19685B68636004BF091821605460CAE738BD00BFDC46FF1F0369B3EB6E
:20F34000611F2DE9F0434FEA611204DC002303610023436130E000F1140411F01F0104EBE1
:20F36000830604EB82050CD100F110072946B14230D39B1A9B00EA1E964238BF0023234493
:20F3800015E054F82270C1F12008CF4005F1040EA1467645F44611D89A1A9200043A01352A
:20F3A000AE4238BF0022A318A75007B104331A1B9210A3420261CBD0BDE8F083DCF800C03D
:20F3C0000CFA08FC4CEA070749F8047B5EF8047BCF40DEE751F804CB47F804CFC7E7A0F10D
:20F3E0003003092B02D82038C0B27047A0F16103052B01D84738F7E7A0F14103052B01D812
:20F400002738F1E7002070472DE9F04F85B08A4602930B68019090469C1CA14614F8010B5E
:20F420003028FAD0A9EB0303A3F1020BFFF7D7FF0546002868D1A04901224846FFF779F8F6
:20F440000746002867D199F801002646FFF7C7FF002862D0234618783028994603F10103C3
:20F46000F9D0FFF7BCFFB0FA80F56D094FF0010B4A46164601323078FFF7B1FF0028F8D1D4
:20F480008D4901223046FFF754F800283FD144B9741C2246164601323078FFF7A0FF00289A
:20F4A000F8D1A41BA700337803F0DF03502B3ED173782B2B33D02D2B34D0711C0024087842
:20F4C000FFF78DFF431EDBB2182B30D8A0F1100211F8010FFFF783FF00F1FF3C5FFA8CFC30
:20F4E000BCF1180F4FF00A031ED904B152421744CAF80010EDB1BBF1000F0CBF062500250B
:20F50000284605B0BDE8F08F00252C46B0E7002CC7D12746C7E74E462F460125C3E700249A
:20F52000B11CCCE70124FBE703FB0200CEE73146DEE7A6EB0903013B2946072B0ADC01985A
:20F5400000F08AFA044640B95C4B0246E4215C48FAF792F801315B10EFE700F1140A00233C
:20F5600055469B46B14537D345F804BBA5EB0A05AD102561584600F061FB6D01D8F80060A9
:20F580002D1AB54254DDAD1B2946204600F0F9FE814678B16B1E591103F01F025AF82110FE
:20F5A0004FF0010909FA02F20A4203D04B4536DC4FF0020929462046FFF7C0FE2F44D8F834
:20F5C0000830BB4242DA0198214600F085FA0E9A00231360A32593E716F8012D2E2A12D075
:20F5E000202B04D145F804BB4FF0000B5B4630780393FFF7F4FE039B00F00F0098404BEA34
:20F60000000B0433AEE7B145EAD82B49039301223046FEF78EFF039B0028E1D1A2E7A91E6E
:20F62000204600F0AEFE0028C2D04FF00309C1E709DA751B214601982A4600F069FC7F1B49
:20F64000044600F1140A4FF00009B8E7D8F80450BD426FDDED1BAE4234DCD8F80C30022BBA
:20F6600022D0032B24D0012B15D1AE4213D1012E0BD1029AD8F80430136001232361CAF808
:20F6800000300E9B62251C603AE7711E204600F078FE0028EDD10198214600F01DFA0E9A7D
:20F6A0000023136050252BE70F9B002BF3D1E0E70F9B002BDDD1EEE70B46030002490300D3
:20F6C000134903006F1EB9F1000F30D127B13946204600F056FE81467A1101235AF8222079
:20F6E00007F01F07BB4013422946204618BF49F00209FFF723FED8F80470761B0225B9F1F0
:20F70000000F47D0D8F80C30022B15D0032B17D0012B09D119F0020F06D0DAF8003049EA65
:20F72000030919F0010F0ED145F0100532E04FF00109D1E70125E2E70F9BC3F101030F9375
:20F740000F9B002BF0D0D4F810B004F114034FEA8B0A03EB8B014FF0000C184653F8042B11
:20F76000B2F1FF3F1BD001320260022D04F114033CD1D8F80020013AB24209D17111012242
:20F7800053F8213006F01F0602FA06F61E423AD145F020050E9B1C60029B1F60B0E6994243
:20F7A00043F804CCD9D8A3689B4517DB61680198013100F051F9814618B91A4B02468421F8
:20F7C000C5E62269023204F10C0192000C30FFF743FD2146019800F07FF94C4623695A1CBD
:20F7E00004EB8303226101225A61BEE722695A450BDD01212046FFF7A1FDD8F80830013720
:20F80000BB42FFF6E0AE0125C2E716F01F06FAD05344C6F1200653F8040C00F00FFAB042EA
:20F82000E7DBF0E702490300C2F10802920070B5C2F120064368046803FA06F52C43D34003
:20F84000046040F8043F8842F4D370BD30B50368013311F8014B14B90360012030BD13F8E9
:20F86000012BA2F14105192D98BF2032A242F0D00020F3E72DE9F04F0B6801685E1102EB69
:20F88000860613F01F0387B018BF04360025371F82469046019346F8045CB9463C4602950C
:20F8A000AB464A784B1C039342B3104605910492FFF795FD002851D1049A0599202A18D8D9
:20F8C000029B9B4513DD4C4506D2072D04DC2A4649462046FFF7A8FF444552D90023A4F1D0
:20F8E000040944F8043CCDF808B04C461D460399D7E7292A57D10231CAF80010BBF1000F78
:20F9000051D04C4506D2072D04DC2A4649462046FFF78AFF444536D9A8F10402234653F87A
:20F92000041B42F8041F9F42F9D23B1B23F0030304330134033EB44288BF04234344002276
:20F9400043F8042B9F42FBD23B681BB9474528D101233B60052007B0BDE8F08F0135082D69
:20F960000BF1010B06DD4445C1D9002344F8043C0125043C226800F00F0040EA021020602F
:20F98000B5E70825B3E7019B002BDDD0C3F120034FF0FF32DA4056F8043C134046F8043CD0
:20F9A000D2E7043FD0E70420D5E7FFFF2DE9F84FDFF86CA006468946174601F04DFDDAF8F1
:20F9C000004034B14B46984613F8012B3AB13D2AF9D1304601F046FD0020BDE8F88FA8EBB7
:20F9E0000908A34654F8040B0028F2D042464946FEF79FFD0028F4D154F8043C03EB0805AC
:20FA000013F808303D2BECD1DAF80030ABEB03039B1030463B6001F025FD681CDDE700BF0A
:20FA2000F80BFE1F07B501AAFFF7C0FF03B05DF804FB82B001B901A942B14BB113780B6008
:20FA40001278101E18BF012002B070471046FBE76FF00100F8E7FFFF70B5C66904460D4627
:20FA600076B91020FDF762FD0246E06120B9184B18486B21F9F700FEC0E901660660C66099
:20FA8000E669F36883B1E369DB6853F82500B8B9012101FA05F6721D9200204601F0C8FCC4
:20FAA00060B1C0E901560EE021220421204601F0BFFCE369F060DB68002BE4D1002070BDC1
:20FAC000026843F825200023C0E90333F7E700BF714703007C49030070B5C66905460C4629
:20FAE00076B91020FDF722FD0246E86120B9094B09488F21F9F7C0FDC0E901660660C6608C
:20FB00003CB1EB696268DB6853F82210216043F8224070BD714703007C4903002DE9F04105
:20FB20000D6907460C461E4601F1140C0020DCF8003099B202FB01611E0C0B0C02FB0633F5
:20FB400089B2013001EB034185424CF8041B4FEA1346ECDC0EB3A368AB4219DC6168384690
:20FB60000131FFF779FF804628B902460C4B0D48BA21F9F781FD2269023204F10C019200AE
:20FB80000C30FFF769FB21463846FFF7A5FF444604EB850301355E6125612046BDE8F08158
:20FBA000024903007C4903002DE9F8430C4615461F4609220833064693FBF2F30021012263
:20FBC0009A4209DB3046FFF747FF40B90246194B1948D321F9F750FD52000131F0E7089B7E
:20FBE0004361092D4FF00103036116DD04F10909C8462C4418F8013B0146303B0A2230466C
:20FC0000FFF78CFFA045F5D1A5F108044C442D1B6319BB4204DBBDE8F8830A340925F6E77D
:20FC200014F8013B0146303B0A223046FFF776FFEEE700BF024903007C490300B0F5803FAF
:20FC4000034636BF030400201020B3F1807F3CBF1B020830B3F1805F3CBF1B010430B3F1AA
:20FC6000804F03D3002B0ADB013070479B0001D5023070475B0001D503307047202070477B
:20FC80000368024613F007000BD0D90721D4980749BF5B089B08012013605CBF1360022006
:20FCA000704799B209B91B0C1020D9B209B908301B0A190704BF1B090430990704BF9B083E
:20FCC0000230D90703D45B0800F1010003D0136070470020704720207047FFFF10B50C4606
:20FCE0000121FFF7B9FE024628B9054B054840F24511F9F7C1FC01234461036110BD00BF81
:20FD0000024903007C4903002DE9F04F14460A6923699A42A8BF23460F46A4BF0C461F4604
:20FD2000D4F810A0D7F81090A36861680AEB0906B34285B0B8BF0131FFF78EFE30B902467A
:20FD4000444B45484FF4B171F9F796FC00F1140505EB86082B460022434521D307F11401FC
:20FD600004F1140202EB8A0201EB89030293131B153B23F00303043304F11507BA4238BF20
:20FD800004230193029B03918B420CD8002E03DD58F8043D002B5BD0066105B0BDE8F08F91
:20FDA00043F8042BD8E7B1F800A0BAF1000F24D004F1140EA9464FF0000C5EF8047BD9F82C
:20FDC00000301FFA87FB9BB20AFB0B334FEA174BD9F8007063444FEA174C0AFB0BC707EBE0
:20FDE00013479BB243EA0743724549F8043B4FEA174CE2D8019B45F803C0039BB3F80290E1
:20FE00000431B9F1000F21D02B6804F1140CAE464FF0000ABCF800B0BEF8027009FB0B770C
:20FE200057449BB243EA07434EF8043B5CF8043B4FEA134ABEF8003009FB0A3303EB174346
:20FE400062454FEA134AE5D8019FEB51043599E7013E9BE7024903007C4903002DE9F843EB
:20FE6000154612F0030207460E4607D0254C013A002354F82220FFF751FE0646AD103DD0F0
:20FE8000FC697CB91020FDF751FB0246F86128B91D4B1E4840F2B311F9F7EEFBC0E901444B
:20FEA0000460C460D7F81C80D8F808404CB940F271213846FFF712FF0023C8F808000446B4
:20FEC00003604FF00009EB070AD5314622463846FFF71AFF314680463846FFF7FDFD464603
:20FEE0006D100BD0206838B9224621463846FFF70BFF2060C0F800900446E4E73046BDE8EC
:20FF0000F88300BFE0490300714703007C4903002DE9F0470C464968236903EB6218A368A9
:20FF2000074691464FEA621A08F10106B3420BDB3846FFF791FD054648B90246284B294893
:20FF40004FF4EF71F9F798FB01315B00EEE7002300F1140100F110021846534533DB206960
:20FF60002AEAEA7A04F1140319F01F0901EB8A0103EB800C2BD0C9F1200E8A460022186886
:20FF800000FA09F010434AF8040B53F8042B9C4522FA0EF2F3D8ACEB0403153B23F0030381
:20FFA000043304F11500844538BF0423CA500AB108F10206013E38462E612146FFF78CFD11
:20FFC0002846BDE8F08742F8040F0133C5E7043953F8042B41F8042F9C45F9D8EAE700BF05
:20FFE000024903007C4903000A6903460069801A30B50ED11433143103EB820401EB8201F9
:020000040003F7
:2000000054F8045D51F8042D954203D005D24FF0FF3030BDA342F3D3FBE70120F9E7FFFF51
:200020002DE9F74F89460646114648461446FFF7DBFF051E12D129463046FFF70DFD024607
:2000400028B93F4B40F237213E48F9F715FB0123C0E90435104603B0BDE8F08FBCBF4B46E6
:20006000A1463046D9F80410BABF1C4601250025FFF7F2FC024618B9314B40F24521E3E73D
:20008000D9F810702669C56009F1100309F1140504F1140E00F1140B05EB87080EEB860610
:2000A0000193D9464FF0000C019B5EF8040B53F804AF01931FFA8AF3194683B2CB1A000C94
:2000C0006344C0EB1A4000EB23409BB243EA0043764549F8043B4FEA204CE5D8331B153B2E
:2000E00023F0030315340433A64238BF04231D445B441E462C4644450ED308F10301491BC0
:2001000021F00301033DA84538BF00210B4453F8041D91B117619DE754F8041BE646080CE1
:200120001CFA81FC714400EB2C4089B241EA004146F8041B4FEA204CDDE7013FE7E700BFE6
:20014000024903007C49030082B08DED000B019A0F4B1340A3F15073002B08DC5B42B3F1E3
:20016000A07F4FEA235204DA4FF400231341002208E0A2F114031E2BDABF4FF00042DA40E9
:20018000012200231946104641EC100B02B070470000F07F2DE9F041066900F1140808EB8E
:2001A0008606371F56F8042C1046FFF747FDC0F120030A280B601B4915DCC0F10B0C22FAA5
:2001C0000CF3B84543EA010534BF56F8083C0023153002FA00F023FA0CF303431C4645EC22
:2001E000104BBDE8F081B8453ABF56F8083CA6F1080700230B3812D0C0F1200123FA01F434
:2002000082402243474542F07F558CBF57F8042C00228340CA4045F440151343DEE742EA97
:200220000105DBE70000F03F2DE9F7430F46012159EC108B1646FFF70FFC044630B9024648
:20024000234B244840F20F31F9F716FAC9F30A55C9F313030DB143F480130193B8F100039D
:2002600023D068460093FFF70BFDDDE90012D0B1C0F1200302FA03F30B43C2406361019286
:20028000019BA361002B0CBF012202222261A5B1A5F2334505443D60C0F1350030602046D7
:2002A00003B0BDE8F0836161EAE701A8FFF7E8FC019B636120300122E8E704EB8203A0F2B5
:2002C000324038601869FFF7B9FCC0EB4210E5E7024903007C4903002DE9F04F85B0CDE9C9
:2002E000001002A9FFF756FF009803A955EC104BFFF750FF019B1969009B1B69C91ADDE9ED
:2003000002329B1A5BEC10AB03EB4113002BCEBF2A46C3EB03335A462F46D946CCBF02EBF8
:20032000035702EB03594B46524620463946FCF74FFD41EC100B05B0BDE8F08F013970B54D
:2003400049111469013102F1140300EB810103EB8404051FA3420CD3A31A113B23F003039D
:200360001132A24288BF002318440023884205D370BD53F8046B45F8046FEBE740F8043BEB
:20038000F4E700F1140200694B11984210B511DB0ADD11F01F0107D052F8234024FA01F090
:2003A00000FA01F18C420BD102EB8303934203D8002010BD0346F7E753F8041D0029F5D016
:2003C0000120F6E751F8043C181F002BBCBF0B58C01870472DE9F043364E86460D4628466D
:2003E00015F8014B375D17F00807F8D12D2C26D12C780127851C3BBB302C32D00A234FF0B4
:20040000FF380026B8FBF3F803FB08F96FEA09093046A4F1300CBCF1090F29D86446A342DB
:2004200037DDB6F1FF3F07D080452FD301D1A1452CDB00FB0340012615F8014BE9E72B2C81
:2004400004BF2C78851CD6E7102BD8D1302CD6D1287800F0DF005828D1D16C781023023511
:20046000CDE72B7803F0DF03582BF6D00823C6E7A4F1410CBCF1190F01D8373CCFE7A4F1E1
:20048000610CBCF1190F04D8573CC8E74FF0FF36D2E7731C06D12223CEF80030304632B9CD
:2004A000BDE8F08307B14042002AF9D006B1691E1160F5E771460300FFF78CBF13460A46C8
:2004C000014602480068FFF785BF00BF500BFE1F0346084641B1FF2A04D98A221A604FF0BE
:2004E000FF3070470A70012070472DE9F0478E681F46BE420B6882460C4690462DD8B1F90A
:200500000C2012F4906F26D06569096905EB4505A3EB010905EBD5757B1C4B446D109D42E6
:2005200038BF1D46530527D52946FDF731F8064660B321694A46FEF78FFEA38923F4906350
:2005400043F08003A381266165614E44A5EB09052660A5603E46BE4200D93E4620683246D8
:20056000414600F04EFEA3689B1BA3602368334423600020BDE8F0872A46FDF79DF80646EE
:200580000028E0D121695046FEF78EFE0C23CAF80030A38943F04003A3814FF0FF30E9E7BC
:2005A0002DE9F04F98468B891B069DB007460D46144610D50B6973B94021FCF7E9FF286043
:2005C000286130B90C233B604FF0FF301DB0BDE8F08F40236B610023099320238DF8293071
:2005E000CDF80C803023DFF89C818DF82A304FF0010923469A4613F8012B0AB1252AF9D1E7
:20060000BAEB040B0BD05B46224629463846FFF76CFF013000F0A780099A5A4409929AF83E
:200620000030002B00F09F8000234FF0FF32CDE905230AF1010A049307938DF853301A93F3
:200640005446052214F8011B4E4800F0A1FE049AD8B9D00644BF20238DF85330110744BF1E
:200660002B238DF853309AF800302A2B15D0079A544600204FF00A0C214611F8013B303B61
:20068000092B4BD9B0B1079214E0A0EB080309FA03F313430493A246D2E7039B191D1B68A0
:2006A0000391002BBBBF5B4242F0020207930793B8BF049223782E2B0AD163782A2B32D1EB
:2006C000039B1A1D1B68039243EAE37302340593DFF8C0A021780322504600F059FE38B121
:2006E000049BA0EB0A004022824013430134049314F8011B24488DF82810062200F048FED1
:20070000002836D0214B1BBB039B073323F0070308330393099B334409936AE70CFB023260
:200720000C460120A8E700230134059319464FF00A0C204610F8012B303A092A03D9002BD5
:20074000C6D00591C4E70CFB012104460123F0E703AB00932A460E4B04A93846AFF30080FD
:20076000421C0646D6D1AB895B063FF52DAF09982CE703AB00932A46054B04A9384600F0B3
:2007800047FAEDE7E04A0300EA4A030000000000EB040300E64A030038B54B1C144603D139
:2007A0004FF0FF35284638BD938923F0200393815368526BCDB28AB1A26B9A4208DD236872
:2007C0005A1E226003F8015C636801336360E9E7214600F0DCFC0028F1D0E1E72169226841
:2007E00041B1914206D212F8011CA94202D1013A2260EAE7C4E90F2304F1440363630323E2
:20080000A363234603F8465F23600123DEE710B50C46496B69B104F14403994201D0FEF79B
:2008200043FD236C63600020606313B1E36B236010BD2369236000236360A38943F020036A
:20084000A3814FF0FF30F3E72DE9F0470C46ADF5227D0021CDE94411A649A0910DF10408F6
:20086000A549A64FCDF818810646A19100931378002B00F05A81F95C11F0080102F101054D
:2008800019D06368002B0FDD23681A78BA5C120701D42A46EBE7459A013245926268013343
:2008A000013A62602360ECE7A19B2146304698470028E9D0EDE7252B12D099466368002B31
:2008C00040F39380226813784B4540F02E816368013B6360459B0132013322604593D8E724
:2008E0004191439153782A2B02BF1023951C41930A22A94619F8011BA1F13003092B1ED981
:20090000DFF8FCA10322504600F042FD38B1419AA0EB0A0001238340134341934D4615F86F
:20092000013B782B06D8572B10D8252BC5D057D8002B65D0032347930A2342936BE0439BF1
:2009400002FB0311303943914D46D2E7A3F15802202AEFD801A151F822F000BF4B0A0300EA
:2009600035090300350903006D0A0300350903003509030035090300350903003509030036
:200980003509030035090300830A0300690A0300E7090300E7090300E709030035090300B5
:2009A0005D0A030035090300350903003509030035090300930A0300650A0300070A0300A3
:2009C00035090300350903008F0A030035090300690A030035090300350903004B0A030068
:2009E000453B022BA6D8052314E0A19B21463046984700283FF466AF4498002840F08D8007
:200A00004FF0FF308DE0419B43F40873419310234293042347936368002B48DD419B59063A
:200A200004D423681A78BA5C120747D4479B022B56DC6B46224641A9304600F015FA012895
:200A400073D002287FF425AFD6E7419A42F40072419210226E2B429202D9DAE7002342939C
:200A60000323D7E70823D3E70A22F3E72946404600F054FB419B43F04003419305460123DE
:200A8000C8E7419B43F0400341930023C2E70223C0E74198C3063FF5FCAE009B459A191DB9
:200AA00000911B68C0074CBF1A801A60F1E6A19B2146304698470028B0D09DE7459A01322F
:200AC00045926268013A002A626002DD01332360A7E7A19B2146304698470028A1D08BE727
:200AE000042B0FDC6B46224641A9304600F016FAA5E700BF990703000F08030071460300A1
:200B0000E64A03000A4B002B3FF4C3AE6B46224641A93046AFF3008091E7A3895B063FF5AA
:200B20006FAF0DF5227DBDE8F0874498F9E700BF000000002DE9F047164698468A680B6972
:200B4000DDF820909342B8BF1346336091F8432007460C460AB1013333602368990642BFA0
:200B6000336802333360256815F0060506D104F1190AE36832689B1AAB4226DC94F84330FE
:200B80002268003B18BF012392062BD404F1430241463846C84701301ED02368226903F088
:200BA0000603042B02BFE5683368ED1AA3680CBF25EAE57500259342C4BF9B1AED180026B1
:200BC0001A34B5421AD1002008E00123524641463846C847013003D14FF0FF30BDE8F0877E
:200BE0000135C6E7E1185A1C302081F84300224494F8451082F843100233C7E70123224614
:200C000041463846C8470130E6D00136D9E7FFFF2DE9FF470F7E0C9E782F914680460C46BB
:200C20009A4601F1430207D8622F0AD8002F00F0DD80582F00F0C38004F1420684F84270AA
:200C40003AE0A7F16303152BF6D801A151F823F0A90C0300BD0C0300390C0300390C03005C
:200C6000390C0300390C0300BD0C0300390C0300390C0300390C0300390C0300D30D030015
:200C80004B0D03008B0D0300390C0300390C0300F50D0300390C03004B0D0300390C0300DE
:200CA000390C0300930D030033681A1D1B68326004F1420684F842300123A8E03168236867
:200CC000081D30601E0601D50D6803E05D06FBD5B1F900506168002D78DA2D20002984F8A6
:200CE0004300A1602DDA5E486D420A231646B5FBF3F103FB1157C75D06F8017D2F46BB42BF
:200D00000D46F4D9082B0BD12368DF0708D5236961689942DEBF302306F8013C06F1FF36CF
:200D2000921B2261CDF800A04B4603AA21464046FFF700FF01306FD14FF0FF3004B0BDE8C6
:200D4000F08723F004032360CDE721683368080653F8045B02D4490648BFADB26F2F40483E
:200D6000336014BF0A230823002184F843106668A660002EBADB216821F004012160002DE1
:200D8000B4D1002EB2D11646BCE7236843F0200323603448782784F84570236831681F0625
:200DA00051F8045B02D45F0648BFADB23160D90744BF43F0200323601DB11023D4E7284871
:200DC000E9E7236823F020032360F6E724480A23CDE7336825686169181D30602E061B6867
:200DE00001D5196002E06806FBD5198000232361164697E733681A1D32601E686268002195
:200E0000304600F0C5FA08B1801B606063682361002384F8433085E72369324649464046B3
:200E2000D047013088D023689B0714D4E068039B9842B8BF184681E701233246494640464F
:200E4000D04701303FF478AF0135E36803995B1AAB42F1DCEAE7002504F11906F5E700BFFF
:200E6000F14A0300024B03002DE9F84315468A6880460C4632B98A69002A14BF4FF0FF32E3
:200E800001228A602268DFF89090D1065FBF1A68111D196016680027A06988B1012807D1BE
:200EA0002B681A7863699B5C53B9002F31D022E0022820D12B681B7819F803301B071AD477
:200EC0002368DA065EBF2B681B7806F8013B2A686B6801322A60A268013B013A6B60013784
:200EE000A26042B1002BD7DCD4F880312946404698470028D0D0236813F0100305D1E26845
:200F00000132E260A26902B1337023693B4423610020BDE8F88300BF714603002DE9F04F5E
:200F200098467A4B0C468246164693E8070087B003AB83E80700764BA169764A032908BF41
:200F40001A46A36801925A1EB2F5AE7F88BF6FF4AE75274682BF03EB050940F25D13A3602B
:200F600057F81C3B43F4506398BF4FF0000923603D464FF0000B316803AB097853F82B00B4
:200F8000022200F005FA002840D0BBF1010F12D162682AB92268082142F40072616022601C
:200FA000226822F4A0622260A268511EA160DAB94FF0020BDFE7BBF1020F06D0A268511EE2
:200FC000A1608AB94FF0010BD5E7226802F4C061B1F5007F1FD142F480722260A26810212B
:200FE0006160511EA160B2B13268511C3160127805F8012B7268013A002A726006DCD4F853
:201000008021314650469047002874D10BF1010BBBF1030FAFD163680BB90A23636063684E
:201020003D496069C91A00F079F84FF0000BA368226873B33168606991F800C010F80C0059
:2010400038B3BCF1300F16D1100514D50BF1010BB9F1000F03D0013309F1FF39A3607368FC
:20106000013B002B73600DDD336801333360A368013BA360DBE722F4106222600B7805F854
:20108000013BECE7D4F880313146504698470028EDD02368D9050DD5BD4209D915F8011C9D
:2010A000D4F87C3132465046984705F1FF394D46BD4228D0226812F0100213D12A7063682B
:2010C000019E39465046B047D8F8003021681A1DC8F8002011F0200F1B680FD01860E36870
:2010E0000133E3602369ED1B5D442B442361002007B0BDE8F08F4FF0000BCAE7CA074CBF7F
:2011000018801860EBE70120F2E700BF304B03006D150300B9040300234B030070B50B7858
:2011200004465E2B0BBF4B784A1C8A1C002108BF0121013804F1FF0500F8011FA842FBD139
:201140000BB9501E70BD81F00101E1541046024612F8015B2D2D05D05D2D16D0002DF1D0F7
:201160002B46F2E746785D2EFAD0B342F8DC02301A4601329642A154FBDCF21A013A5D1C20
:20118000B342A8BF0022AB18E1E71046DAE72DE9F0410C46496B04F1440399421DD14FF49A
:2011A0008061FCF7F5F918B94FF0FF30BDE8F0814FF48063A36394F84630606380F8FF337D
:2011C00094F8453080F8FE3394F8443080F8FD3300F2FD3020600020E8E7A66B77003A4627
:2011E000FCF76AFA05460028DED000EB0608014632464046FEF730F8C4E90D57C4F80080CF
:20120000E9E7884210B501EB020402D98442234607D8431EA14208D011F8012B03F8012F18
:20122000F8E7024401468A4200D110BD13F8014D02F8014DF7E7FFFF00487047A00BFE1F94
:201240002DE9F0414D4A0C460023D0E90001FBF7BDFF002ABCBF02F5A83202F5C0724FF4F1
:20126000616100F52F20B2FBF1F301FB13224FF03C01ACBF00F66C2000F66B20A360B2FB0C
:20128000F1F301FB132263602260C31C072293FBF2F2C2EBC2029B1A394955D50733A3616A
:2012A000A0F50E33A3F52C7393FBF1F1354B03FB010048F6AC63B0FBF3F3034440F2B45CCB
:2012C000B0FBFCF29B1A40F26D172F4AB0FBF2F264269B1AB3FBF7F2B3FBFCF3B2FBF6F5F7
:2012E000EB1A034407FB1233992003EB8307023703F1010EB7FBF0FC00FB0CF002304FF0E8
:201300000508B0FBF8F0AEEB000040F2F95E77458CBF6FF00907022767444FF4C87C0CFB33
:201320000121012F98BF0131B3F5997F12D3A3F59973E361A1F26C710023E060C4E9047150
:2013400023622046BDE8F0810028A361A8DB90FBF1F1ABE712F0030F02D106FB15255DB9A6
:201360004FF4C875B2FBF5F605FB1622B2FA82F252093B331344DCE70122FAE78051010044
:20138000B13A02004FC5FDFFB03A0200FFFFFFFF01F0FF01102A2BDB10F0070F08D010F841
:2013A000013B013A8B422DD010F0070F42B3F6D1F0B441EA012141EA014122F007047FF030
:2013C00000070023F0E80256083C85EA010586EA010685FA47F5A3FA87F586FA47F6A5FA53
:2013E00087F68EB9EED1F0BC01F0FF0102F0070232B110F8013B013A83EA010313B1F8D172
:201400000020704701387047002D06BF35460338073815F0010F07D1013015F4807F02BF37
:20142000013015F4C03F0130F0BC0138704700BF70B5A1FB02543CB92946FCF7A9F806468C
:2014400028B90026304670BD0C220260F9E72A462146FDF757F8F5E70148FDF7E8BE00BFDA
:201460004148FF1F0148FDF7E4BE00BF4148FF1F242B2DE9F0478646904601D8012B06D166
:20148000FDF7CEFE162303600020BDE8F08736480D462A4615F8014B065D16F00806F8D1DA
:2014A0002D2C24D12C780126951C2BBB302C30D00A2306F1004C0CF1FF3C0022BCFBF3F9B3
:2014C000104603FB19CAA4F13007092F28D83C46A34234DD571C07D081452DD301D1A24590
:2014E0002ADB00FB0340012215F8014BEBE72B2C04BF2C78951CD8E7102BDAD1302CD8D142
:201500002A7802F0DF02582AD3D16C7810230235CFE72B7803F0DF03582BF6D00823C8E791
:20152000A4F14107192F01D8373CD1E7A4F16107192F04D8573CCBE74FF0FF32D4E7531C82
:2015400008D12223CEF800306046B8F1000F9CD0691E06E006B14042B8F1000F95D0002AC0
:20156000F6D1C8F8001090E771460300FFF780BF4A0011D212F5001211D20DD56FF4787315
:20158000B3EB62520ED44FEAC12343F0004343EA505323FA02F070474FF00000704750EABE
:2015A000013002D14FF0FF3070474FF00000704738B50022002304460D46FBF751FD28B91C
:2015C00020462946BDE8384000F00AB8204605F1004100F005F8404261EB410138BD00BF19
:2015E000D0B50C4B002206460F46FBF7C7FAFFF7BFFF0446FBF748FA074B0022FBF7BEFA49
:2016000002460B4630463946FBF700F9FFF7B0FF2146D0BD0000F03D0000F04108B553EC5E
:20162000102BC3F30A50A0F2FF3113299C460EDC002903F0004022DB134B43FA01F101EAC4
:201640000C01002241EA000343EC102B08BD332909DDB1F5806FF9D110461946FBF7D8F8E6
:2016600041EC100B08BD6146A0F213434FF0FF3C2CFA03F322EA030041EC100B08BD0022FA
:20168000034643EC102B08BD0000F0FF00000604342E362E300000004275696C74207769E3
:2016A00074682052656E6573617320416476616E63656420466C657869626C6520536F6694
:2016C0007477617265205061636B6167652076657273696F6E20342E362E3000F8B500BF73
:2016E000F8BC08BC9E467047F8B500BFF8BC08BC9E467047FFFFFFFF5FF800F00106FE1FF1
:201700005FF800F02D03FE1F5FF800F08101FE1F5FF800F06506FE1F5FF800F09104FE1F87
:201720005FF800F0F101FE1F5FF800F0A103FE1F5FF800F0F107FE1F0D0A537461727420AA
:20174000786D6F64656D20726563656976696E67000000000D0A46696C653A257300FFFFBC
:2017600025692E25692E2569000000006E756C6C000000002564000025312E3135670000CE
:20178000256C670025312E3137670000222200007525303478000000EFBBBF0066616C7335
:2017A000650000007472756500FFFFFF00010000204D617220313420323032362031323A9A
:2017C00033353A33330000000D0A52544320696E697469616C697A6174696F6E20666169A9
:2017E0006C65642E00FFFFFF0000C1C081C1400101C3C003800241C201C6C006800741C75D
:201800000005C1C581C4400401CCC00C800D41CD000FC1CF81CE400E000AC1CA81CB400B18
:2018200001C9C009800841C801D8C018801941D9001BC1DB81DA401A001EC1DE81DF401F38
:2018400001DDC01D801C41DC0014C1D481D5401501D7C017801641D601D2C012801341D318
:201860000011C1D181D0401001F0C030803141F10033C1F381F240320036C1F681F74037B8
:2018800001F5C035803441F4003CC1FC81FD403D01FFC03F803E41FE01FAC03A803B41FB98
:2018A0000039C1F981F840380028C1E881E9402901EBC02B802A41EA01EEC02E802F41EF38
:2018C000002DC1ED81EC402C01E4C024802541E50027C1E781E640260022C1E281E3402398
:2018E00001E1C021802041E001A0C060806141A10063C1A381A240620066C1A681A74067B8
:2019000001A5C065806441A4006CC1AC81AD406D01AFC06F806E41AE01AAC06A806B41AB17
:201920000069C1A981A840680078C1B881B9407901BBC07B807A41BA01BEC07E807F41BF37
:20194000007DC1BD81BC407C01B4C074807541B50077C1B781B640760072C1B281B3407317
:2019600001B1C071807041B00050C190819140510193C053805241920196C05680574197B7
:201980000055C19581944054019CC05C805D419D005FC19F819E405E005AC19A819B405B97
:2019A0000199C059805841980188C04880494189004BC18B818A404A004EC18E818F404F37
:2019C000018DC04D804C418C0044C184818540450187C047804641860182C0428043418397
:2019E0000041C181818040404653505F53554343455353203D3D2065727200002E2E2F7381
:201A000072632F4273702F6273705F5744542E6300FFFFFF7761746368646F675F74696D53
:201A200065725F696E6974007761746368646F675F636C65617200FF2A2A20525F41444319
:201A4000305F5363616E537461727420415049206661696C6564202A2A200D0A000000003A
:201A60002A2A20525F414443305F4F70656E20415049206661696C6564202A2A200D0A002E
:201A80002A2A20525F414443305F5363616E43666720415049206661696C6564202A2A2022
:201AA0000D0A00002043503A25303364000000002D2D2D2D5B25645D000000002A2A20527B
:201AC0005F616463315F4F70656E20415049206661696C6564202A2A200D0A002A2A20526D
:201AE0005F616463315F5363616E43666720415049206661696C6564202A2A200D0A000010
:201B00000D0A6164633120696E697469616C697A65642E0D0A0000002A2A2074696D6572C5
:201B200020696E6974206661696C6564202A2A200D0A00002A2A20525F616463315F53630E
:201B4000616E537461727420415049206661696C6564202A2A200D0A0000000070776D5FCB
:201B6000726561643A253033642000FF0D0A20466C61685F48505F4F70656E2041504920D0
:201B80006661696C656400000D0A20466C61685F48505F53746172745570417265615365D4
:201BA0006C65637420415049206661696C6564000D0A436C6F736520415049206661696C3B
:201BC000656420696E20426C616E6B436865636B20415049205B25785D0000000D0A466C27
:201BE000617368206572726F725B25785D0000004572617365206572726F722025640D0A10
:201C0000000000000D0A446F6E65212045726173653A5B307825785D2073697A653A5B301F
:201C20007825785D206E3A5B307825785D0000000D0A5772697465206572723A20256400FF
:201C40000D0A636F64655F666C6173685F77726974655B616464723A307825787C73697A94
:201C6000653A25785D0000000D0A646174615F666C6173685F77726974655B616464723AF3
:201C8000307825787C73697A653A25785D00FFFF0D0A69326320696E697469616C20657280
:201CA000726F722E000000000D0A7363695F6932635F6576656E743D5B25785D20617420C8
:201CC0005B25645D00FFFFFF0D0A2E2E2E4F544120446F6E652E205772697465206C6173E2
:201CE00074207061636B6167653A2564000000000D0A2E2E2E4F54412077726974653A2592
:201D0000642E00000D0A2E2E2E496D6167652D207772697465206572726F722E00000000BD
:201D20000D0A2E2E2E416C6C20646F6E652E00000D0A52656369657665643A20256400FFD5
:201D40000D0A0D0A2D2D2D20506F776572206D65746572207363616E696E67202E2E2E00B7
:201D60000D0A20504D5F54595045203D20253034580000000D0A2031706820766572736907
:201D80006F6E20706F776572206D6574657220696E7374616C6C6564000000000D0A203392
:201DA00070682076657273696F6E20706F776572206D6574657220696E7374616C6C6564BB
:201DC000000000000D0A204E6F7420666F756E642E0000000D0A206572726F722072656178
:201DE00064696E67732E00FF0D0A67707420696E697469616C206572726F722E00000000BD
:201E00000D0A204750542073746F70206661696C65642C20436C6F73696E672053534920EB
:201E2000616E6420475054200D0A00000D0A20475054207374617274206661696C65642C0C
:201E400020436C6F73696E672053534920616E6420475054200D0A000D0A202A2A20525F93
:201E60004750545F506572696F6453657420415049206661696C6564202A2A200D0A00005F
:201E80000D0A202A2A20525F4750545F496E666F47657420415049206661696C6564202A27
:201EA0002A200D0A000000000D0A202A2A20525F4750545F447574794379636C6553657459
:201EC00020415049206661696C6564202A2A200D0A00FFFF47505420696E697469616C20C5
:201EE0006572726F722E0D0A00000000475054207374617274206572726F722E0D0A00FFAC
:201F00000D0A536574206368617267652063757272656E7420746F20256400000D0A536556
:201F2000742050574D20746F20313030250000000D0A257300000000253034642D253032F0
:201F4000642D2530326454253032643A253032643A253032640000000D0A466F756E642049
:201F60006C617465737420636F6D706C657465642073657373696F6E2049443A25642061E2
:201F80007420706F736974696F6E2025640000000D0A4E6F20636F6D706C6574656420635B
:201FA00068617267696E672073657373696F6E20666F756E6420696E2071756575652E0077
:201FC0000D0A51756575652069732066756C6C2C2077696C6C2064656C657465207468651E
:201FE000206F6C64657374206F6E652E5B723A25647C773A25645D000D0A53746F726520BF
:2020000073657373696F6E20646174612E0000000D0A4C6F616465642073657373696F6E50
:202020007320646174612E000D0A4661696C65642073657373696F6E7320646174612E204A
:20204000416464723A5B307825785D4B65793A5B307825785D7C4352433A5B307825785DE3
:20206000000000000D0A53746F726520636F6E66696720646174612E0000000025303364D2
:202080002C0000000D0A406572726F723A2573000D0A466163746F7279207265736574206F
:2020A000636F6D706C657465642C207265626F6F74696E672073797374656D2E2E2E00FF00
:2020C0000D0A2B2B2B2B2B2B2B2B2B2B2B2B2B2B2B2B2B2B2B2B2B2B2B2B2B2B2B2B2B2BDF
:2020E0002B2B2B2B2B2B2B2B2B2B2B2B2B0D0A0075385744435F4D61696E5461736B203D3B
:202100002025640D0A00000075385744435F436F6E74726F6C5461736B203D2025640D0A84
:202120000000000075385744435F436F6D6D5461736B203D2025640D0A00FFFF0D0A736988
:202140007A653A25647C455350207278643A257300000000430000004D00000074730000C2
:20216000616D7000747970006573760063746D00636B776800000000656D70747900000056
:202180000D0A433A25647C4D3A25647C413A25647C547970653A25647C6573763A253034A8
:2021A000787C74733A25737C204368617267696E6754696D653A202564207C204368617207
:2021C000696E6720456E657267793A20256400000D0A52657365742073797374656D206EE7
:2021E0006F772E000D0A2D2D2D5374617274204F54412E205B25645D000000006E450000D9
:202200000D0A6E65772044657669636549443A2573000000432D585858585858000000000E
:202220000D0A446576696365494420636C65617265642E000D0A2D2D2D6E65772044657665
:2022400069636520547970653A2564000D0A5361766564206E657720636F6E6669677572D7
:202260006174696F6E2E00000D0A2D2D2D5570646174652074696D653A2025642D253032AE
:20228000642D2530326420253032643A253032643A253032640000000D0A20736574206466
:2022A000617465206572726F722E00000D0A207365742074696D65206572726F722E0000A2
:2022C0000D0A57656C636F6D6520636F6D6D616E642066726F6D204553502E000D0A2D2DA1
:2022E0002D506572666F726D696E6720666163746F72792072657365742028636C656172EE
:20230000696E6720746573742064617461292E000D0A2D2D2D41757468656E746963617476
:202320006564205354415254206661696C65642C204F54412069732072756E6E696E672E26
:20234000000000000D0A2D2D2D41757468656E74696361746564207374617274206E6F74DD
:20236000206E65636573736172792062792045535020666F72207072697661746520636800
:2023800061726765722E00000D0A2D2D2D4556206973206E6F7420636F6E6E656374656485
:2023A000207965742E20506C6561736520636F6E6E65637420455620616E64207265646F21
:2023C0002061757468656E7469636174652E00000D0A2D2D2D416C726561647920617574E6
:2023E00068656E746963617465642C20696E206368617267696E672E000000006368746C65
:20240000000000006368656C00000000756964000D0A2D2D2D457874656E64206661696C1C
:2024200065642C206D697373696E67207573657249442E000D0A2D2D2D457874656E6420CD
:202440006661696C65642C2077726F6E67207573657249442E207573657249443A25642CA9
:2024600020457874656E643A256400000D0A2D2D2D457874656E6465642074696D65206CE7
:20248000696D6974206279202564206D696E757465732C20746F74616C3A202564206D6977
:2024A0006E757465730000000D0A2D2D2D457874656E64656420656E65726779206C696D12
:2024C00069742062792025642E2564206B57682C20746F74616C3A2025642E2564206B578E
:2024E000680000000D0A2D2D2D53657373696F6E20657874656E6465642062792075736519
:202500007249443A256400000D0A2D2D2D41757468656E746963617465642053544152546A
:20252000206661696C6564206279204553502C206D697373696E67207573657249442E0033
:202540000D0A2D2D2D41757468656E74696361746564205354415254206661696C65642047
:202560006279204553502C207573657249442063616E2774206265205A45524F2E0000007E
:202580000D0A2D2D2D53657373696F6E2074696D65206C696D69743A202564206D696E75EF
:2025A000746573000D0A2D2D2D53657373696F6E20656E65726779206C696D69743A2025E5
:2025C000642E2564206B5768000000000D0A2D2D2D41757468656E74696361746564205342
:2025E00054415254206279204553502E207573657249443A256400000D0A2D2D2D41757478
:2026000068656E746963617465642053544F50206661696C65642C204F54412069732072F8
:20262000756E6E696E672E000D0A2D2D2D41757468656E746963617465642073746F7020F6
:202640006E6F74206E65636573736172792062792045535020666F722070726976617465B7
:2026600020636861726765722E0000000D0A2D2D2D4E6F2061757468656E746963617465B6
:2026800064207965742C206E6F206368617267696E672E000D0A2D2D2D41757468656E7433
:2026A0006963617465642053544F50206661696C6564206279204553502C206D6973736951
:2026C0006E67207573657249440000000D0A2D2D2D41757468656E74696361746564205365
:2026E000544F50206661696C6564206279204553502C2077726F6E67207573657249443A40
:20270000256400000D0A20476F6C64656E2061646D696E2073686F77732075702E000000F0
:202720000D0A41757468656E746963617465642053544F50206279204553502E00000000A8
:202740000D0A2D2D2D50696E672066726F6D204553502E000D0A2D2D2D41736B20666F721F
:2027600020626F6F74206D6573736167652066726F6D204553502E000D0A2D2D2D536573AD
:2027800073696F6E206461746120636F6E6669726D65642C2064656C6574652069742066AD
:2027A000726F6D207468652071756575652E00000D0A2D2D2D52657175657374205254208A
:2027C0006368617267696E6720646174612066726F6D204553502E000D0A2D2D2D5265712C
:2027E00075657374206C6174657374206368617267696E672073657373696F6E2066726F7D
:202800006D204553502E000045000000253034642D253032642D2530326454253032643A3A
:20282000253032643A253032640000007374000025647C256400000025642C25642C256420
:202840007C25642C25642C2564000000766900006368670073650000656500004100000015
:2028600065727200626F6F7400000000253034780000000073760000696D747200000000B5
:2028800070686100737174790000000073657373000000007C256C64000000002530346412
:2028A0002D253032642D2530326454253032643A253032643A2530326425730062676E0090
:2028C00066696E0064757200585800000D0A53656E74205254206368617267696E67207353
:2028E000746174757320726573706F6E736520746F204553502E00000D0A53656E74206CA2
:202900006174657374206368617267696E672073657373696F6E20726573706F6E73652060
:20292000746F204553502E000D0A53746174653A2045562064657465637465642E2043502E
:202940002050574D206163746976617465642E000D0A53746174653A204552524F522E0036
:202960000D0A53746174653A206368617267696E672E00000D0A4368617267657220646FAE
:2029800073656E277420737570706F72742056656E74696C6174696F6E206D6F64652E0079
:2029A0000D0A53746174653A2076656E74696C6174696F6E2E20506C65617365206D616BF7
:2029C0006520737572652076656E74696C6174696F6E206973204F4E2E0000000D0A537421
:2029E0006174653A2076656E74696C6174696F6E2E204E6565642076656E74696C617469DC
:202A00006F6E21000D0A53746174653A2073746F707065642E0000000D0A53746174653AC7
:202A20002041207374616E6462792E000D0A2B2B2B72656C617920656E657267697A656460
:202A40002E0000000D0A2D2D2D72656C6179206465656E657267697A65642E000D0A4163FE
:202A60007469766174652043502C2063757272656E743A25640000000D0A446561637469A3
:202A8000766174652043502C2063757272656E743A2564000D0A3E3E3E203E3E3E2053742F
:202AA0006172742074696D653A2025642D253032642D2530326420253032643A25303264BD
:202AC0003A253032640000000D0A4368617267696E6720537461727465642E2053657373B4
:202AE000696F6E3A25647C54696D653A256400000D0A204368617267696E672053544F503F
:202B00005045442E2053657373696F6E3A25647C54696D653A253032643A253032643A2533
:202B20003032647C506F7765723A2425640000000D0A3E3E3E203E3E3E204368617267654A
:202B40002053746172742074696D653A2025642D253032642D2530326420253032643A25FB
:202B60003032643A25303264000000000D0A3E3E3E203E3E3E204368617267652053746FFF
:202B800070202074696D653A2025642D253032642D2530326420253032643A253032643A59
:202BA00025303264000000000D0A4368617267696E672073657373696F6E20697320746FCD
:202BC0006F2073686F72742E2077696C6C2069676E6F726520697421000000000D0A53659F
:202BE0007373696F6E2069732076616C6964206E6F772E000D0A53746F70206368617267F9
:202C0000696E67202D2074696D65206C696D697420726561636865643A202564206D696EE8
:202C200075746573000000000D0A4572726F723A2053657373696F6E20706F696E74657253
:202C4000206973204E554C4C20647572696E6720656E65726779206C696D6974206368653B
:202C6000636B00000D0A5761726E696E673A20496E76616C696420706F776572206D6574C5
:202C800065722072656164696E6773202853746172743A256C642C2053746F703A256C644A
:202CA000292C20736B697070696E6720656E65726779206C696D697420636865636B000033
:202CC0000D0A5761726E696E673A20506F776572206D657465722072656164696E677320D6
:202CE000646563726561736564202853746172743A256C642C2053746F703A256C64292C39
:202D000020736B697070696E6720656E65726779206C696D697420636865636B0000000027
:202D20000D0A4572726F723A20456E6572677920636F6E73756D7074696F6E20746F6F203D
:202D40006C617267652C20776F756C64206361757365206F766572666C6F77000D0A57615D
:202D6000726E696E673A20556E726561736F6E61626C6520656E6572677920636F6E73750A
:202D80006D7074696F6E3A2025642E2564206B57682C206C696D6974696E6720746F2039B3
:202DA00039392E39206B5768000000000D0A53746F70206368617267696E67202D20656E90
:202DC00065726779206C696D697420726561636865643A2025642E2564206B576820286382
:202DE0006F6E73756D65643A2025642E2564206B576829000D0A53746F70206368617267E9
:202E0000696E67206E6F772C20616C72656164792063686172676564203320646179732E92
:202E200000FFFFFF0D0A25642D253032642D2530326420253032643A253032643A253032D4
:202E4000640000000D0A3D3D3D3D3D3D3D3D3D3D3D3D3D3D3D3D3D3D3D3D3D3D3D3D3D3DC5
:202E60003D3D3D3D3D3D3D3D3D3D3D3D0D0A0000455620415050205625642E25647C2573F9
:202E80000D0A00003D3D3D3D3D3D3D3D3D3D3D3D3D3D3D3D3D3D3D3D3D3D3D3D3D3D3D3D6F
:202EA0003D3D3D3D3D3D3D3D3D3D0D0A000000000D0A4368617267696E6720736573736918
:202EC0006F6E7320686973746F7279206C6F6164206661696C65642E2057696C6C2073743E
:202EE0006172742066726F6D20302E000D0A4368617267696E672073657373696F6E732048
:202F0000686973746F7279206C6F6164207375636365737366756C6C792E00000D0A436FA3
:202F20006E666967206C6F6164206661696C65642E2057696C6C2075736520646566617530
:202F40006C742073657474696E67732E000000000D0A2D2D2D5374617274204F5441206E94
:202F60006F772E205B25645D000000000D0A204E6577206669726D77617265206973207270
:202F8000656164792C2077696C6C207265626F6F742E00000D0A204F5441206661696C6575
:202FA0006420736F6D65686F772C20796F75206D61792072657472792E0000005945530006
:202FC0004E4F00000D0A6243686172676544656163746976617465643A2573000D0A6243A5
:202FE000504163746976617465643A25730000000D0A6241434F7574707574416374697695
:20300000617465643A2573000D0A624368617267537461727465643A257300000D0A62457B
:2030200056436F6E6E65637465643A25730000000D0A6243686172676541757468656E7439
:203040006963617465643A25730000000D0A5278643A2025780000000D0A54656D70413AD0
:203060002025642E25303264000000000D0A54656D70423A2025642E2530326400000000A3
:203080000D0A52656C61793A256400000D0A6475747920737465703A256400000D0A44750D
:2030A00074793A25640000000D0A536574206368617267652063757272656E7420746F204D
:2030C0002564000064652D6163746976617465640000000061637469766174656400000007
:2030E0000D0A4368617267652069732025732E0074657374000000005461675F53000000FF
:203100005461675F4E0000000D0A57656C636F6D652E2055492077696C6C20666C61736811
:2031200020666F72203130207365636F6E64732E000000000D0A4661737420312073656319
:203140006F6E642E2025642D253032642D2530326420253032643A253032643A25303264D2
:20316000000000000D0A536C6F772031207365636F6E642E2025642D253032642D25303203
:203180006420253032643A253032643A25303264000000004F4E00004F4646000D0A44653E
:2031A000627567206D6F64653A202573000000000D0A52657365742073797374656D206EAD
:2031C0006F772E000D0A6773455653746174652E73455653746174653A2564000D0A4231C4
:2031E0003A25647C47313A25647C52313A2564000D0A414443207261772072656164696EB7
:20320000673A00007C56313A256400007C56323A256400007C56333A256400007C564E3A5E
:20322000256400007C49313A256400007C49323A256400007C49333A256400000D0A486117
:2032400072642052657365742045535033322E000D0A706F776572206D6574657220756163
:20326000727420746573742E0000000068656C6C6F00000025303278200000000D0A2D2DB6
:203280002D5374617274204F54412E205B25645D000000000D0A20446F204F5441206E6F75
:2032A000772E00000D0A7265616465723A25647C7772697465723A25640000000D0A526572
:2032C0006769737465723A25647C496E6368617267696E673A25647C56616C69643A256435
:2032E000000000000D0A2D2D2D53657373696F6E206461746120636F6E6669726D6564209B
:2033000062792064656275672C2064656C6574652069742066726F6D20746865207175654F
:2033200075652E000D0A2D2D2D53657373696F6E206461746120746F20736176652E000049
:203340000D0A73697A653A25640000000D0A73697A653A25647C2564000000000D0A206F98
:203360006C642076657273696F6E2E20323A3030616D202E2E2E00000D0A00007C43503A65
:20338000256400007C49313A25646D41000000007C49323A25646D41000000007C49333AA3
:2033A00025646D41000000007C573A25645768007C50313A256457007C505F414C4C3A2507
:2033C000642057007C256400000000005744542054687265616400FF00000000436F6D6D1B
:2033E000205468726561640000000000436F6E74726F6C2054687265616400FF00000000FD
:203400004D61696E205468726561640012FFFFFF8C09FE1F0C340300742BFF1F10340300A7
:20342000003A0300000100009C09FE1F0F00FFFF00000000FFFF0000090200000C110C123B
:203440000C130C1400000000183403004DDF010000000000243403000100000011C501007E
:203460000000000000000000080F08100CFFFFFFA009FE1F6C340300F02BFF1F70340300CB
:20348000003A030000010000B009FE1F0F00FFFF00000000FFFF0000040200000C0B0C0CD8
:2034A0000C0D0C0E000000007834030019DB0100000000008434030000000000000000007A
:2034C0000000000000000000000000000000000000000000000000000000FFFFDFDF000030
:2034E00000000000000000000100000060CB010000000000B0E50000000A0A0055D50100CB
:2035000000000000B8340300000102000000DFDFFFFFFFFF01000000000009DF0DFF00000A
:203520002DC301000000000008350300000001000000000000000000000000000000001841
:203540000116009D1F01FFFF02000000A086010048000000010DDF0607000000000000002E
:203560000000000069CB01000000000040350300000001000000000000000000000000009D
:20358000000000000000000000000000000000000000FFFFDFDF000000000000000000006F
:2035A00002000000C0D401000000000000000000030A050071D40100000000007035030074
:2035C0000000000000000000000000000000000000000000000000000000000000000000EB
:2035E0000000FFFFDFDF0000000000000000000000000000C0D401000000000060EA000030
:20360000010A0400D5D4010000000000C035030001FFFFFFB409FE1F10360300EC2CFF1FA2
:2036200014360300003A030000010000C409FE1F0F00FFFF00000000FFFF00000002000008
:203640000C000C010C020C03000000001C360300B1D70100000000002836030006080303E1
:20366000010100000000000000000000000000000080000000000000008000000100000047
:2036800000800000020000000080000003000000008000000F000000000001040001000090
:2036A00000000104010100000000010A0201000000000104030100000400000004010000E3
:2036C0000400000005010000040000000601000004000000070100000000010008010000BF
:2036E0000000010509010000000001050A010000004000000B010000000001030C0100004C
:2037000005000000010200000000010405020000000001040602000000000000070200007F
:20372000040000000A020000000001000003000040000104010300004000010402030000E2
:203740000000000000040000100000000104000010400000020400000000010508040000E8
:203760000000010509040000000000000A040000000001050B04000000800000000500008E
:20378000008000000105000023000000703603007401750176017701C000D4008101820164
:2037A0004B005100B6008C018D018E018F0131003000AA01AB01AC01AD010000000000006A
:2037C0000000000000000000000000000000000000000000000000000000000000000000E9
:2037E0000000000000000000000000000000000000000000000000000000000000000000C9
:203800000000000000000000000000000000000000000000000000000000000000000000A8
:20382000000000000000000000000000000000000000000000000000000000000000000088
:203840000000000000000000000000000000000075635356434E756D626572203C3D20334F
:20386000000000002E2E2F72612F6673702F7372632F726D5F6672656572746F735F706FE6
:2038800072742F706F72742E6300000028282875696E74385F7429203729202D20756C4D36
:2038A000617850524947524F555056616C756529203D3D20340000002828285343425F54A0
:2038C000797065202A2920282830784530303045303030554C29202B20307830443030555F
:2038E0004C2920292D3E49435352202620283078314646554C202929203D3D20300000007E
:203900007578437269746963616C4E657374696E67000000756C43757272656E74507269C8
:203920006F72697479203E3D2075634D617853797343616C6C5072696F726974790000007A
:203940005F5F4E5649435F4765745072696F7269747947726F7570696E672829203C3D2043
:20396000756C4D617850524947524F555056616C756500FF76506F727453564348616E644A
:203980006C65725F4300FFFF78506F727453746172745363686564756C65720076506F72D3
:2039A00074456E746572437269746963616C00FF76506F72744578697443726974696361F7
:2039C0006C00FFFFFFFF00FF010203FF0403010C00091408111C101918FFFFFF06000800C9
:2039E00010001800200040006000800000018001000200040008FFFF020403040404FFFFBE
:203A00008D7E0200417F0200F17F02004D810200858102001D81020037810200D9810200D7
:203A2000958202000A0900000A0900003F0B0000EF001700E70003000100020008001000F2
:203A400028207857616E74656453697A65202620282030783030303720292029203D3D203F
:203A6000300000002E2E2F72612F6177732F4672656552544F532F4672656552544F532F1D
:203A8000536F757263652F706F727461626C652F4D656D4D616E672F686561705F342E636B
:203AA0000000000028202820282073697A655F7420292070784E6577426C6F636B4C696E17
:203AC0006B2029202620282030783030303720292029203D3D2030002820282028207369E5
:203AE0007A655F74202920707652657475726E2029202620282073697A655F74202920282F
:203B00002030783030303720292029203D3D203000000000282070784C696E6B2D3E7842B7
:203B20006C6F636B53697A6520262078426C6F636B416C6C6F636174656442697420292067
:203B4000213D20300000000070784C696E6B2D3E70784E65787446726565426C6F636B20C2
:203B60003D3D202828766F6964202A29302900FF7076506F72744D616C6C6F6300FFFFFFFE
:203B800076506F72744672656500FFFF70785175657565002E2E2F72612F6177732F4672DE
:203BA000656552544F532F4672656552544F532F536F757263652F71756575652E63000075
:203BC0007852657475726E20213D2028202820282042617365547970655F742029203020CE
:203BE00029202900707853746174696351756575650000007853697A65203D3D2073697ADB
:203C0000656F66282051756575655F742029000070784E65775175657565000070784D7540
:203C2000746578007848616E646C6500212820282070764974656D546F5175657565203D24
:203C40003D202828766F6964202A2930292029202626202820707851756575652D3E7578D7
:203C60004974656D53697A6520213D2028205542617365547970655F7420292030552029B8
:203C800020290000212820282078436F7079506F736974696F6E203D3D20282028204261D5
:203CA0007365547970655F742029203220292029202626202820707851756575652D3E75E9
:203CC000784C656E67746820213D203120292029000000002128202820785461736B476541
:203CE000745363686564756C657253746174652829203D3D2028202820426173655479705D
:203D0000655F742029203020292029202626202820785469636B73546F5761697420213D20
:203D200020302029202900006354784C6F636B20213D2028202820696E74385F74202920FC
:203D40003132372029000000707851756575652D3E75784974656D53697A65203D3D203027
:203D6000000000002128202820707851756575652D3E706348656164203D3D202828766F06
:203D80006964202A2930292029202626202820707851756575652D3E752E7853656D617004
:203DA000686F72652E784D75746578486F6C64657220213D202828766F6964202A293029D2
:203DC0002029202900000000282070785175657565202900212820282028207076427566D7
:203DE0006665722029203D3D202828766F6964202A29302920292026262028202820707868
:203E0000517565756520292D3E75784974656D53697A6520213D202820554261736554794F
:203E200070655F7420292030552029202900000078496E6865726974616E63654F636375EE
:203E400072726564203D3D202820282042617365547970655F742029203020290000000099
:203E600021282028207076427566666572203D3D202828766F6964202A293029202920263A
:203E800026202820707851756575652D3E75784974656D53697A6520213D20282055426147
:203EA0007365547970655F742029203055202920290000006352784C6F636B20213D2028B9
:203EC000202820696E74385F742029203132372029000000707851756575652D3E7578494A
:203EE00074656D53697A6520213D20300000000078517565756500FF78517565756547656E
:203F00006E65726963526573657400FF78517565756547656E6572696343726561746553AD
:203F2000746174696300FFFF785175657565437265617465436F756E74696E6753656D61D0
:203F400070686F72655374617469630078517565756547656E6572696353656E6400FFFF19
:203F60007851756575655265636569766500FFFF78517565756553656D6170686F7265548E
:203F8000616B6500765175657565416464546F526567697374727900707578537461636BFD
:203FA00042756666657220213D202828766F6964202A2930290000002E2E2F72612F6177D6
:203FC000732F4672656552544F532F4672656552544F532F536F757263652F7461736B7387
:203FE0002E63000070785461736B42756666657220213D202828766F6964202A29302900EF
:204000007853697A65203D3D2073697A656F6628205443425F742029000000002820282076
:20402000282075696E7433325F742029207078546F704F66537461636B2026202820756985
:204040006E7433325F74202920282030783030303720292029203D3D2030554C20290000C0
:2040600075785072696F72697479203C202835290000000075785363686564756C65725310
:20408000757370656E646564203D3D2030000000707850726576696F757357616B65546954
:2040A0006D65000028207854696D65496E6372656D656E74203E20305520290075784E654E
:2040C000775072696F72697479203C2028352900785461736B000000785461736B546F52DA
:2040E0006573756D6500000049444C45000000007852657475726E20213D2028202D312027
:204100002900000075785363686564756C657253757370656E6465640000000070785443C0
:20412000420000002820282028202820707844656C617965645461736B4C69737420292DD8
:204140003E75784E756D6265724F664974656D73203D3D2028205542617365547970655F41
:2041600074202920302029203F202820282042617365547970655F74202920312029203AAD
:20418000202820282042617365547970655F74202920302029202920290000007578546F5B
:2041A000705072696F7269747900000070784576656E744C6973740075785363686564755E
:2041C0006C657253757370656E64656420213D20300000007078556E626C6F636B65645450
:2041E0004342000075785363686564756C657253757370656E64656420213D2028202820D5
:2042000042617365547970655F7420292030202900000000707854696D654F75740000001D
:2042200070785469636B73546F57616974000000707854434220213D202828766F696420BF
:204240002A2930290000000070785443422D3E7563537461746963616C6C79416C6C6F63A9
:2042600061746564203D3D202820282075696E74385F742029203220290000007078544328
:2042800042203D3D20707843757272656E7454434200000070785443422D3E75784D75742F
:2042A0006578657348656C6400000000707854434220213D20707843757272656E7454430B
:2042C000420000007578496E646578546F57616974203C20310000007578496E6465785479
:2042E0006F4E6F74696679203C203100785461736B546F4E6F74696679000000785469634A
:204300006B436F756E74203D3D2028205469636B547970655F7420292030000028202820FE
:2043200026282070785443422D3E784576656E744C6973744974656D202920292D3E707859
:20434000436F6E7461696E65722029203D3D202828766F6964202A29302900007578496E45
:20436000646578546F436C656172203C203100FF785461736B437265617465537461746942
:204380006300FFFF707276496E697469616C6973654E65775461736B00FFFFFF7654617301
:2043A0006B44656C617900FF765461736B53757370656E6400FFFFFF7072765461736B4988
:2043C000735461736B53757370656E64656400FF765461736B526573756D65007654617315
:2043E0006B53746172745363686564756C657200785461736B526573756D65416C6C00FF11
:20440000785461736B496E6372656D656E745469636B00FF765461736B53776974636843A4
:204420006F6E7465787400FF765461736B506C6163654F6E4576656E744C69737400FFFF94
:20444000765461736B506C6163654F6E4576656E744C6973745265737472696374656400FA
:20446000785461736B52656D6F766546726F6D4576656E744C69737400FFFFFF78546173F4
:204480006B436865636B466F7254696D654F757400FFFFFF70727644656C65746554434264
:2044A00000FFFFFF785461736B5072696F72697479446973696E68657269740076546173E1
:2044C0006B5072696F72697479446973696E6865726974416674657254696D656F75740023
:2044E000546D7220537663007852657475726E002E2E2F72612F6177732F46726565525416
:204500004F532F4672656552544F532F536F757263652F74696D6572732E63007853697A5E
:2045200065203D3D2073697A656F66282054696D65725F7420290000707854696D6572423C
:20454000756666657200000028207854696D6572506572696F64496E5469636B73203E20EC
:20456000302029007854696D6572000028207854696D65725461736B48616E646C65202168
:204580003D202828766F6964202A293029202900707843616C6C6261636B00002820707882
:2045A00054696D65722D3E7854696D6572506572696F64496E5469636B73203E2030202907
:2045C00000000000546D7251000000007854696D65725175657565007854696D65724372AB
:2045E0006561746554696D65725461736B00FFFF70727650726F63657373526563656976F5
:204600006564436F6D6D616E6473002E006E6600696E69747900616E00FFFFFF3400000070
:20462000CEFBFFFFCB030000010000000000000035000000CEFBFFFFCB0300000100000019
:2046400000000000FFFFFFFFBC89D897B2D29C3C33A7A8D523F649393DA7F444FD0FA5325D
:204660009D978CCF08BA5B25436FAC642806681100202020202020202020282828282820F8
:20468000202020202020202020202020202020202088101010101010101010101010101092
:2046A0001004040404040404040404101010101010104141414141410101010101010101C4
:2046C0000101010101010101010101011010101010104242424242420202020202020202D2
:2046E000020202020202020202020202101010102000000000000000000000000000000042
:20470000000000000000000000000000000000000000000000000000000000000000000099
:20472000000000000000000000000000000000000000000000000000000000000000000079
:20474000000000000000000000000000000000000000000000000000000000000000000059
:2047600000000000000000000000000000000000005245454E54206D616C6C6F632073751B
:2047800063636565646564002F646174612F6A656E6B696E732F776F726B73706163652F45
:2047A000474E552D746F6F6C636861696E2F61726D2D31322D6D7061636274692F7372639E
:2047C0002F6E65776C69622D63796777696E2F6E65776C69622F6C6962632F74696D652FE5
:2047E0006C636C74696D652E6300FFFF000000001F0000003B0000005A0000007800000014
:2048000097000000B5000000D4000000F300000011010000300100004E0100001F000000D4
:204820001C0000001F0000001E0000001F0000001E0000001F0000001F0000001E00000086
:204840001F0000001E0000001F0000001F0000001C0000001F0000001E0000001F00000065
:204860001E0000001F0000001F0000001E0000001F0000001E0000001F0000001F00000043
:204880001D0000001F0000001E0000001F0000001E0000001F0000001F0000001E00000025
:2048A0001F0000001E0000001F000000545A00474D54002531315B2D2B302D39412D5A610D
:2048C0002D7A5D256E002531315B412D5A612D7A5D256E004D256875256E2E256875256EFA
:2048E0002E256875256E002F256875256E3A256875256E3A256875256E004300504F534915
:20490000580042616C6C6F6320737563636565646564002F646174612F6A656E6B696E7343
:204920002F776F726B73706163652F474E552D746F6F6C636861696E2F61726D2D31322D46
:204940006D7061636274692F7372632F6E65776C69622D63796777696E2F6E65776C6962E2
:204960002F6C6962632F7374646C69622F6764746F612D6765746865782E63002F646174D4
:20498000612F6A656E6B696E732F776F726B73706163652F474E552D746F6F6C63686169FE
:2049A0006E2F61726D2D31322D6D7061636274692F7372632F6E65776C69622D637967776F
:2049C000696E2F6E65776C69622F6C6962632F7374646C69622F6D707265632E6300FFFF01
:2049E00005000000190000007D000000FFFFFFFF0080E03779C34143176E05B5B5B8934644
:204A0000F5F93FE9034F384D321D30F94877825A3CBF737FDD4F1575000000000000F03FC4
:204A2000000000000000244000000000000059400000000000408F40000000000088C340DF
:204A400000000000006AF8400000000080842E4100000000D01263410000000084D7974188
:204A60000000000065CDCD41000000205FA00242000000E876483742000000A2941A6D4275
:204A8000000040E59C30A2420000901EC4BCD64200003426F56B0C430080E03779C341439B
:204AA00000A0D8855734764300C84E676DC1AB43003D9160E458E143408CB5781DAF154470
:204AC00050EFE2D6E41A4B4492D54D06CFF08044F64AE1C7022DB544B49DD9794378EA4479
:204AE000232D302B2000686C4C00656667454647003031323334353637383941424344456B
:204B000046003031323334353637383961626364656600412D46612D6638393031323334DA
:204B20003536375D002B2D00303000785800FFFF254B0300284B03002B4B0300100000007E
:204B400000000000017A5200027C0E011B0C0D0010000000180000001CA7FFFF10000000CE
:204B6000000000001000000000000000017A5200027C0E011B0C0D00380000001800000047
:204B800010C8FFFF9E00000000510E1084048503860287015BC7C6C5C40E004C0A420B0AE6
:204BA000420B0E10840485038602870151C7C6C5C40E000000000000B486FF7F010000003C
:204BC00080B584B000AF0023FB6000237B60174BB3F884309BB23B604FF49643BB60134B03
:204BE0004FF42A42A3F8842008E0BB68002B02D14FF4FA73FB60BB68013BBB600B4BB3F838
:204C000084309BB2002BF0D13B68012B01D100F0BFFB7B6840F2F512934201D17B68FB605B
:204C2000FB6818461037BD4680BD00BF00E07F4080B584B000AF78607B685B681B78002B7A
:204C40000DD07B685B6893F91130184600F0A8FB7B685B6893F91330184600F0A1FB124B57
:204C6000B3F884309BB2002B02D1786800F09CFB00F01CF8F86000F049F8B860FB68002BF0
:204C800001D1BB68FB60FFF79BFFB860FB68002B01D1BB68FB607B68002283F83420FB6807
:204CA00018461037BD4680BD00E07F4080B483B000AF4FF496437B60124BB3221A7007E0C0
:204CC0007B68002B01D1142315E07B68013B7B600D4BD3F88030C3F3C033DBB2012BEFD1D9
:204CE000094B1B7CC3F30013DBB2002B02D040F2F51300E0002318460C37BD465DF8047BC1
:204D0000704700BF00007E4000E07F4080B483B000AF4FF496437B60124B50221A7007E073
:204D20007B68002B01D1142315E07B68013B7B600D4BD3F88030C3F3C033DBB2012BEFD178
:204D4000094B1B7CC3F30013DBB2002B02D040F2F51300E0002318460C37BD465DF8047B60
:204D6000704700BF00007E4000E07F4080B485B000AFF860B9607A60174AFB689B6A1363BE
:204D8000164B20221A70154BD0221A70FB689A6ABB681A44FB689A62FB681B6B5A1EFB68FF
:204DA0001A637B68002B10D007E07B68002B01D114230BE07B68013B7B60074BD3F88030D8
:204DC000C3F3C033DBB2012BEFD1002318461437BD465DF8047B704700E07F4000007E40FA
:204DE00080B586B000AFF860B9607A607B68002B06D1FB685B6893F91130184600F0D0FA5E
:204E0000314AFB68DB6A1363304BE8221A70BB685A082E4BD2B21A7000237B612AE0FB6872
:204E20001B693B61FB689B6A1A46284B12881A8006E03B695A1E3A61002B01D114233EE0F4
:204E4000214BD3F88030C3F38023DBB2012BF0D0FB689B6A9A1CFB689A62FB68DB6A9A1CBE
:204E6000FB68DA62FB681B6B5A1EFB681A637B6901337B61BB685B087A699A42CFD3134B19
:204E8000D0221A707B68002B11D007E07B68002B01D1142313E07B68013B7B600A4BD3F89C
:204EA0008030C3F3C033DBB2012BEFD106E0FB685B6893F91130184600F066FA0023184618
:204EC0001837BD4680BD00BF00E07F4000007E4080B586B000AFF860B9607A6000237B61C3
:204EE000174B1B7CC3F30013DBB2012B0FD1144BD3F88030C3F38033DBB2012B04D1104B2B
:204F00001B7C0F4B00221A7440F2F5137B610C4BD3F88020BB681340002B01D07B687B61E7
:204F2000FB68002B01D0FB687B617B69002B01D0FFF7BCFE7B6918461837BD4680BD00BFB3
:204F400000E07F4080B485B000AF786039607B689B69BB60194A3B681363194B40221A705B
:204F6000174B08221A700023FB6008E0144A1549FB6831F813301380FB680133FB60FB6842
:204F8000072BF3D90E4BD0221A7007E0BB68002B01D114230BE0BB68013BBB60074BD3F87E
:204FA0008030C3F3C033DBB2012BEFD1002318461437BD465DF8047B704700BF00E07F4067
:204FC00000007E40C809FE1F80B485B000AFF860B9607A60194B4FF6FF721A80174B4FF667
:204FE000FF725A807B689AB2FB689BB2DB039BB213439BB243F4F0439AB2104BDA80BB682B
:205000009BB26FEA43536FEA53539AB20B4B9A800A4B4FF6FF721A81084B4FF6FF725A810F
:20502000064B4FF6FF729A81044B4FF6FF72DA8100BF1437BD465DF8047B7047C809FE1F68
:2050400080B584B000AF78600023FB60786800F07BF8F860FB68002B10D0FB681EE07B6895
:205060009B681A4680217868FFF7BAFEF86018224FF4A041F868FFF72BFFF8607B681B6BA7
:20508000002B02D0FB68002BE9D0FFF799FDB860FB68002B01D1BB68FB60FB681846103742
:2050A000BD4680BD80B588B000AFF860B9607A600023FB61FB68BA689A62FB687A681A6387
:2050C000F86800F041F8F861FB69002B01D0FB6933E01C4B0122A3F8E0201EE0FB689B6A8C
:2050E000B3F5803F06D2FB68DB69BB614FF400537B6105E0FB681B6ABB614FF400437B61F1
:20510000BA697969F868FFF731FEF86119224FF4C041F869FFF7DCFEF861FB681B6B002B8F
:2051200002D0FB69002BD9D0FFF74AFD3861FB69002B01D13B69FB61FB6918462037BD4612
:2051400080BD00BF00E07F4080B584B000AF78600023FB604FF49643BB6000F01DF97B6826
:205160005B681B78002B0DD07B685B6893F91130184600F015F97B685B6893F9133018462F
:2051800000F00EF90C4B4AF60122A3F8842008E0BB68002B02D14FF4FA7309E0BB68013B1E
:2051A000BB60054BB3F884309BB2012BF0D1FB6818461037BD4680BD00E07F4080B588B097
:2051C00000AFF860B9607A60184BD3F8DC30C3F3C073DBB2BB61F868FFF7B6FFF861FB6941
:2051E000002B01D0FB691CE0BB68590B7B685B0B1A46B869FFF7E8FE4AF26011F868FFF723
:20520000A1FEF86118220021F869FFF761FEF861FFF7D6FC7861FB69002B01D17B69FB61EA
:20522000FB6918462037BD4680BD00BF00E07F4080B586B000AF78600B46FB701346BB7085
:205240007868FFF781FF78617B69002B01D07B693BE0BB78002B08D0FB789BB21D4A43F4AC
:20526000CC439BB2A2F8E83026E01A4BD3F8DC30C3F30A039BB23B61164BD3F8DC30C3F344
:205280000A439BB2FB60FB7803F00103002B0CBF01230023DBB2FA6839691846FFF794FEFB
:2052A0004AF260117868FFF74DFE7861182200217869FFF70DFE7861FFF782FCB8607B69C1
:2052C000002B01D1BB687B617B6918461837BD4680BD00BF00E07F4080B58AB000AFF8602D
:2052E000B9601346FB80BB68FB61264BBB61F868FFF72AFF78627B6A002B01D07B6A3CE07A
:2053000000233B6217E0FB88002B07D13B6A9B00BA6913444FF0FF321A6009E03B6A9B0083
:20532000FA691A443B6A9B00B9690B4412681A603B6A01333B623B6A032BE4D9FB88002B53
:2053400006D0104BDA89FB8813439AB20D4BDA814AF25011F868FFF7F5FD786218220021C7
:20536000786AFFF7B5FD7862FFF72AFC78617B6A002B01D17B697B627B6A18462837BD468C
:2053800080BD00BFC809FE1F5FF800F0D57402005FF800F0BD7302005FF800F0A1730200BB
:2053A0005FF800F0357502005FF800F01D7E0200659B02001D9D020000000000B01703008E
:2053C000010201010100FFFF0A000000000010080000000000000000000000000001C200E4
:2053E0000000100800000000000000000000000040004000000010080000000000000000FD
:205400000000000040004000FFFF000000000000000000000000000004000000AF48030010
:20542000AF480300430000000000000000000000000000000000000000000000000000002F
:20544000000000004300000000000000000000000000000000000000000000000000000009
:205460000000000043000000000000000000000000000000000000000000000000000000E9
:205480000000000043000000000000000000000000000000000000000000000000000000C9
:2054A0000000000043000000000000000000000000000000000000000000000000000000A9
:2054C000000000004300000000000000000000000000000000000000000000000000000089
:2054E000000000004300000000000000000000000000000000000000000000000000000069
:2055000000000000D104030033FA020000000000704603000B460300E54A0300E54A030013
:20552000E54A0300E54A0300E54A0300E54A0300E54A0300E54A0300E54A0300FFFFFFFF11
:20554000FFFFFFFFFFFFFFFFFFFF00000100415343494900000000000000000000000000EB
:205560000000000000000000000000000000415343494900000000000000000000000000C2
:2055800000000000000000000000000000000000540BFE1F00000000E046FF1F4847FF1F9E
:2055A000B047FF1F00000000000000000000000000000000000000000000000000000000D6
:2055C0000000000000000000000000000000000000000000000000000000000000000000CB
:2055E00001000000000000004A000000000000000000000000000000000000000000000060
:20560000000000000000000000000000000000004A00000000000000000000000000000040
:205620000000000000000000000000000000000000000000000000004448FF1F69870100CF
:20564000418701000769970010002000B89289AA0228C267DDBBAE0632A66536F514789F9B
:205660000B2B4CD88FF17ACEC53A75FF01002000E30466F6B8470C1F29070B17F1E2D3E926
:205680004D445E3F608087FDC711E4382BB538B622004700304502206495D2F130999A7621
:2056A0006D0B4B06E29C1699E835222A9249DFD5302062624E27570A0221008763D32813F7
:2056C000C8E112B934F830AB9E16F7896694684595A4CE636F481FF74867C6FFFFFFFFFFCD
:2056E000FFFFFFFFFFFFFFFFFFFFFFFFFFFFFFFFFFFFFFFFFFFFFFFFFFFFFFFFFFFFFFFFCA
:20570000FFFFFFFFFFFFFFFFFFFFFFFFFFFFFFFFFFFFFFFFFFFFFFFFFFFFFFFFFFFFFFFFA9
:20572000FFFFFFFFFFFFFFFFFFFFFFFFFFFFFFFFFFFFFFFFFFFFFFFFFFFFFFFFFFFFFFFF89
:20574000FFFFFFFFFFFFFFFFFFFFFFFFFFFFFFFFFFFFFFFFFFFFFFFFFFFFFFFFFFFFFFFF69
:20576000FFFFFFFFFFFFFFFFFFFFFFFFFFFFFFFFFFFFFFFFFFFFFFFFFFFFFFFFFFFFFFFF49
:20578000FFFFFFFFFFFFFFFFFFFFFFFFFFFFFFFFFFFFFFFFFFFFFFFFFFFFFFFFFFFFFFFF29
:2057A000FFFFFFFFFFFFFFFFFFFFFFFFFFFFFFFFFFFFFFFFFFFFFFFFFFFFFFFFFFFFFFFF09
:2057C000FFFFFFFFFFFFFFFFFFFFFFFFFFFFFFFFFFFFFFFFFFFFFFFFFFFFFFFFFFFFFFFFE9
:2057E000FFFFFFFFFFFFFFFFFFFFFFFFFFFFFFFFFFFFFFFFFFFFFFFFFFFFFFFFFFFFFFFFC9
:20580000FFFFFFFFFFFFFFFFFFFFFFFFFFFFFFFFFFFFFFFFFFFFFFFFFFFFFFFFFFFFFFFFA8
:20582000FFFFFFFFFFFFFFFFFFFFFFFFFFFFFFFFFFFFFFFFFFFFFFFFFFFFFFFFFFFFFFFF88
:20584000FFFFFFFFFFFFFFFFFFFFFFFFFFFFFFFFFFFFFFFFFFFFFFFFFFFFFFFFFFFFFFFF68
:20586000FFFFFFFFFFFFFFFFFFFFFFFFFFFFFFFFFFFFFFFFFFFFFFFFFFFFFFFFFFFFFFFF48
:20588000FFFFFFFFFFFFFFFFFFFFFFFFFFFFFFFFFFFFFFFFFFFFFFFFFFFFFFFFFFFFFFFF28
:2058A000FFFFFFFFFFFFFFFFFFFFFFFFFFFFFFFFFFFFFFFFFFFFFFFFFFFFFFFFFFFFFFFF08
:2058C000FFFFFFFFFFFFFFFFFFFFFFFFFFFFFFFFFFFFFFFFFFFFFFFFFFFFFFFFFFFFFFFFE8
:2058E000FFFFFFFFFFFFFFFFFFFFFFFFFFFFFFFFFFFFFFFFFFFFFFFFFFFFFFFFFFFFFFFFC8
:20590000FFFFFFFFFFFFFFFFFFFFFFFFFFFFFFFFFFFFFFFFFFFFFFFFFFFFFFFFFFFFFFFFA7
:20592000FFFFFFFFFFFFFFFFFFFFFFFFFFFFFFFFFFFFFFFFFFFFFFFFFFFFFFFFFFFFFFFF87
:20594000FFFFFFFFFFFFFFFFFFFFFFFFFFFFFFFFFFFFFFFFFFFFFFFFFFFFFFFFFFFFFFFF67
:20596000FFFFFFFFFFFFFFFFFFFFFFFFFFFFFFFFFFFFFFFFFFFFFFFFFFFFFFFFFFFFFFFF47
:20598000FFFFFFFFFFFFFFFFFFFFFFFFFFFFFFFFFFFFFFFFFFFFFFFFFFFFFFFFFFFFFFFF27
:2059A000FFFFFFFFFFFFFFFFFFFFFFFFFFFFFFFFFFFFFFFFFFFFFFFFFFFFFFFFFFFFFFFF07
:2059C000FFFFFFFFFFFFFFFFFFFFFFFFFFFFFFFFFFFFFFFFFFFFFFFFFFFFFFFFFFFFFFFFE7
:2059E000FFFFFFFFFFFFFFFFFFFFFFFFFFFFFFFFFFFFFFFFFFFFFFFFFFFFFFFFFFFFFFFFC7
:205A0000FFFFFFFFFFFFFFFFFFFFFFFFFFFFFFFFFFFFFFFFFFFFFFFFFFFFFFFFFFFFFFFFA6
:205A2000FFFFFFFFFFFFFFFFFFFFFFFFFFFFFFFFFFFFFFFFFFFFFFFFFFFFFFFFFFFFFFFF86
:205A4000FFFFFFFFFFFFFFFFFFFFFFFFFFFFFFFFFFFFFFFFFFFFFFFFFFFFFFFFFFFFFFFF66
:205A6000FFFFFFFFFFFFFFFFFFFFFFFFFFFFFFFFFFFFFFFFFFFFFFFFFFFFFFFFFFFFFFFF46
:205A8000FFFFFFFFFFFFFFFFFFFFFFFFFFFFFFFFFFFFFFFFFFFFFFFFFFFFFFFFFFFFFFFF26
:205AA000FFFFFFFFFFFFFFFFFFFFFFFFFFFFFFFFFFFFFFFFFFFFFFFFFFFFFFFFFFFFFFFF06
:205AC000FFFFFFFFFFFFFFFFFFFFFFFFFFFFFFFFFFFFFFFFFFFFFFFFFFFFFFFFFFFFFFFFE6
:205AE000FFFFFFFFFFFFFFFFFFFFFFFFFFFFFFFFFFFFFFFFFFFFFFFFFFFFFFFFFFFFFFFFC6
:205B0000FFFFFFFFFFFFFFFFFFFFFFFFFFFFFFFFFFFFFFFFFFFFFFFFFFFFFFFFFFFFFFFFA5
:205B2000FFFFFFFFFFFFFFFFFFFFFFFFFFFFFFFFFFFFFFFFFFFFFFFFFFFFFFFFFFFFFFFF85
:205B4000FFFFFFFFFFFFFFFFFFFFFFFFFFFFFFFFFFFFFFFFFFFFFFFFFFFFFFFFFFFFFFFF65
:205B6000FFFFFFFFFFFFFFFFFFFFFFFFFFFFFFFFFFFFFFFFFFFFFFFFFFFFFFFFFFFFFFFF45
:205B8000FFFFFFFFFFFFFFFFFFFFFFFFFFFFFFFFFFFFFFFFFFFFFFFFFFFFFFFFFFFFFFFF25
:205BA000FFFFFFFFFFFFFFFFFFFFFFFFFFFFFFFFFFFFFFFFFFFFFFFFFFFFFFFFFFFFFFFF05
:205BC000FFFFFFFFFFFFFFFFFFFFFFFFFFFFFFFFFFFFFFFFFFFFFFFFFFFFFFFFFFFFFFFFE5
:205BE000FFFFFFFFFFFFFFFFFFFFFFFFFFFFFFFFFFFFFFFFFFFFFFFFFFFFFFFFFFFFFFFFC5
:205C0000FFFFFFFFFFFFFFFFFFFFFFFFFFFFFFFFFFFFFFFFFFFFFFFFFFFFFFFFFFFFFFFFA4
:205C2000FFFFFFFFFFFFFFFFFFFFFFFFFFFFFFFFFFFFFFFFFFFFFFFFFFFFFFFFFFFFFFFF84
:205C4000FFFFFFFFFFFFFFFFFFFFFFFFFFFFFFFFFFFFFFFFFFFFFFFFFFFFFFFFFFFFFFFF64
:205C6000FFFFFFFFFFFFFFFFFFFFFFFFFFFFFFFFFFFFFFFFFFFFFFFFFFFFFFFFFFFFFFFF44
:205C8000FFFFFFFFFFFFFFFFFFFFFFFFFFFFFFFFFFFFFFFFFFFFFFFFFFFFFFFFFFFFFFFF24
:205CA000FFFFFFFFFFFFFFFFFFFFFFFFFFFFFFFFFFFFFFFFFFFFFFFFFFFFFFFFFFFFFFFF04
:205CC000FFFFFFFFFFFFFFFFFFFFFFFFFFFFFFFFFFFFFFFFFFFFFFFFFFFFFFFFFFFFFFFFE4
:205CE000FFFFFFFFFFFFFFFFFFFFFFFFFFFFFFFFFFFFFFFFFFFFFFFFFFFFFFFFFFFFFFFFC4
:205D0000FFFFFFFFFFFFFFFFFFFFFFFFFFFFFFFFFFFFFFFFFFFFFFFFFFFFFFFFFFFFFFFFA3
:205D2000FFFFFFFFFFFFFFFFFFFFFFFFFFFFFFFFFFFFFFFFFFFFFFFFFFFFFFFFFFFFFFFF83
:205D4000FFFFFFFFFFFFFFFFFFFFFFFFFFFFFFFFFFFFFFFFFFFFFFFFFFFFFFFFFFFFFFFF63
:205D6000FFFFFFFFFFFFFFFFFFFFFFFFFFFFFFFFFFFFFFFFFFFFFFFFFFFFFFFFFFFFFFFF43
:205D8000FFFFFFFFFFFFFFFFFFFFFFFFFFFFFFFFFFFFFFFFFFFFFFFFFFFFFFFFFFFFFFFF23
:205DA000FFFFFFFFFFFFFFFFFFFFFFFFFFFFFFFFFFFFFFFFFFFFFFFFFFFFFFFFFFFFFFFF03
:205DC000FFFFFFFFFFFFFFFFFFFFFFFFFFFFFFFFFFFFFFFFFFFFFFFFFFFFFFFFFFFFFFFFE3
:205DE000FFFFFFFFFFFFFFFFFFFFFFFFFFFFFFFFFFFFFFFFFFFFFFFFFFFFFFFFFFFFFFFFC3
:205E0000FFFFFFFFFFFFFFFFFFFFFFFFFFFFFFFFFFFFFFFFFFFFFFFFFFFFFFFFFFFFFFFFA2
:205E2000FFFFFFFFFFFFFFFFFFFFFFFFFFFFFFFFFFFFFFFFFFFFFFFFFFFFFFFFFFFFFFFF82
:205E4000FFFFFFFFFFFFFFFFFFFFFFFFFFFFFFFFFFFFFFFFFFFFFFFFFFFFFFFFFFFFFFFF62
:205E6000FFFFFFFFFFFFFFFFFFFFFFFFFFFFFFFFFFFFFFFFFFFFFFFFFFFFFFFFFFFFFFFF42
:205E8000FFFFFFFFFFFFFFFFFFFFFFFFFFFFFFFFFFFFFFFFFFFFFFFFFFFFFFFFFFFFFFFF22
:205EA000FFFFFFFFFFFFFFFFFFFFFFFFFFFFFFFFFFFFFFFFFFFFFFFFFFFFFFFFFFFFFFFF02
:205EC000FFFFFFFFFFFFFFFFFFFFFFFFFFFFFFFFFFFFFFFFFFFFFFFFFFFFFFFFFFFFFFFFE2
:205EE000FFFFFFFFFFFFFFFFFFFFFFFFFFFFFFFFFFFFFFFFFFFFFFFFFFFFFFFFFFFFFFFFC2
:205F0000FFFFFFFFFFFFFFFFFFFFFFFFFFFFFFFFFFFFFFFFFFFFFFFFFFFFFFFFFFFFFFFFA1
:205F2000FFFFFFFFFFFFFFFFFFFFFFFFFFFFFFFFFFFFFFFFFFFFFFFFFFFFFFFFFFFFFFFF81
:205F4000FFFFFFFFFFFFFFFFFFFFFFFFFFFFFFFFFFFFFFFFFFFFFFFFFFFFFFFFFFFFFFFF61
:205F6000FFFFFFFFFFFFFFFFFFFFFFFFFFFFFFFFFFFFFFFFFFFFFFFFFFFFFFFFFFFFFFFF41
:205F8000FFFFFFFFFFFFFFFFFFFFFFFFFFFFFFFFFFFFFFFFFFFFFFFFFFFFFFFFFFFFFFFF21
:205FA000FFFFFFFFFFFFFFFFFFFFFFFFFFFFFFFFFFFFFFFFFFFFFFFFFFFFFFFFFFFFFFFF01
:205FC000FFFFFFFFFFFFFFFFFFFFFFFFFFFFFFFFFFFFFFFFFFFFFFFFFFFFFFFFFFFFFFFFE1
:205FE000FFFFFFFFFFFFFFFFFFFFFFFFFFFFFFFFFFFFFFFFFFFFFFFFFFFFFFFFFFFFFFFFC1
:20600000FFFFFFFFFFFFFFFFFFFFFFFFFFFFFFFFFFFFFFFFFFFFFFFFFFFFFFFFFFFFFFFFA0
:20602000FFFFFFFFFFFFFFFFFFFFFFFFFFFFFFFFFFFFFFFFFFFFFFFFFFFFFFFFFFFFFFFF80
:20604000FFFFFFFFFFFFFFFFFFFFFFFFFFFFFFFFFFFFFFFFFFFFFFFFFFFFFFFFFFFFFFFF60
:20606000FFFFFFFFFFFFFFFFFFFFFFFFFFFFFFFFFFFFFFFFFFFFFFFFFFFFFFFFFFFFFFFF40
:20608000FFFFFFFFFFFFFFFFFFFFFFFFFFFFFFFFFFFFFFFFFFFFFFFFFFFFFFFFFFFFFFFF20
:2060A000FFFFFFFFFFFFFFFFFFFFFFFFFFFFFFFFFFFFFFFFFFFFFFFFFFFFFFFFFFFFFFFF00
:2060C000FFFFFFFFFFFFFFFFFFFFFFFFFFFFFFFFFFFFFFFFFFFFFFFFFFFFFFFFFFFFFFFFE0
:2060E000FFFFFFFFFFFFFFFFFFFFFFFFFFFFFFFFFFFFFFFFFFFFFFFFFFFFFFFFFFFFFFFFC0
:20610000FFFFFFFFFFFFFFFFFFFFFFFFFFFFFFFFFFFFFFFFFFFFFFFFFFFFFFFFFFFFFFFF9F
:20612000FFFFFFFFFFFFFFFFFFFFFFFFFFFFFFFFFFFFFFFFFFFFFFFFFFFFFFFFFFFFFFFF7F
:20614000FFFFFFFFFFFFFFFFFFFFFFFFFFFFFFFFFFFFFFFFFFFFFFFFFFFFFFFFFFFFFFFF5F
:20616000FFFFFFFFFFFFFFFFFFFFFFFFFFFFFFFFFFFFFFFFFFFFFFFFFFFFFFFFFFFFFFFF3F
:20618000FFFFFFFFFFFFFFFFFFFFFFFFFFFFFFFFFFFFFFFFFFFFFFFFFFFFFFFFFFFFFFFF1F
:2061A000FFFFFFFFFFFFFFFFFFFFFFFFFFFFFFFFFFFFFFFFFFFFFFFFFFFFFFFFFFFFFFFFFF
:2061C000FFFFFFFFFFFFFFFFFFFFFFFFFFFFFFFFFFFFFFFFFFFFFFFFFFFFFFFFFFFFFFFFDF
:2061E000FFFFFFFFFFFFFFFFFFFFFFFFFFFFFFFFFFFFFFFFFFFFFFFFFFFFFFFFFFFFFFFFBF
:20620000FFFFFFFFFFFFFFFFFFFFFFFFFFFFFFFFFFFFFFFFFFFFFFFFFFFFFFFFFFFFFFFF9E
:20622000FFFFFFFFFFFFFFFFFFFFFFFFFFFFFFFFFFFFFFFFFFFFFFFFFFFFFFFFFFFFFFFF7E
:20624000FFFFFFFFFFFFFFFFFFFFFFFFFFFFFFFFFFFFFFFFFFFFFFFFFFFFFFFFFFFFFFFF5E
:20626000FFFFFFFFFFFFFFFFFFFFFFFFFFFFFFFFFFFFFFFFFFFFFFFFFFFFFFFFFFFFFFFF3E
:20628000FFFFFFFFFFFFFFFFFFFFFFFFFFFFFFFFFFFFFFFFFFFFFFFFFFFFFFFFFFFFFFFF1E
:2062A000FFFFFFFFFFFFFFFFFFFFFFFFFFFFFFFFFFFFFFFFFFFFFFFFFFFFFFFFFFFFFFFFFE
:2062C000FFFFFFFFFFFFFFFFFFFFFFFFFFFFFFFFFFFFFFFFFFFFFFFFFFFFFFFFFFFFFFFFDE
:2062E000FFFFFFFFFFFFFFFFFFFFFFFFFFFFFFFFFFFFFFFFFFFFFFFFFFFFFFFFFFFFFFFFBE
:20630000FFFFFFFFFFFFFFFFFFFFFFFFFFFFFFFFFFFFFFFFFFFFFFFFFFFFFFFFFFFFFFFF9D
:20632000FFFFFFFFFFFFFFFFFFFFFFFFFFFFFFFFFFFFFFFFFFFFFFFFFFFFFFFFFFFFFFFF7D
:20634000FFFFFFFFFFFFFFFFFFFFFFFFFFFFFFFFFFFFFFFFFFFFFFFFFFFFFFFFFFFFFFFF5D
:20636000FFFFFFFFFFFFFFFFFFFFFFFFFFFFFFFFFFFFFFFFFFFFFFFFFFFFFFFFFFFFFFFF3D
:20638000FFFFFFFFFFFFFFFFFFFFFFFFFFFFFFFFFFFFFFFFFFFFFFFFFFFFFFFFFFFFFFFF1D
:2063A000FFFFFFFFFFFFFFFFFFFFFFFFFFFFFFFFFFFFFFFFFFFFFFFFFFFFFFFFFFFFFFFFFD
:2063C000FFFFFFFFFFFFFFFFFFFFFFFFFFFFFFFFFFFFFFFFFFFFFFFFFFFFFFFFFFFFFFFFDD
:2063E000FFFFFFFFFFFFFFFFFFFFFFFFFFFFFFFFFFFFFFFFFFFFFFFFFFFFFFFFFFFFFFFFBD
:20640000FFFFFFFFFFFFFFFFFFFFFFFFFFFFFFFFFFFFFFFFFFFFFFFFFFFFFFFFFFFFFFFF9C
:20642000FFFFFFFFFFFFFFFFFFFFFFFFFFFFFFFFFFFFFFFFFFFFFFFFFFFFFFFFFFFFFFFF7C
:20644000FFFFFFFFFFFFFFFFFFFFFFFFFFFFFFFFFFFFFFFFFFFFFFFFFFFFFFFFFFFFFFFF5C
:20646000FFFFFFFFFFFFFFFFFFFFFFFFFFFFFFFFFFFFFFFFFFFFFFFFFFFFFFFFFFFFFFFF3C
:20648000FFFFFFFFFFFFFFFFFFFFFFFFFFFFFFFFFFFFFFFFFFFFFFFFFFFFFFFFFFFFFFFF1C
:2064A000FFFFFFFFFFFFFFFFFFFFFFFFFFFFFFFFFFFFFFFFFFFFFFFFFFFFFFFFFFFFFFFFFC
:2064C000FFFFFFFFFFFFFFFFFFFFFFFFFFFFFFFFFFFFFFFFFFFFFFFFFFFFFFFFFFFFFFFFDC
:2064E000FFFFFFFFFFFFFFFFFFFFFFFFFFFFFFFFFFFFFFFFFFFFFFFFFFFFFFFFFFFFFFFFBC
:20650000FFFFFFFFFFFFFFFFFFFFFFFFFFFFFFFFFFFFFFFFFFFFFFFFFFFFFFFFFFFFFFFF9B
:20652000FFFFFFFFFFFFFFFFFFFFFFFFFFFFFFFFFFFFFFFFFFFFFFFFFFFFFFFFFFFFFFFF7B
:20654000FFFFFFFFFFFFFFFFFFFFFFFFFFFFFFFFFFFFFFFFFFFFFFFFFFFFFFFFFFFFFFFF5B
:20656000FFFFFFFFFFFFFFFFFFFFFFFFFFFFFFFFFFFFFFFFFFFFFFFFFFFFFFFFFFFFFFFF3B
:20658000FFFFFFFFFFFFFFFFFFFFFFFFFFFFFFFFFFFFFFFFFFFFFFFFFFFFFFFFFFFFFFFF1B
:2065A000FFFFFFFFFFFFFFFFFFFFFFFFFFFFFFFFFFFFFFFFFFFFFFFFFFFFFFFFFFFFFFFFFB
:2065C000FFFFFFFFFFFFFFFFFFFFFFFFFFFFFFFFFFFFFFFFFFFFFFFFFFFFFFFFFFFFFFFFDB
:2065E000FFFFFFFFFFFFFFFFFFFFFFFFFFFFFFFFFFFFFFFFFFFFFFFFFFFFFFFFFFFFFFFFBB
:20660000FFFFFFFFFFFFFFFFFFFFFFFFFFFFFFFFFFFFFFFFFFFFFFFFFFFFFFFFFFFFFFFF9A
:20662000FFFFFFFFFFFFFFFFFFFFFFFFFFFFFFFFFFFFFFFFFFFFFFFFFFFFFFFFFFFFFFFF7A
:20664000FFFFFFFFFFFFFFFFFFFFFFFFFFFFFFFFFFFFFFFFFFFFFFFFFFFFFFFFFFFFFFFF5A
:20666000FFFFFFFFFFFFFFFFFFFFFFFFFFFFFFFFFFFFFFFFFFFFFFFFFFFFFFFFFFFFFFFF3A
:20668000FFFFFFFFFFFFFFFFFFFFFFFFFFFFFFFFFFFFFFFFFFFFFFFFFFFFFFFFFFFFFFFF1A
:2066A000FFFFFFFFFFFFFFFFFFFFFFFFFFFFFFFFFFFFFFFFFFFFFFFFFFFFFFFFFFFFFFFFFA
:2066C000FFFFFFFFFFFFFFFFFFFFFFFFFFFFFFFFFFFFFFFFFFFFFFFFFFFFFFFFFFFFFFFFDA
:2066E000FFFFFFFFFFFFFFFFFFFFFFFFFFFFFFFFFFFFFFFFFFFFFFFFFFFFFFFFFFFFFFFFBA
:20670000FFFFFFFFFFFFFFFFFFFFFFFFFFFFFFFFFFFFFFFFFFFFFFFFFFFFFFFFFFFFFFFF99
:20672000FFFFFFFFFFFFFFFFFFFFFFFFFFFFFFFFFFFFFFFFFFFFFFFFFFFFFFFFFFFFFFFF79
:20674000FFFFFFFFFFFFFFFFFFFFFFFFFFFFFFFFFFFFFFFFFFFFFFFFFFFFFFFFFFFFFFFF59
:20676000FFFFFFFFFFFFFFFFFFFFFFFFFFFFFFFFFFFFFFFFFFFFFFFFFFFFFFFFFFFFFFFF39
:20678000FFFFFFFFFFFFFFFFFFFFFFFFFFFFFFFFFFFFFFFFFFFFFFFFFFFFFFFFFFFFFFFF19
:2067A000FFFFFFFFFFFFFFFFFFFFFFFFFFFFFFFFFFFFFFFFFFFFFFFFFFFFFFFFFFFFFFFFF9
:2067C000FFFFFFFFFFFFFFFFFFFFFFFFFFFFFFFFFFFFFFFFFFFFFFFFFFFFFFFFFFFFFFFFD9
:2067E000FFFFFFFFFFFFFFFFFFFFFFFFFFFFFFFFFFFFFFFFFFFFFFFFFFFFFFFFFFFFFFFFB9
:20680000FFFFFFFFFFFFFFFFFFFFFFFFFFFFFFFFFFFFFFFFFFFFFFFFFFFFFFFFFFFFFFFF98
:20682000FFFFFFFFFFFFFFFFFFFFFFFFFFFFFFFFFFFFFFFFFFFFFFFFFFFFFFFFFFFFFFFF78
:20684000FFFFFFFFFFFFFFFFFFFFFFFFFFFFFFFFFFFFFFFFFFFFFFFFFFFFFFFFFFFFFFFF58
:20686000FFFFFFFFFFFFFFFFFFFFFFFFFFFFFFFFFFFFFFFFFFFFFFFFFFFFFFFFFFFFFFFF38
:20688000FFFFFFFFFFFFFFFFFFFFFFFFFFFFFFFFFFFFFFFFFFFFFFFFFFFFFFFFFFFFFFFF18
:2068A000FFFFFFFFFFFFFFFFFFFFFFFFFFFFFFFFFFFFFFFFFFFFFFFFFFFFFFFFFFFFFFFFF8
:2068C000FFFFFFFFFFFFFFFFFFFFFFFFFFFFFFFFFFFFFFFFFFFFFFFFFFFFFFFFFFFFFFFFD8
:2068E000FFFFFFFFFFFFFFFFFFFFFFFFFFFFFFFFFFFFFFFFFFFFFFFFFFFFFFFFFFFFFFFFB8
:20690000FFFFFFFFFFFFFFFFFFFFFFFFFFFFFFFFFFFFFFFFFFFFFFFFFFFFFFFFFFFFFFFF97
:20692000FFFFFFFFFFFFFFFFFFFFFFFFFFFFFFFFFFFFFFFFFFFFFFFFFFFFFFFFFFFFFFFF77
:20694000FFFFFFFFFFFFFFFFFFFFFFFFFFFFFFFFFFFFFFFFFFFFFFFFFFFFFFFFFFFFFFFF57
:20696000FFFFFFFFFFFFFFFFFFFFFFFFFFFFFFFFFFFFFFFFFFFFFFFFFFFFFFFFFFFFFFFF37
:20698000FFFFFFFFFFFFFFFFFFFFFFFFFFFFFFFFFFFFFFFFFFFFFFFFFFFFFFFFFFFFFFFF17
:2069A000FFFFFFFFFFFFFFFFFFFFFFFFFFFFFFFFFFFFFFFFFFFFFFFFFFFFFFFFFFFFFFFFF7
:2069C000FFFFFFFFFFFFFFFFFFFFFFFFFFFFFFFFFFFFFFFFFFFFFFFFFFFFFFFFFFFFFFFFD7
:2069E000FFFFFFFFFFFFFFFFFFFFFFFFFFFFFFFFFFFFFFFFFFFFFFFFFFFFFFFFFFFFFFFFB7
:206A0000FFFFFFFFFFFFFFFFFFFFFFFFFFFFFFFFFFFFFFFFFFFFFFFFFFFFFFFFFFFFFFFF96
:206A2000FFFFFFFFFFFFFFFFFFFFFFFFFFFFFFFFFFFFFFFFFFFFFFFFFFFFFFFFFFFFFFFF76
:206A4000FFFFFFFFFFFFFFFFFFFFFFFFFFFFFFFFFFFFFFFFFFFFFFFFFFFFFFFFFFFFFFFF56
:206A6000FFFFFFFFFFFFFFFFFFFFFFFFFFFFFFFFFFFFFFFFFFFFFFFFFFFFFFFFFFFFFFFF36
:206A8000FFFFFFFFFFFFFFFFFFFFFFFFFFFFFFFFFFFFFFFFFFFFFFFFFFFFFFFFFFFFFFFF16
:206AA000FFFFFFFFFFFFFFFFFFFFFFFFFFFFFFFFFFFFFFFFFFFFFFFFFFFFFFFFFFFFFFFFF6
:206AC000FFFFFFFFFFFFFFFFFFFFFFFFFFFFFFFFFFFFFFFFFFFFFFFFFFFFFFFFFFFFFFFFD6
:206AE000FFFFFFFFFFFFFFFFFFFFFFFFFFFFFFFFFFFFFFFFFFFFFFFFFFFFFFFFFFFFFFFFB6
:206B0000FFFFFFFFFFFFFFFFFFFFFFFFFFFFFFFFFFFFFFFFFFFFFFFFFFFFFFFFFFFFFFFF95
:206B2000FFFFFFFFFFFFFFFFFFFFFFFFFFFFFFFFFFFFFFFFFFFFFFFFFFFFFFFFFFFFFFFF75
:206B4000FFFFFFFFFFFFFFFFFFFFFFFFFFFFFFFFFFFFFFFFFFFFFFFFFFFFFFFFFFFFFFFF55
:206B6000FFFFFFFFFFFFFFFFFFFFFFFFFFFFFFFFFFFFFFFFFFFFFFFFFFFFFFFFFFFFFFFF35
:206B8000FFFFFFFFFFFFFFFFFFFFFFFFFFFFFFFFFFFFFFFFFFFFFFFFFFFFFFFFFFFFFFFF15
:206BA000FFFFFFFFFFFFFFFFFFFFFFFFFFFFFFFFFFFFFFFFFFFFFFFFFFFFFFFFFFFFFFFFF5
:206BC000FFFFFFFFFFFFFFFFFFFFFFFFFFFFFFFFFFFFFFFFFFFFFFFFFFFFFFFFFFFFFFFFD5
:206BE000FFFFFFFFFFFFFFFFFFFFFFFFFFFFFFFFFFFFFFFFFFFFFFFFFFFFFFFFFFFFFFFFB5
:206C0000FFFFFFFFFFFFFFFFFFFFFFFFFFFFFFFFFFFFFFFFFFFFFFFFFFFFFFFFFFFFFFFF94
:206C2000FFFFFFFFFFFFFFFFFFFFFFFFFFFFFFFFFFFFFFFFFFFFFFFFFFFFFFFFFFFFFFFF74
:206C4000FFFFFFFFFFFFFFFFFFFFFFFFFFFFFFFFFFFFFFFFFFFFFFFFFFFFFFFFFFFFFFFF54
:206C6000FFFFFFFFFFFFFFFFFFFFFFFFFFFFFFFFFFFFFFFFFFFFFFFFFFFFFFFFFFFFFFFF34
:206C8000FFFFFFFFFFFFFFFFFFFFFFFFFFFFFFFFFFFFFFFFFFFFFFFFFFFFFFFFFFFFFFFF14
:206CA000FFFFFFFFFFFFFFFFFFFFFFFFFFFFFFFFFFFFFFFFFFFFFFFFFFFFFFFFFFFFFFFFF4
:206CC000FFFFFFFFFFFFFFFFFFFFFFFFFFFFFFFFFFFFFFFFFFFFFFFFFFFFFFFFFFFFFFFFD4
:206CE000FFFFFFFFFFFFFFFFFFFFFFFFFFFFFFFFFFFFFFFFFFFFFFFFFFFFFFFFFFFFFFFFB4
:206D0000FFFFFFFFFFFFFFFFFFFFFFFFFFFFFFFFFFFFFFFFFFFFFFFFFFFFFFFFFFFFFFFF93
:206D2000FFFFFFFFFFFFFFFFFFFFFFFFFFFFFFFFFFFFFFFFFFFFFFFFFFFFFFFFFFFFFFFF73
:206D4000FFFFFFFFFFFFFFFFFFFFFFFFFFFFFFFFFFFFFFFFFFFFFFFFFFFFFFFFFFFFFFFF53
:206D6000FFFFFFFFFFFFFFFFFFFFFFFFFFFFFFFFFFFFFFFFFFFFFFFFFFFFFFFFFFFFFFFF33
:206D8000FFFFFFFFFFFFFFFFFFFFFFFFFFFFFFFFFFFFFFFFFFFFFFFFFFFFFFFFFFFFFFFF13
:206DA000FFFFFFFFFFFFFFFFFFFFFFFFFFFFFFFFFFFFFFFFFFFFFFFFFFFFFFFFFFFFFFFFF3
:206DC000FFFFFFFFFFFFFFFFFFFFFFFFFFFFFFFFFFFFFFFFFFFFFFFFFFFFFFFFFFFFFFFFD3
:206DE000FFFFFFFFFFFFFFFFFFFFFFFFFFFFFFFFFFFFFFFFFFFFFFFFFFFFFFFFFFFFFFFFB3
:206E0000FFFFFFFFFFFFFFFFFFFFFFFFFFFFFFFFFFFFFFFFFFFFFFFFFFFFFFFFFFFFFFFF92
:206E2000FFFFFFFFFFFFFFFFFFFFFFFFFFFFFFFFFFFFFFFFFFFFFFFFFFFFFFFFFFFFFFFF72
:206E4000FFFFFFFFFFFFFFFFFFFFFFFFFFFFFFFFFFFFFFFFFFFFFFFFFFFFFFFFFFFFFFFF52
:206E6000FFFFFFFFFFFFFFFFFFFFFFFFFFFFFFFFFFFFFFFFFFFFFFFFFFFFFFFFFFFFFFFF32
:206E8000FFFFFFFFFFFFFFFFFFFFFFFFFFFFFFFFFFFFFFFFFFFFFFFFFFFFFFFFFFFFFFFF12
:206EA000FFFFFFFFFFFFFFFFFFFFFFFFFFFFFFFFFFFFFFFFFFFFFFFFFFFFFFFFFFFFFFFFF2
:206EC000FFFFFFFFFFFFFFFFFFFFFFFFFFFFFFFFFFFFFFFFFFFFFFFFFFFFFFFFFFFFFFFFD2
:206EE000FFFFFFFFFFFFFFFFFFFFFFFFFFFFFFFFFFFFFFFFFFFFFFFFFFFFFFFFFFFFFFFFB2
:206F0000FFFFFFFFFFFFFFFFFFFFFFFFFFFFFFFFFFFFFFFFFFFFFFFFFFFFFFFFFFFFFFFF91
:206F2000FFFFFFFFFFFFFFFFFFFFFFFFFFFFFFFFFFFFFFFFFFFFFFFFFFFFFFFFFFFFFFFF71
:206F4000FFFFFFFFFFFFFFFFFFFFFFFFFFFFFFFFFFFFFFFFFFFFFFFFFFFFFFFFFFFFFFFF51
:206F6000FFFFFFFFFFFFFFFFFFFFFFFFFFFFFFFFFFFFFFFFFFFFFFFFFFFFFFFFFFFFFFFF31
:206F8000FFFFFFFFFFFFFFFFFFFFFFFFFFFFFFFFFFFFFFFFFFFFFFFFFFFFFFFFFFFFFFFF11
:206FA000FFFFFFFFFFFFFFFFFFFFFFFFFFFFFFFFFFFFFFFFFFFFFFFFFFFFFFFFFFFFFFFFF1
:206FC000FFFFFFFFFFFFFFFFFFFFFFFFFFFFFFFFFFFFFFFFFFFFFFFFFFFFFFFFFFFFFFFFD1
:206FE000FFFFFFFFFFFFFFFFFFFFFFFFFFFFFFFFFFFFFFFFFFFFFFFFFFFFFFFFFFFFFFFFB1
:20700000FFFFFFFFFFFFFFFFFFFFFFFFFFFFFFFFFFFFFFFFFFFFFFFFFFFFFFFFFFFFFFFF90
:20702000FFFFFFFFFFFFFFFFFFFFFFFFFFFFFFFFFFFFFFFFFFFFFFFFFFFFFFFFFFFFFFFF70
:20704000FFFFFFFFFFFFFFFFFFFFFFFFFFFFFFFFFFFFFFFFFFFFFFFFFFFFFFFFFFFFFFFF50
:20706000FFFFFFFFFFFFFFFFFFFFFFFFFFFFFFFFFFFFFFFFFFFFFFFFFFFFFFFFFFFFFFFF30
:20708000FFFFFFFFFFFFFFFFFFFFFFFFFFFFFFFFFFFFFFFFFFFFFFFFFFFFFFFFFFFFFFFF10
:2070A000FFFFFFFFFFFFFFFFFFFFFFFFFFFFFFFFFFFFFFFFFFFFFFFFFFFFFFFFFFFFFFFFF0
:2070C000FFFFFFFFFFFFFFFFFFFFFFFFFFFFFFFFFFFFFFFFFFFFFFFFFFFFFFFFFFFFFFFFD0
:2070E000FFFFFFFFFFFFFFFFFFFFFFFFFFFFFFFFFFFFFFFFFFFFFFFFFFFFFFFFFFFFFFFFB0
:20710000FFFFFFFFFFFFFFFFFFFFFFFFFFFFFFFFFFFFFFFFFFFFFFFFFFFFFFFFFFFFFFFF8F
:20712000FFFFFFFFFFFFFFFFFFFFFFFFFFFFFFFFFFFFFFFFFFFFFFFFFFFFFFFFFFFFFFFF6F
:20714000FFFFFFFFFFFFFFFFFFFFFFFFFFFFFFFFFFFFFFFFFFFFFFFFFFFFFFFFFFFFFFFF4F
:20716000FFFFFFFFFFFFFFFFFFFFFFFFFFFFFFFFFFFFFFFFFFFFFFFFFFFFFFFFFFFFFFFF2F
:20718000FFFFFFFFFFFFFFFFFFFFFFFFFFFFFFFFFFFFFFFFFFFFFFFFFFFFFFFFFFFFFFFF0F
:2071A000FFFFFFFFFFFFFFFFFFFFFFFFFFFFFFFFFFFFFFFFFFFFFFFFFFFFFFFFFFFFFFFFEF
:2071C000FFFFFFFFFFFFFFFFFFFFFFFFFFFFFFFFFFFFFFFFFFFFFFFFFFFFFFFFFFFFFFFFCF
:2071E000FFFFFFFFFFFFFFFFFFFFFFFFFFFFFFFFFFFFFFFFFFFFFFFFFFFFFFFFFFFFFFFFAF
:20720000FFFFFFFFFFFFFFFFFFFFFFFFFFFFFFFFFFFFFFFFFFFFFFFFFFFFFFFFFFFFFFFF8E
:20722000FFFFFFFFFFFFFFFFFFFFFFFFFFFFFFFFFFFFFFFFFFFFFFFFFFFFFFFFFFFFFFFF6E
:20724000FFFFFFFFFFFFFFFFFFFFFFFFFFFFFFFFFFFFFFFFFFFFFFFFFFFFFFFFFFFFFFFF4E
:20726000FFFFFFFFFFFFFFFFFFFFFFFFFFFFFFFFFFFFFFFFFFFFFFFFFFFFFFFFFFFFFFFF2E
:20728000FFFFFFFFFFFFFFFFFFFFFFFFFFFFFFFFFFFFFFFFFFFFFFFFFFFFFFFFFFFFFFFF0E
:2072A000FFFFFFFFFFFFFFFFFFFFFFFFFFFFFFFFFFFFFFFFFFFFFFFFFFFFFFFFFFFFFFFFEE
:2072C000FFFFFFFFFFFFFFFFFFFFFFFFFFFFFFFFFFFFFFFFFFFFFFFFFFFFFFFFFFFFFFFFCE
:2072E000FFFFFFFFFFFFFFFFFFFFFFFFFFFFFFFFFFFFFFFFFFFFFFFFFFFFFFFFFFFFFFFFAE
:20730000FFFFFFFFFFFFFFFFFFFFFFFFFFFFFFFFFFFFFFFFFFFFFFFFFFFFFFFFFFFFFFFF8D
:20732000FFFFFFFFFFFFFFFFFFFFFFFFFFFFFFFFFFFFFFFFFFFFFFFFFFFFFFFFFFFFFFFF6D
:20734000FFFFFFFFFFFFFFFFFFFFFFFFFFFFFFFFFFFFFFFFFFFFFFFFFFFFFFFFFFFFFFFF4D
:20736000FFFFFFFFFFFFFFFFFFFFFFFFFFFFFFFFFFFFFFFFFFFFFFFFFFFFFFFFFFFFFFFF2D
:20738000FFFFFFFFFFFFFFFFFFFFFFFFFFFFFFFFFFFFFFFFFFFFFFFFFFFFFFFFFFFFFFFF0D
:2073A000FFFFFFFFFFFFFFFFFFFFFFFFFFFFFFFFFFFFFFFFFFFFFFFFFFFFFFFFFFFFFFFFED
:2073C000FFFFFFFFFFFFFFFFFFFFFFFFFFFFFFFFFFFFFFFFFFFFFFFFFFFFFFFFFFFFFFFFCD
:2073E000FFFFFFFFFFFFFFFFFFFFFFFFFFFFFFFFFFFFFFFFFFFFFFFFFFFFFFFFFFFFFFFFAD
:20740000FFFFFFFFFFFFFFFFFFFFFFFFFFFFFFFFFFFFFFFFFFFFFFFFFFFFFFFFFFFFFFFF8C
:20742000FFFFFFFFFFFFFFFFFFFFFFFFFFFFFFFFFFFFFFFFFFFFFFFFFFFFFFFFFFFFFFFF6C
:20744000FFFFFFFFFFFFFFFFFFFFFFFFFFFFFFFFFFFFFFFFFFFFFFFFFFFFFFFFFFFFFFFF4C
:20746000FFFFFFFFFFFFFFFFFFFFFFFFFFFFFFFFFFFFFFFFFFFFFFFFFFFFFFFFFFFFFFFF2C
:20748000FFFFFFFFFFFFFFFFFFFFFFFFFFFFFFFFFFFFFFFFFFFFFFFFFFFFFFFFFFFFFFFF0C
:2074A000FFFFFFFFFFFFFFFFFFFFFFFFFFFFFFFFFFFFFFFFFFFFFFFFFFFFFFFFFFFFFFFFEC
:2074C000FFFFFFFFFFFFFFFFFFFFFFFFFFFFFFFFFFFFFFFFFFFFFFFFFFFFFFFFFFFFFFFFCC
:2074E000FFFFFFFFFFFFFFFFFFFFFFFFFFFFFFFFFFFFFFFFFFFFFFFFFFFFFFFFFFFFFFFFAC
:20750000FFFFFFFFFFFFFFFFFFFFFFFFFFFFFFFFFFFFFFFFFFFFFFFFFFFFFFFFFFFFFFFF8B
:20752000FFFFFFFFFFFFFFFFFFFFFFFFFFFFFFFFFFFFFFFFFFFFFFFFFFFFFFFFFFFFFFFF6B
:20754000FFFFFFFFFFFFFFFFFFFFFFFFFFFFFFFFFFFFFFFFFFFFFFFFFFFFFFFFFFFFFFFF4B
:20756000FFFFFFFFFFFFFFFFFFFFFFFFFFFFFFFFFFFFFFFFFFFFFFFFFFFFFFFFFFFFFFFF2B
:20758000FFFFFFFFFFFFFFFFFFFFFFFFFFFFFFFFFFFFFFFFFFFFFFFFFFFFFFFFFFFFFFFF0B
:2075A000FFFFFFFFFFFFFFFFFFFFFFFFFFFFFFFFFFFFFFFFFFFFFFFFFFFFFFFFFFFFFFFFEB
:2075C000FFFFFFFFFFFFFFFFFFFFFFFFFFFFFFFFFFFFFFFFFFFFFFFFFFFFFFFFFFFFFFFFCB
:2075E000FFFFFFFFFFFFFFFFFFFFFFFFFFFFFFFFFFFFFFFFFFFFFFFFFFFFFFFFFFFFFFFFAB
:20760000FFFFFFFFFFFFFFFFFFFFFFFFFFFFFFFFFFFFFFFFFFFFFFFFFFFFFFFFFFFFFFFF8A
:20762000FFFFFFFFFFFFFFFFFFFFFFFFFFFFFFFFFFFFFFFFFFFFFFFFFFFFFFFFFFFFFFFF6A
:20764000FFFFFFFFFFFFFFFFFFFFFFFFFFFFFFFFFFFFFFFFFFFFFFFFFFFFFFFFFFFFFFFF4A
:20766000FFFFFFFFFFFFFFFFFFFFFFFFFFFFFFFFFFFFFFFFFFFFFFFFFFFFFFFFFFFFFFFF2A
:20768000FFFFFFFFFFFFFFFFFFFFFFFFFFFFFFFFFFFFFFFFFFFFFFFFFFFFFFFFFFFFFFFF0A
:2076A000FFFFFFFFFFFFFFFFFFFFFFFFFFFFFFFFFFFFFFFFFFFFFFFFFFFFFFFFFFFFFFFFEA
:2076C000FFFFFFFFFFFFFFFFFFFFFFFFFFFFFFFFFFFFFFFFFFFFFFFFFFFFFFFFFFFFFFFFCA
:2076E000FFFFFFFFFFFFFFFFFFFFFFFFFFFFFFFFFFFFFFFFFFFFFFFFFFFFFFFFFFFFFFFFAA
:20770000FFFFFFFFFFFFFFFFFFFFFFFFFFFFFFFFFFFFFFFFFFFFFFFFFFFFFFFFFFFFFFFF89
:20772000FFFFFFFFFFFFFFFFFFFFFFFFFFFFFFFFFFFFFFFFFFFFFFFFFFFFFFFFFFFFFFFF69
:20774000FFFFFFFFFFFFFFFFFFFFFFFFFFFFFFFFFFFFFFFFFFFFFFFFFFFFFFFFFFFFFFFF49
:20776000FFFFFFFFFFFFFFFFFFFFFFFFFFFFFFFFFFFFFFFFFFFFFFFFFFFFFFFFFFFFFFFF29
:20778000FFFFFFFFFFFFFFFFFFFFFFFFFFFFFFFFFFFFFFFFFFFFFFFFFFFFFFFFFFFFFFFF09
:2077A000FFFFFFFFFFFFFFFFFFFFFFFFFFFFFFFFFFFFFFFFFFFFFFFFFFFFFFFFFFFFFFFFE9
:2077C000FFFFFFFFFFFFFFFFFFFFFFFFFFFFFFFFFFFFFFFFFFFFFFFFFFFFFFFFFFFFFFFFC9
:2077E000FFFFFFFFFFFFFFFFFFFFFFFFFFFFFFFFFFFFFFFFFFFFFFFFFFFFFFFFFFFFFFFFA9
:20780000FFFFFFFFFFFFFFFFFFFFFFFFFFFFFFFFFFFFFFFFFFFFFFFFFFFFFFFFFFFFFFFF88
:20782000FFFFFFFFFFFFFFFFFFFFFFFFFFFFFFFFFFFFFFFFFFFFFFFFFFFFFFFFFFFFFFFF68
:20784000FFFFFFFFFFFFFFFFFFFFFFFFFFFFFFFFFFFFFFFFFFFFFFFFFFFFFFFFFFFFFFFF48
:20786000FFFFFFFFFFFFFFFFFFFFFFFFFFFFFFFFFFFFFFFFFFFFFFFFFFFFFFFFFFFFFFFF28
:20788000FFFFFFFFFFFFFFFFFFFFFFFFFFFFFFFFFFFFFFFFFFFFFFFFFFFFFFFFFFFFFFFF08
:2078A000FFFFFFFFFFFFFFFFFFFFFFFFFFFFFFFFFFFFFFFFFFFFFFFFFFFFFFFFFFFFFFFFE8
:2078C000FFFFFFFFFFFFFFFFFFFFFFFFFFFFFFFFFFFFFFFFFFFFFFFFFFFFFFFFFFFFFFFFC8
:2078E000FFFFFFFFFFFFFFFFFFFFFFFFFFFFFFFFFFFFFFFFFFFFFFFFFFFFFFFFFFFFFFFFA8
:20790000FFFFFFFFFFFFFFFFFFFFFFFFFFFFFFFFFFFFFFFFFFFFFFFFFFFFFFFFFFFFFFFF87
:20792000FFFFFFFFFFFFFFFFFFFFFFFFFFFFFFFFFFFFFFFFFFFFFFFFFFFFFFFFFFFFFFFF67
:20794000FFFFFFFFFFFFFFFFFFFFFFFFFFFFFFFFFFFFFFFFFFFFFFFFFFFFFFFFFFFFFFFF47
:20796000FFFFFFFFFFFFFFFFFFFFFFFFFFFFFFFFFFFFFFFFFFFFFFFFFFFFFFFFFFFFFFFF27
:20798000FFFFFFFFFFFFFFFFFFFFFFFFFFFFFFFFFFFFFFFFFFFFFFFFFFFFFFFFFFFFFFFF07
:2079A000FFFFFFFFFFFFFFFFFFFFFFFFFFFFFFFFFFFFFFFFFFFFFFFFFFFFFFFFFFFFFFFFE7
:2079C000FFFFFFFFFFFFFFFFFFFFFFFFFFFFFFFFFFFFFFFFFFFFFFFFFFFFFFFFFFFFFFFFC7
:2079E000FFFFFFFFFFFFFFFFFFFFFFFFFFFFFFFFFFFFFFFFFFFFFFFFFFFFFFFFFFFFFFFFA7
:207A0000FFFFFFFFFFFFFFFFFFFFFFFFFFFFFFFFFFFFFFFFFFFFFFFFFFFFFFFFFFFFFFFF86
:207A2000FFFFFFFFFFFFFFFFFFFFFFFFFFFFFFFFFFFFFFFFFFFFFFFFFFFFFFFFFFFFFFFF66
:207A4000FFFFFFFFFFFFFFFFFFFFFFFFFFFFFFFFFFFFFFFFFFFFFFFFFFFFFFFFFFFFFFFF46
:207A6000FFFFFFFFFFFFFFFFFFFFFFFFFFFFFFFFFFFFFFFFFFFFFFFFFFFFFFFFFFFFFFFF26
:207A8000FFFFFFFFFFFFFFFFFFFFFFFFFFFFFFFFFFFFFFFFFFFFFFFFFFFFFFFFFFFFFFFF06
:207AA000FFFFFFFFFFFFFFFFFFFFFFFFFFFFFFFFFFFFFFFFFFFFFFFFFFFFFFFFFFFFFFFFE6
:207AC000FFFFFFFFFFFFFFFFFFFFFFFFFFFFFFFFFFFFFFFFFFFFFFFFFFFFFFFFFFFFFFFFC6
:207AE000FFFFFFFFFFFFFFFFFFFFFFFFFFFFFFFFFFFFFFFFFFFFFFFFFFFFFFFFFFFFFFFFA6
:207B0000FFFFFFFFFFFFFFFFFFFFFFFFFFFFFFFFFFFFFFFFFFFFFFFFFFFFFFFFFFFFFFFF85
:207B2000FFFFFFFFFFFFFFFFFFFFFFFFFFFFFFFFFFFFFFFFFFFFFFFFFFFFFFFFFFFFFFFF65
:207B4000FFFFFFFFFFFFFFFFFFFFFFFFFFFFFFFFFFFFFFFFFFFFFFFFFFFFFFFFFFFFFFFF45
:207B6000FFFFFFFFFFFFFFFFFFFFFFFFFFFFFFFFFFFFFFFFFFFFFFFFFFFFFFFFFFFFFFFF25
:207B8000FFFFFFFFFFFFFFFFFFFFFFFFFFFFFFFFFFFFFFFFFFFFFFFFFFFFFFFFFFFFFFFF05
:207BA000FFFFFFFFFFFFFFFFFFFFFFFFFFFFFFFFFFFFFFFFFFFFFFFFFFFFFFFFFFFFFFFFE5
:207BC000FFFFFFFFFFFFFFFFFFFFFFFFFFFFFFFFFFFFFFFFFFFFFFFFFFFFFFFFFFFFFFFFC5
:207BE000FFFFFFFFFFFFFFFFFFFFFFFFFFFFFFFFFFFFFFFFFFFFFFFFFFFFFFFFFFFFFFFFA5
:207C0000FFFFFFFFFFFFFFFFFFFFFFFFFFFFFFFFFFFFFFFFFFFFFFFFFFFFFFFFFFFFFFFF84
:207C2000FFFFFFFFFFFFFFFFFFFFFFFFFFFFFFFFFFFFFFFFFFFFFFFFFFFFFFFFFFFFFFFF64
:207C4000FFFFFFFFFFFFFFFFFFFFFFFFFFFFFFFFFFFFFFFFFFFFFFFFFFFFFFFFFFFFFFFF44
:207C6000FFFFFFFFFFFFFFFFFFFFFFFFFFFFFFFFFFFFFFFFFFFFFFFFFFFFFFFFFFFFFFFF24
:207C8000FFFFFFFFFFFFFFFFFFFFFFFFFFFFFFFFFFFFFFFFFFFFFFFFFFFFFFFFFFFFFFFF04
:207CA000FFFFFFFFFFFFFFFFFFFFFFFFFFFFFFFFFFFFFFFFFFFFFFFFFFFFFFFFFFFFFFFFE4
:207CC000FFFFFFFFFFFFFFFFFFFFFFFFFFFFFFFFFFFFFFFFFFFFFFFFFFFFFFFFFFFFFFFFC4
:207CE000FFFFFFFFFFFFFFFFFFFFFFFFFFFFFFFFFFFFFFFFFFFFFFFFFFFFFFFFFFFFFFFFA4
:207D0000FFFFFFFFFFFFFFFFFFFFFFFFFFFFFFFFFFFFFFFFFFFFFFFFFFFFFFFFFFFFFFFF83
:207D2000FFFFFFFFFFFFFFFFFFFFFFFFFFFFFFFFFFFFFFFFFFFFFFFFFFFFFFFFFFFFFFFF63
:207D4000FFFFFFFFFFFFFFFFFFFFFFFFFFFFFFFFFFFFFFFFFFFFFFFFFFFFFFFFFFFFFFFF43
:207D6000FFFFFFFFFFFFFFFFFFFFFFFFFFFFFFFFFFFFFFFFFFFFFFFFFFFFFFFFFFFFFFFF23
:207D8000FFFFFFFFFFFFFFFFFFFFFFFFFFFFFFFFFFFFFFFFFFFFFFFFFFFFFFFFFFFFFFFF03
:207DA000FFFFFFFFFFFFFFFFFFFFFFFFFFFFFFFFFFFFFFFFFFFFFFFFFFFFFFFFFFFFFFFFE3
:207DC000FFFFFFFFFFFFFFFFFFFFFFFFFFFFFFFFFFFFFFFFFFFFFFFFFFFFFFFFFFFFFFFFC3
:207DE000FFFFFFFFFFFFFFFFFFFFFFFFFFFFFFFFFFFFFFFFFFFFFFFFFFFFFFFFFFFFFFFFA3
:207E0000FFFFFFFFFFFFFFFFFFFFFFFFFFFFFFFFFFFFFFFFFFFFFFFFFFFFFFFFFFFFFFFF82
:207E2000FFFFFFFFFFFFFFFFFFFFFFFFFFFFFFFFFFFFFFFFFFFFFFFFFFFFFFFFFFFFFFFF62
:207E4000FFFFFFFFFFFFFFFFFFFFFFFFFFFFFFFFFFFFFFFFFFFFFFFFFFFFFFFFFFFFFFFF42
:207E6000FFFFFFFFFFFFFFFFFFFFFFFFFFFFFFFFFFFFFFFFFFFFFFFFFFFFFFFFFFFFFFFF22
:207E8000FFFFFFFFFFFFFFFFFFFFFFFFFFFFFFFFFFFFFFFFFFFFFFFFFFFFFFFFFFFFFFFF02
:207EA000FFFFFFFFFFFFFFFFFFFFFFFFFFFFFFFFFFFFFFFFFFFFFFFFFFFFFFFFFFFFFFFFE2
:207EC000FFFFFFFFFFFFFFFFFFFFFFFFFFFFFFFFFFFFFFFFFFFFFFFFFFFFFFFFFFFFFFFFC2
:207EE000FFFFFFFFFFFFFFFFFFFFFFFFFFFFFFFFFFFFFFFFFFFFFFFFFFFFFFFFFFFFFFFFA2
:207F0000FFFFFFFFFFFFFFFFFFFFFFFFFFFFFFFFFFFFFFFFFFFFFFFFFFFFFFFFFFFFFFFF81
:207F2000FFFFFFFFFFFFFFFFFFFFFFFFFFFFFFFFFFFFFFFFFFFFFFFFFFFFFFFFFFFFFFFF61
:207F4000FFFFFFFFFFFFFFFFFFFFFFFFFFFFFFFFFFFFFFFFFFFFFFFFFFFFFFFFFFFFFFFF41
:207F6000FFFFFFFFFFFFFFFFFFFFFFFFFFFFFFFFFFFFFFFFFFFFFFFFFFFFFFFFFFFFFFFF21
:207F8000FFFFFFFFFFFFFFFFFFFFFFFFFFFFFFFFFFFFFFFFFFFFFFFFFFFFFFFFFFFFFFFF01
:207FA000FFFFFFFFFFFFFFFFFFFFFFFFFFFFFFFFFFFFFFFFFFFFFFFFFFFFFFFFFFFFFFFFE1
:207FC000FFFFFFFFFFFFFFFFFFFFFFFFFFFFFFFFFFFFFFFFFFFFFFFFFFFFFFFFFFFFFFFFC1
:207FE000FFFFFFFFFFFFFFFFFFFFFFFFFFFFFFFF80002DE15D29410B8D77679C110F1F8A61
:020000040100F9
:10A15000FFFFFFFFFFFFFFFFFFFFFFFFFFFFFFFF0F
:0400000500002A2DA0
:00000001FF
